18543
17425
31912
13099
1735
7878
30158
19811
17312
28980
25109
25437
25029
9741
2099
19592
6200
8282
26336
21833
26648
27081
31197
32753
10696
6984
20533
20972
30030
13266
22467
314
27129
20873
500
5668
6471
262
9678
21799
6405
5869
17201
1333
184
18372
2909
26141
22076
29189
21173
27463
11691
20081
20419
3748
129
31400
19323
20453
32765
4599
9924
13291
26314
18545
22836
22655
3550
15425
19739
28740
18595
28990
15556
15081
19540
10944
29943
19875
9898
6066
8386
16347
1977
1257
634
4132
25364
2484
15868
21871
11320
25269
6200
4226
12840
28399
20465
12710
24148
799
29630
9888
23231
1872
22869
1251
25441
4778
6664
9220
18123
31115
14480
15470
23049
473
21514
24151
25548
12694
3135
21747
17097
27572
31528
18919
21340
20267
26546
15616
22641
3146
5566
9253
27556
9290
22380
18314
14503
18217
17305
11815
2020
17334
13734
11881
23652
15848
31355
30503
10480
8051
20172
9431
24694
30365
4763
14082
26030
14158
22015
31221
7676
4711
8995
14522
11161
22357
10641
19270
4846
5094
11953
21748
20288
26203
26508
18226
6802
13758
8150
31866
27847
17526
21036
32645
30216
20760
5530
21179
6245
14720
1120
19437
9407
21537
32758
22598
24293
29593
30285
15487
3325
18568
3160
9555
5670
5539
20939
7219
29787
27140
25123
13370
32154
21956
5862
867
18502
19660
12076
15354
11979
11240
4190
31312
13952
5150
1086
6835
24017
4157
6183
11165
5533
14520
406
20524
27101
18869
11242
9938
7559
24418
21352
2126
15794
19592
20866
13019
28666
16226
32345
13735
32806
10415
19328
12422
28936
6406
31747
15336
5285
2154
7592
3337
28566
15390
10100
10855
27566
16058
24945
17529
7645
7807
31151
1694
9044
26088
27273
29780
23018
641
5673
9898
30655
3580
15183
32248
17951
11650
10061
7117
937
31559
18775
14633
12720
11873
2809
11500
20705
29914
4585
13967
20774
13316
20223
24850
14539
8972
32386
4661
18144
29650
32165
6635
5342
32248
6481
22028
31629
8250
14885
15946
16164
19453
4540
27750
18098
28458
11566
29860
25278
12348
4313
8828
26410
12440
16737
28050
7262
18717
24053
15080
19362
29949
12244
15954
27338
24267
21264
4139
11033
17365
23698
19271
28512
8627
8543
18216
28006
25120
794
17013
32396
30985
26057
4519
25521
10468
13020
9734
32852
24899
3435
32980
20728
27561
7103
26312
8397
23196
2580
26558
17036
28411
10909
3756
20643
26514
22217
19928
14482
28396
30149
31560
5525
7016
19522
29050
7811
13711
31096
10326
10998
14501
17770
23137
5036
16766
9324
2611
29229
24468
5091
31787
942
31830
13389
30817
13110
19650
17537
26844
3839
33077
25143
10246
11551
10114
13258
4956
17255
29506
24381
13930
30348
24684
29309
8695
9348
25638
8421
17277
11827
8154
31239
20700
1095
19083
32170
7246
31585
17514
12559
25758
11125
2212
6521
30101
24179
29055
16363
11446
21031
677
8756
13867
20830
11711
13609
5630
26698
17734
23602
20876
14375
4502
31240
19767
11807
15429
32444
12892
8555
1458
5884
29061
7356
30945
24722
13535
22233
4486
18477
22254
7817
2143
29796
12671
15795
14791
25080
22750
6084
23177
5465
5962
1873
28402
1388
15526
16126
14378
9100
5745
12702
3012
9423
9208
17819
18835
28810
23242
22424
25535
22551
3949
20566
11545
31701
22095
20948
25004
33137
28927
16315
7572
32612
7069
9976
13844
16829
20112
18603
10466
19489
18550
19520
5573
15632
29793
23771
30306
30313
32832
13818
2131
12081
14235
25430
7546
21136
30340
14346
18069
20508
18634
16630
3090
16731
2415
13926
10532
2178
5724
12527
32022
19587
27732
9626
9952
30279
16167
27973
32504
4920
25128
23365
25450
16643
5344
10064
2603
1692
2052
11931
19882
16002
11941
20543
10153
30276
12199
26849
20043
26436
2932
12690
10094
27835
18929
1524
1594
6909
17586
21918
26362
23551
24938
17602
7467
13590
20645
16397
10195
6657
9401
1999
8213
28970
21753
30300
30209
11561
33069
1458
28593
8074
2367
22620
7825
26832
19767
18838
16126
10681
10601
18609
13843
22980
749
953
8639
26353
30800
9558
12059
712
2697
10736
11003
16540
21039
4118
32964
26897
5353
26657
7037
9948
20261
1812
23848
28874
1549
24775
8274
21764
30134
19781
30697
2449
28571
15730
8526
26140
32075
8945
23723
11000
7006
3908
8071
14689
8365
20021
21911
8453
9667
32629
9175
9923
32910
29572
25050
10418
10330
20432
15710
869
5633
15905
15396
23661
29787
11060
4095
30240
13564
22694
28970
28825
23839
17941
29406
7168
7901
13697
1572
16396
4771
20216
7913
31941
9442
10098
12112
10383
3080
12026
27980
20324
23216
18958
5741
14177
33301
6729
9722
3716
22733
14911
12609
9652
31156
28841
24107
23809
3878
7874
10259
9518
24177
28144
26328
14956
10121
32935
19505
31849
11518
10890
19265
1929
30764
29652
7788
29555
11698
27639
24424
23248
1573
3971
26007
4175
16133
17736
24212
9453
6127
14015
21772
9075
12309
1958
6607
9536
22508
12523
17190
9288
11044
33483
13928
11869
1757
4667
28616
23982
12312
5511
31857
14989
15979
29753
23253
27253
7930
3644
13633
20555
17314
32321
10933
33252
21111
23394
6644
14024
26993
15877
8919
5173
19042
3076
20966
31335
33579
20491
10793
14103
26160
8257
33084
16706
26377
22570
24994
25131
12155
10700
26459
28579
32934
18960
19129
31624
13439
15468
3439
7308
29569
33215
32235
13367
29344
11900
1254
22064
19839
11275
28985
13496
20706
10604
13810
13943
18790
32542
20135
6523
10864
2623
15882
18302
8547
17140
23230
16231
26902
4619
24169
14356
29061
10719
27403
24663
12230
26236
31374
24638
10815
30980
27806
32664
5399
25170
9914
5556
4842
32988
31371
9836
28097
13790
18037
20578
23617
26037
1133
28810
10018
22408
15114
7913
17123
14382
1246
26780
12732
17484
8710
27419
16853
23998
18432
13503
31669
4153
9149
3714
21757
18734
16887
4871
31574
18161
20933
14042
19368
33562
30061
9720
18829
7212
5497
6802
11013
33396
27149
4366
19563
27700
11895
32079
8359
21761
13064
25910
29094
3178
16674
1128
1287
6106
1427
23890
30999
27584
29985
23403
28160
16364
24422
27321
20285
33596
9183
10391
20817
12921
15679
4533
30649
5756
5897
20832
14111
11669
24925
5636
2000
17453
22290
3823
31856
32937
10758
30551
12525
26258
2482
21151
9649
5363
30722
15830
23324
17411
24675
31361
16689
17924
9501
5786
20367
3947
5859
21976
22947
2625
2728
16433
29469
14537
33205
31134
30880
27491
6137
18206
4286
3504
11424
25853
14627
20215
30951
4694
13328
10696
2350
30167
27148
3807
19534
16324
5078
14154
11566
11582
16541
25039
27281
20678
3187
32648
8498
17405
6912
5072
15379
9901
10867
19299
16146
3853
21182
3776
8125
20289
17667
5074
8295
13345
8009
13008
24956
8507
10356
33378
7441
11803
2164
32517
16575
10442
20668
16816
22962
8596
26870
2488
1789
25614
13301
7665
26160
33112
33003
18710
11821
20384
7388
30058
27703
33511
6226
11168
5964
17160
5459
30968
28085
25334
12688
32940
20699
7493
24799
15498
4956
31212
19435
12514
27998
16713
1834
6050
2852
8293
13840
18112
27103
25210
28291
21976
30406
25522
28814
18199
9320
8498
1625
14167
27201
2647
8281
22923
25228
30527
33220
16734
31321
26764
4424
16663
26591
29796
8700
24256
23315
1212
18583
9351
7290
19159
4320
20580
3643
3081
10085
9980
17272
11201
19312
28102
8670
5831
7479
20588
16763
29633
7251
13684
32464
15612
27251
17951
29480
10089
9810
11665
18216
31462
29414
21299
5030
16319
32475
5206
17599
25973
8255
16665
13091
18110
22655
24716
26548
11980
21650
32789
15696
17362
15732
4627
21738
31429
27862
8130
4064
30816
23060
21087
33928
33642
21351
6028
8460
27707
22364
25845
28793
3453
8836
24372
13842
18992
17773
26610
21226
11504
22226
22351
10674
3195
5647
25732
29903
22894
4567
33223
17072
31055
10025
12144
3166
21200
27776
2649
6740
28498
23883
6538
11154
21929
22940
7958
4845
33311
20004
28736
16041
8123
6239
6370
24137
26307
31500
19984
6822
17535
14048
29688
5183
12352
7035
15116
7120
20897
9371
6244
22822
23565
30608
7517
21553
17281
21744
29319
5211
11923
21131
31166
18968
18868
29089
23446
14014
24498
25939
33789
18072
23425
7512
21019
4405
5946
26865
32637
13318
7268
17951
33395
15145
14707
12563
28598
3199
4238
2022
8014
2308
33685
22154
6323
22624
8547
7937
2611
4793
30800
29132
20371
15564
29178
27303
19449
19004
7238
25971
6922
6697
33697
32628
23887
8709
33420
14524
9181
15011
10839
18919
16181
17297
10540
33289
30057
4264
20816
16613
25472
21985
9638
24928
3612
34155
3957
10293
25946
21498
8554
2793
16378
22369
3041
25346
4544
29539
9824
24948
24857
2246
12900
22108
16386
6826
15201
8432
19494
24089
14340
23478
31302
26591
20667
6389
12510
27804
28535
17258
30214
18199
31921
30523
13462
14549
28075
26417
23693
6379
2040
8737
25268
25872
32318
19627
25470
26870
19003
8999
27955
28635
26630
22493
13645
13403
22167
8564
15651
33416
33162
3502
10692
16444
30752
27730
21286
20398
5511
26217
20096
32836
32347
5548
30708
33192
5996
12350
16241
3358
22978
7319
15576
14613
10206
33216
20317
11003
2115
10182
19505
6998
26933
15465
32862
24593
20929
20500
2546
28947
9213
7954
19551
6935
21649
31486
33826
21687
15222
26747
15779
27081
25086
17702
13148
28911
29205
2505
22334
16234
10950
31954
2896
20271
32257
26883
19866
19261
15259
11370
23361
13869
28054
13204
3827
24331
18851
13566
32389
6244
23525
16588
7131
26016
20216
30909
23817
4754
30002
33887
12215
26958
30504
5503
15306
31291
19316
4324
14657
10857
23478
12093
23900
31780
31449
10839
8964
17865
4248
19091
29287
19160
7744
26776
27619
27467
32951
14149
23077
23846
5053
27113
3986
9296
6770
2743
13029
15521
4376
5492
16154
10812
19483
10867
14988
25631
2126
28099
26970
19704
20600
26279
32526
11834
23567
29510
4993
26993
19267
9380
24313
21459
25663
5841
33173
28695
13739
6497
23019
31370
17013
15387
12015
31583
6865
5110
12567
21318
1662
19521
5820
30273
9291
22561
22468
18611
8923
22592
19582
21178
30373
2244
13261
15807
12606
19326
25737
20556
24027
8804
11810
23581
1810
11842
11398
21113
18912
34220
4933
29379
6640
30775
13299
18252
6938
4585
17359
25707
13355
29421
9377
7632
16100
20363
13545
9749
31045
11352
27445
19606
7179
10922
16595
19843
14967
31055
12200
26675
20305
15743
18272
12219
6957
2062
7624
18880
14317
10982
7799
3977
34183
33461
32180
17752
21512
2275
21140
23547
28377
16839
7267
28830
27969
23322
14149
32483
27692
3756
33821
31029
5419
7509
18350
15193
5819
30255
34049
2885
29130
24066
22278
7222
16503
11008
3453
18429
23066
26803
4375
29337
30852
30771
21209
19467
17032
32924
19138
25702
24506
17343
18861
17958
31094
11032
8825
2754
19748
8449
28262
7557
13243
2596
28866
8345
17028
29494
24006
10341
26913
18147
2235
16665
12493
8196
15712
29318
32997
3096
18576
13876
3240
20978
29728
5038
20027
4271
31239
22305
13039
19179
12993
5669
23751
12853
33525
30427
7477
18111
19541
27960
3365
8026
26053
25248
26172
28066
24256
31671
33122
4726
4600
28788
7806
22188
19261
10871
22912
7170
33952
7580
28837
6743
32472
3792
16374
32027
14565
15651
5651
29956
2803
8479
17966
4610
26752
13912
7002
31094
3521
33605
4358
19615
7234
21326
29892
21332
27342
22310
21840
16121
3214
8027
25293
6572
21364
9516
9297
13759
20955
21914
9892
12651
8039
21186
2117
25282
25907
24425
34478
16358
29995
10457
28889
6009
28854
25324
8963
11604
17049
27238
28592
3964
28696
24967
6639
14161
34141
31457
17631
19209
8478
26216
31858
4957
25467
5320
15217
31106
17445
17659
4801
8539
5061
4122
21988
29677
11420
26483
28866
11795
5734
14557
19114
18291
8581
11592
23188
17840
15707
13720
20649
20450
3576
22964
30981
5699
34037
32217
15291
25130
33183
4661
24089
25150
15449
24753
26926
34531
33083
27918
22922
33529
32255
6963
31813
17606
10014
4037
7491
31536
30774
32505
27317
31536
5039
23974
12771
6531
34206
10399
22826
19619
11753
13887
15168
10997
5549
17989
18368
6468
13276
17378
3298
15726
25899
28177
3721
2397
6955
23079
3716
29241
34485
33963
10765
10204
16780
25703
28822
24711
15166
13247
22470
3283
27979
25666
12478
2026
6793
28799
33440
6134
7623
32794
28242
21210
2993
4639
32639
15137
11252
8597
3807
10547
3490
30807
6585
21711
15063
9247
12966
4789
20381
16868
28567
6819
30733
4966
31001
27011
6583
4871
7896
5091
11332
31196
5474
7333
34138
27652
16686
9208
7104
16184
13021
33415
34243
4004
14527
9456
14040
5877
10649
15223
16514
31156
19622
4604
6774
32466
33499
9258
13822
25988
5487
16882
24731
19793
19867
22583
14830
25704
14751
12747
16600
20536
17157
17563
15329
33851
31273
24358
32982
31506
15097
18996
24502
34263
3834
12996
13520
9647
28812
28742
26149
9118
21358
31498
20499
23200
5764
9977
25909
26613
17112
30339
34181
13756
15328
6616
20675
5059
17663
28251
30747
21150
32845
4691
21250
5366
19099
24804
15201
19236
6322
27199
29941
3326
14812
15381
9205
17905
9126
3665
5878
26449
10979
10246
26637
5356
19956
4262
14643
32741
29767
24950
4077
25536
18206
19262
5164
22969
34706
9285
13937
30298
34263
4732
33078
25932
7617
9722
6538
30574
23687
30632
13051
22308
13256
8254
31416
22258
24011
7022
15863
3657
22283
27486
20373
14496
4339
4188
28924
2759
16870
10446
16970
29304
30338
19815
32176
29744
18470
32161
33303
6972
23729
12391
28938
12311
5005
23825
25552
10483
33773
4246
31704
34966
12370
25341
21083
8039
4948
24853
2876
25289
27039
15974
3891
20135
23868
25447
12586
34128
30226
11250
17127
8582
29612
27124
23788
28369
29756
32873
23963
31770
3296
10888
25502
15476
14117
17210
18310
10813
14282
8401
22706
8294
25286
22775
24947
24079
24715
32996
13933
26711
22669
15829
21825
15986
9470
14777
22121
5116
29660
20525
13923
34188
31022
34730
14865
31629
5771
11005
29280
12105
7131
5880
9000
34375
34146
4200
4435
14295
23290
13895
31810
28907
5279
25650
18028
27176
10289
6429
4424
9277
9334
13893
20590
15988
32095
10854
6137
7046
28044
23854
10799
18612
4369
28402
34916
23315
7547
8353
2843
14120
23310
30710
17775
30388
17233
29681
14257
24785
26829
25991
5459
10302
3089
16537
8708
25592
33273
31011
27165
30218
20272
16566
23100
21669
7412
14376
31278
26995
27417
27018
20243
31529
9041
7770
10428
21852
29098
26106
24152
8853
34392
24673
15952
11431
9397
8465
13679
30528
9094
15944
28998
26815
17024
24699
33231
30021
30987
26112
15952
32783
8773
28427
29058
26371
10826
26075
4339
27784
8371
22325
33705
29595
21596
12050
15368
16928
23659
11669
10486
15733
12941
10303
16956
21837
17027
27494
13359
4284
4830
20451
28305
29070
27398
22796
6834
8669
6785
28386
15578
8163
17778
34955
34027
23564
23136
23298
4675
32079
5433
24589
12000
16319
13207
18799
17863
8541
15937
13407
6310
20785
3061
12602
30904
5273
24933
29557
34537
5856
21119
15829
16187
22290
18673
24290
21352
10255
21485
20889
6345
30431
9513
22113
3446
19269
24363
6208
14511
13975
6339
12879
27258
9420
14809
10603
7822
17367
5480
11822
34416
30004
25803
15133
32476
32192
34872
25379
29798
26573
12426
25663
31585
19318
22083
21113
7936
28976
8657
28442
11195
33442
10512
32796
30964
15799
9745
15328
30171
24049
2842
7455
32143
12288
6125
13091
13958
33683
21581
16951
33070
28526
5055
18524
14804
7100
26254
14909
20934
34471
7185
3173
33716
30503
14896
23728
10076
4631
3621
20479
26727
17806
14976
30768
25741
32364
26222
22094
29952
23603
29242
19716
9992
22297
21780
5976
10218
3163
34834
6038
10255
9427
8820
4745
31074
35277
2860
10993
27898
23575
25502
12594
13305
24919
4004
6986
18356
23457
32469
14597
7444
32585
6919
30836
10044
31478
32786
20123
28011
17912
24791
6250
14372
10460
15745
34799
6541
13373
20235
29129
21782
6621
19459
3808
27226
7156
27277
34387
18250
34503
17322
21426
25992
26749
31674
23918
22289
31534
21568
20365
34335
30014
2790
3746
11342
13289
10689
22269
17661
29726
11477
23583
32503
3473
8412
31857
29011
25612
8003
23861
6040
33541
19318
33468
22821
6006
13661
14553
8144
15337
17702
24471
16846
19154
5190
28711
17107
11042
22458
19996
12409
19225
16275
14555
7654
15708
28593
29004
33449
11335
30159
26582
32998
6020
24768
34443
22195
4061
23799
27551
32449
25934
31309
10271
17471
31583
32511
22239
19963
14257
27638
8117
25803
16086
5708
31460
31019
29541
31243
18651
11303
27470
10808
4640
24444
20332
33296
33671
4346
22873
31633
31399
34092
25478
20284
13966
34107
16267
16666
32948
13328
18107
16125
25134
16057
22780
13320
14628
27662
15830
13681
17029
20372
7113
27782
27641
9121
31204
25070
33304
3777
32659
3634
3801
22617
26297
21372
31821
20618
21502
17566
20365
28504
35179
23893
4081
28428
10036
4047
11906
26070
28372
19308
33202
8887
15455
24770
10571
20894
10772
26339
28326
10962
4658
34274
29981
12687
25358
19091
20162
17908
31073
26515
18770
3613
29926
34696
34660
31372
15141
5290
14822
27085
7305
6531
3530
12121
20409
7922
8701
33212
14117
11126
6553
5107
9439
18345
7771
24088
4269
11275
26455
22849
29788
31745
6122
12965
16983
12830
35569
14848
10872
8608
24120
3897
8477
12606
21046
21314
23679
13089
20983
24641
15423
32304
14169
19693
20290
11408
8059
16186
27583
9067
25459
21048
3478
18417
35135
4920
28388
34205
16638
23090
3796
35258
16993
33123
6840
22565
7772
16442
27992
7508
22817
11637
6281
24983
24654
11400
11522
33182
12645
19006
13420
4156
17534
19618
4536
34154
3896
31264
15285
24207
13301
23528
34274
5119
12615
32659
27521
34753
9637
31753
4332
20885
31587
15778
28460
3125
4321
23947
24008
34780
12546
34924
28379
34309
28639
14407
20841
25205
16317
17828
11763
19835
21053
5099
12617
31607
6611
23825
14752
28057
32633
24694
23012
14315
8357
30990
10064
26770
10616
24256
34107
29777
7992
5899
25397
19534
12032
22767
8530
33049
21686
26635
3782
5866
28222
11011
14002
28458
3821
33060
28478
27445
10049
6987
24296
11359
21711
23554
27676
5429
28284
33517
19204
28677
8432
10085
7585
24224
12104
18018
23067
30558
11275
26526
27477
13155
15968
7671
16325
4641
18302
26389
14979
5662
31843
11854
15007
32503
18377
30406
11448
25766
34902
28891
23242
6144
32531
32448
28232
27777
33311
27751
22635
20300
18341
24229
5321
20334
23819
15761
31273
31587
7788
7725
3478
14299
16969
28488
35762
29630
19835
28066
7245
23917
33644
9042
25654
32075
9863
30309
26961
22908
7405
35528
31978
34540
19818
31592
8265
19347
18599
11927
6023
13816
4769
18866
7840
19956
8281
34816
29896
17081
24014
30942
12803
14866
20520
26905
6896
9453
10294
31644
26341
15638
22810
13643
11329
4165
34627
32814
26366
15451
25500
27090
19846
16617
18179
8428
26568
35314
8701
30272
7306
6130
5288
25793
10497
26910
17137
25850
13983
34798
14598
4012
33580
25305
29711
21433
20248
20831
25369
17216
34320
27213
29778
15370
21967
3901
33404
28453
10039
20828
13980
35790
11680
4976
12786
4501
32880
3353
5166
3515
29419
4950
12769
18399
7757
19020
3890
8665
21014
9283
29394
12007
24230
20978
9522
17927
28169
34812
12275
5027
24340
15802
12702
28275
22193
18747
6549
29600
31607
31881
24649
11813
3966
10286
4014
19835
23665
9975
12268
12149
9700
22264
27736
16745
5608
9168
33954
31888
22493
34351
24143
33199
21896
7317
19050
6135
19046
16732
21367
4906
8511
16888
10153
25856
20477
7038
29525
24009
9663
24675
16293
24659
16170
11142
10641
3342
5375
17521
34059
10350
22771
22748
16506
16529
5307
28531
7274
22050
16230
30682
35714
35965
15599
7149
20150
9492
31763
13900
8638
18961
9824
4631
35782
27709
5775
22518
10343
14368
35091
19549
31958
26218
15090
17166
11611
27537
27348
27615
9989
19132
28761
23741
4509
4064
23984
31985
7640
13608
24422
13730
33744
30619
20091
35739
17845
24313
10427
34383
35520
31973
25419
34842
9833
10057
19331
31690
8154
12791
27131
31582
19875
27532
7145
21518
22959
24986
22186
35723
16759
12294
18846
19079
9845
24494
21049
20600
33500
6223
30295
21657
5766
10663
22736
30770
8238
12246
23629
11802
14047
22282
26714
15226
22444
33371
33980
13779
31650
23028
16132
8771
18939
33908
3684
6660
14996
3988
10690
6197
15522
19465
33803
21725
13728
8364
25290
20781
27788
6360
17145
30981
13650
12819
32790
32186
28809
11505
29050
19991
13149
25910
29159
20385
11212
30011
34144
15647
5398
10387
4413
20058
20590
33261
23166
3362
30198
22588
15968
31633
29162
20246
22830
28564
33307
11866
3930
18342
10144
23830
11468
23775
24776
33704
3706
22062
16211
6435
35385
16611
12001
24564
35026
4720
32682
5573
34393
30576
35184
23201
27834
5096
31410
4953
31893
6349
10275
19239
14412
21191
28762
22674
34138
5685
34763
18833
30694
11377
16630
23283
31895
9813
9438
32510
21675
14334
28605
14167
6211
33231
17910
17954
13057
27321
13643
31337
3797
28602
22096
7106
24852
36004
8735
14636
19915
8736
20558
24379
21842
31986
20766
31093
16420
25215
14325
25339
31981
18060
10767
27244
9445
3656
9584
19718
6749
33933
13341
27918
30103
25443
24459
18290
13275
5830
30808
27822
23751
7337
34361
33004
4583
9786
29748
34671
15494
24168
19727
32049
19907
31138
7176
34507
17639
29410
17862
13718
28661
6635
28048
10256
6787
22223
15037
35201
7881
18099
4715
13534
36088
5590
6516
32493
23757
15056
4766
27562
23909
30488
27922
21226
22355
16585
5904
14398
5360
31142
26848
23066
17650
5979
15372
15414
27456
8454
33484
12597
21509
9717
29634
10117
15619
4529
7655
15750
10539
33084
30918
24814
4714
32152
17640
32108
28101
16264
20623
32395
13736
24731
29863
10458
28283
7525
24057
3658
22903
36112
30370
8663
18872
29204
33731
11882
20371
34882
19323
13566
11817
29703
22290
30210
20284
14063
9591
10751
10562
19816
25069
11643
19384
22985
29441
9245
34233
32914
30143
22290
23247
23029
31013
21166
14857
7318
36312
34647
11086
26000
32278
29087
26352
16824
16876
36272
35716
23589
33705
6637
26098
30192
18578
27862
32712
35640
4567
25132
26580
18793
35270
9046
26865
15038
4415
20228
8993
19205
16744
17426
15068
35235
13729
5039
4776
19671
12731
24254
17130
6723
30820
8828
17404
30888
26086
14436
32383
3825
8978
36176
13811
13427
33910
21472
33157
22131
27095
13855
18215
22248
12763
19044
27878
18563
5637
20343
13432
11245
33510
29685
29973
4688
16530
11510
10121
18712
32594
24556
30854
29435
7320
25551
21822
12854
13368
7543
9777
18458
20948
15177
11332
19912
22168
21525
13332
27193
26408
27967
5001
10625
30167
11293
9646
22868
15642
13985
14528
3785
15932
34616
8837
14686
6227
14321
28382
26428
19314
35042
23712
7869
15392
9672
7328
28972
35593
28397
34573
10956
5364
18767
15107
17435
12021
14846
23644
30807
29412
20678
25546
9538
12301
9742
13603
22563
21545
28672
28667
11277
24718
29418
11896
23907
16290
20708
9826
13980
36501
31924
24698
14916
12112
21486
31245
11843
13992
9312
9416
27746
35544
8364
22734
7179
17966
34871
27912
14672
12804
34370
35260
36144
28146
35927
10594
31509
5954
11239
7091
18336
33956
13105
16130
15529
27171
4453
25551
20098
31064
17930
36506
9852
20958
24477
35829
13997
22022
19835
35549
15088
14283
35073
12618
19244
21000
23025
24325
25306
8680
14871
4794
33217
29854
7213
9550
18948
7511
6653
20338
16223
18285
19909
11641
35758
14558
23263
13670
27823
6396
27041
21322
12040
3942
6787
8141
23180
20278
13439
25866
29626
25212
4798
26016
30342
18924
5488
6661
28253
17619
6652
22558
20323
21840
15961
6413
29951
21696
29627
20811
27033
11386
9331
36598
23458
34493
28944
21100
25557
35814
18635
21784
32957
32742
24866
12940
27512
21492
20674
10192
10682
32895
20906
23802
33045
15207
28302
27903
12151
24172
8057
8137
36084
4583
6583
35466
31429
4024
22258
35407
17297
4735
6043
19672
20716
17679
25740
23463
23070
17951
21483
23895
28709
5187
5457
33071
35581
30235
35115
18679
31774
13002
26465
9482
27207
11946
14646
5805
14970
16447
10864
19615
35399
20841
30136
28146
8014
8413
28739
34584
28672
14293
30898
19777
10661
26631
19767
11237
22435
26068
36090
20636
4093
21187
26811
10550
18714
19501
18104
34824
15560
21050
24017
25220
31872
6924
35818
24077
6892
9785
27537
7945
36518
9343
27872
36407
12867
34739
30117
34882
34192
20219
19649
11159
5147
25405
21710
14452
9461
6103
23045
14146
6071
9105
30558
22821
4803
9679
22264
18129
26316
35852
20924
20895
19353
27523
12862
15072
23045
9007
7907
34161
26443
23030
28489
34192
9600
11554
28899
8941
11617
8976
24292
33028
21839
13868
4447
33195
31128
35869
10156
21991
6648
11580
12813
4356
28768
20555
7825
29157
25845
36452
27961
22168
33628
4911
28506
36397
21813
7512
5698
31945
17893
25408
5406
17910
29593
12275
23068
28989
4488
19547
8908
15607
16248
34995
12236
4960
31363
31293
23460
21997
35611
16696
6383
29408
5196
27405
7100
31001
10305
17609
12851
7727
34314
12751
4220
27327
25756
23247
5084
33028
28441
18674
16673
12712
22098
16727
33345
21210
7051
29891
26430
36257
30846
22420
28236
5488
34978
13815
5942
32250
6060
22619
17918
9031
14678
19494
14532
22536
36448
9382
5352
20008
23253
18506
20339
28067
20880
7698
29875
36251
14590
12100
4902
17321
19750
4449
19866
15729
33510
11351
22673
22649
4223
12536
26346
27707
24404
21419
18878
31352
19182
8033
18313
14800
20804
29899
28298
11920
6201
35275
26220
17867
27751
32040
34085
9900
7451
21125
11039
11786
22944
27284
10901
18493
29633
19335
15937
7472
11145
19911
21300
17080
26701
33001
10757
26916
33517
23774
4909
13846
34134
4969
19122
16785
33611
5590
14083
26962
28774
8938
36643
28260
5977
28950
11274
4335
5754
18671
35145
7761
34175
9187
14572
9583
10373
8996
20132
17741
21592
29417
34342
18909
26606
28118
10446
35605
32564
5304
30344
16964
17166
11894
5616
18854
31384
9285
20408
31286
16819
28186
6474
7107
35005
9061
12975
6982
16799
33788
23472
31603
24077
36181
25659
13198
33545
28665
7176
28800
5545
31029
25979
27690
34075
17683
28621
20217
30182
19593
23655
20411
12914
9199
21390
34225
33995
32182
19525
8421
23970
17752
35695
31933
27797
26251
7733
16593
36272
5306
21415
33786
12339
9909
31142
9643
6805
23208
24833
20869
12234
5706
27870
24869
6594
30550
12636
36929
32050
18495
25974
14067
6806
11552
11307
32340
32887
7409
30939
17229
13033
31489
4853
7082
27737
25760
31951
12656
23429
34588
16853
26737
33484
4592
28646
33309
7336
6455
16379
13211
10617
31847
12810
25113
35460
9531
8234
31072
20027
13041
36087
37035
4543
26038
12600
20921
7075
24159
36031
22049
5107
34393
32401
28390
32116
13283
10311
35403
21550
24186
8372
11240
29992
30613
14792
11006
13171
15251
23988
11016
15977
36594
18255
33426
15671
15297
6585
33870
17305
9048
6974
24165
33765
14406
6013
33803
25163
21643
11465
21846
19803
16392
35023
31056
32711
31539
22649
7755
36715
8719
28435
5236
28042
31580
26797
30379
15451
34826
19392
21906
7620
9972
28180
6372
24421
8395
8416
35593
10200
12368
26676
17127
35127
23239
16788
24570
7391
11432
15845
19623
35956
11927
29326
31437
11302
9878
34263
20126
35378
31098
23188
11181
6059
16539
7944
22599
20090
26576
17156
11015
30884
26523
6479
13989
31947
28576
10314
26639
21496
5468
28116
19131
35991
23315
6764
26427
32451
8970
34709
28690
5572
25335
28031
12486
21206
11190
7139
29494
27948
22845
14895
20270
13109
32466
21219
6201
37150
25468
11835
23990
24728
8887
16398
12590
26075
17771
11510
9957
7659
26399
10929
17583
16922
15210
16327
21253
9422
34731
9837
17496
19332
25850
22186
9893
27157
24159
31672
21322
9016
16193
22701
20760
12873
9761
24667
7337
25161
12168
33908
19188
30245
19773
32754
14878
26171
7612
8373
17556
5914
22500
21614
10838
28041
7920
31933
9366
25548
21160
20118
22401
33826
12248
16617
5725
27794
21762
20098
11732
16359
32592
36654
10383
10234
5068
27679
16903
19759
18643
29585
31640
26434
33735
36782
34776
19268
16133
9391
32806
6880
35863
23109
6278
30947
34346
5175
17836
26364
18626
24140
35158
12479
16044
20331
22751
34800
23861
10241
21009
13823
8089
12195
12860
34511
22206
5621
17284
20667
8482
23242
13439
15835
7954
33164
36352
14979
14110
5087
15149
11533
32457
14209
22488
23257
7045
23412
14604
7825
12254
16480
25573
21426
10485
24627
26277
6984
32816
30986
18437
24057
17712
16212
32969
12100
33795
31540
13207
30219
23451
5416
5897
32335
22655
21993
17921
22588
26561
23954
27197
10341
30256
5635
29995
19792
36814
9352
23294
32309
4997
7862
33793
18179
20245
34454
26667
34212
5969
20998
35060
19586
12427
33115
15720
20042
6989
35147
33914
14064
6474
5131
20890
5619
32403
23988
34698
15842
8974
12267
5485
15647
34853
16577
27169
21475
34491
30936
12750
35714
6500
25800
37311
21232
5845
21952
22129
17540
28825
30065
18410
30973
18950
20775
6220
35779
31600
8249
8362
13423
21916
18852
24602
6540
14711
27891
28940
16543
22536
29282
26842
16230
11940
26178
21920
37470
4961
9119
20045
15495
26061
37409
18682
5227
14303
31536
11131
25181
33581
14939
18996
13311
15968
19707
18734
35079
26341
34067
4971
15682
21222
25467
23670
21465
24441
23870
24637
34771
20247
36928
21795
17883
27727
11044
17490
29507
17595
35948
15438
9802
36916
23778
37328
13210
6210
10551
8913
13589
13270
16107
20453
28113
11068
20588
8138
12129
6219
9346
16705
9303
5855
21738
24348
9222
22921
24642
31385
29581
30340
4901
16366
6161
33003
35990
35109
7753
16938
24994
33578
31552
10163
9281
10531
27222
14578
20862
35327
27784
10626
27351
35922
19698
23457
16103
9312
20114
26337
9538
12407
26447
30497
12705
28547
11322
6076
8767
17884
21267
16128
36226
17506
27919
11746
37598
9676
16088
30703
37623
13885
22998
18310
13061
22808
23213
12869
12157
8470
28935
12737
16878
11926
5267
5242
7720
18484
35662
31502
19108
24988
9473
13740
22560
33953
20490
5580
15498
20617
27488
34845
21791
33707
31186
35519
21460
17213
6799
21427
7157
5479
27371
15248
21004
16795
13664
16503
8964
35625
37331
13640
34446
31246
23321
28950
32964
9741
7610
37593
9996
14338
25589
11619
27712
5490
33540
28566
30732
27238
19873
7379
36247
34170
20424
27061
17765
14897
30655
37120
7804
15755
20564
13524
10949
12506
12390
24615
23222
20177
33702
15474
11310
28382
37023
20393
16544
21178
24564
22129
7796
29246
10473
36494
8618
14712
26405
34202
24513
27902
32183
16381
33495
10370
35670
19481
24593
11175
21485
5573
19773
26899
25431
36349
31158
35781
19814
31447
20104
26281
12075
33721
6613
33386
21873
19914
35192
15752
11403
15526
14567
12970
23888
11094
22110
22837
15203
12671
9018
5149
26808
18649
21411
8956
21075
26339
37229
10593
27219
24278
9792
16490
17200
8151
37111
18069
28737
9072
35399
25043
20353
8257
15521
26590
8338
21747
13145
8397
36098
32622
17671
6118
34254
21580
32046
28339
6692
35469
18715
26200
11117
20364
27664
37667
8843
14129
32418
28261
35423
31849
32096
14976
13199
9683
10933
27970
17798
25277
18448
5233
24764
13390
27201
26791
13879
14084
27943
33376
14418
8290
19080
25938
18621
17634
22592
22013
34757
14897
12702
11650
10453
27035
20491
8120
28733
9924
5868
10109
15923
7834
22218
36170
19223
12935
35760
15371
30972
37867
23253
22573
24163
13257
37755
19704
28233
23233
14103
17439
24933
32062
19634
15253
17579
8176
33679
11683
20756
24701
26894
32568
28833
30323
13776
10368
5278
16514
30236
19383
16676
12776
37250
11840
29153
13356
30142
18417
15387
20751
26847
23730
20979
14528
18088
21574
19175
30799
11574
17512
21915
29796
23779
24858
14041
31793
20331
18234
14806
34981
19021
21846
30135
31714
28788
34497
35923
29938
5911
34022
17979
35765
25054
25309
12280
35102
27206
14140
7315
28575
30278
34864
12635
26594
33331
15820
24290
26042
8673
36512
27465
6489
32011
6798
29117
32963
27380
10201
31554
11651
29007
13951
5295
37532
10844
24009
34298
28354
22101
10272
36534
9930
7176
24866
19418
9312
15557
35317
10948
36088
16250
26587
36222
25863
22301
24839
33855
29554
34890
7088
16437
31046
21038
37731
9089
37291
24227
6301
37508
19987
32156
28313
27225
25271
28612
31591
16546
30532
17506
15934
20616
28625
20096
32787
14589
16917
30028
29290
28740
10967
25534
12397
37044
22437
23419
22075
25273
22729
12026
8834
18459
28537
9957
22096
27779
35918
22210
18214
24379
37368
9426
22351
31285
12335
35129
18543
14927
27372
18528
7263
27861
8666
11416
30776
22087
11271
33536
15790
13917
23520
24488
20128
19785
32604
27894
12012
17980
12407
19017
30856
11051
35298
15837
21967
17875
37881
15855
30232
37371
32245
5409
12429
9465
30563
9759
18747
11895
15829
37507
35941
30327
13015
18678
13342
31893
36388
16024
19479
7308
32794
22435
34741
23548
22636
17227
15974
17771
34071
20200
33334
29833
32151
29782
33949
14264
28250
10140
15771
27339
14453
10189
35079
28430
6550
22316
11813
25735
36921
24211
34166
34940
20511
8214
12500
23862
23292
15587
6590
32516
37233
12908
10736
19074
20537
21193
29238
14362
28071
7255
13187
37068
11088
13478
32317
24619
28677
35474
23516
18344
24068
25519
14003
5907
6510
22763
29709
20063
21244
34414
29820
27814
27374
29381
28270
12396
16453
28992
22273
11560
32818
33688
19737
23041
35278
32469
15023
32213
14859
30575
8300
7295
13291
14516
16246
18778
30960
19305
5514
33537
26067
20404
24395
31833
26489
11834
38105
30418
31778
25732
38054
37353
21732
28839
28805
13298
11096
8228
37124
28692
8083
17933
8956
36245
12887
7273
33638
37975
12171
21722
7536
33443
7401
7293
28369
36902
33015
5906
9817
8761
5688
38237
37068
21862
16035
35531
18416
16423
19284
34393
22501
21232
27778
12978
20149
31088
23985
8599
27180
24853
8744
26244
22506
35022
26022
17553
15286
32276
21841
29590
28693
27435
34031
16530
13595
23205
13400
36174
16770
21545
35115
29501
27129
13938
37057
36263
21182
29338
7775
12038
24431
35993
22960
34225
21790
34057
37234
29623
25251
36908
9839
7694
33590
15919
8879
30445
28477
30896
20716
18294
36706
31103
26694
31896
9705
7841
8248
15156
8768
16283
16587
32638
21208
26605
33545
19367
26932
6876
21941
10681
33856
33908
23097
33986
13539
15310
11744
7476
12503
31375
21317
7308
10169
28081
20492
35890
28252
33670
21199
13216
29795
23289
30043
8647
14351
14360
28445
26030
11349
8655
19415
14941
17716
36086
31383
10745
7749
14479
18666
27696
28564
8008
7757
33752
17582
8776
35812
24530
10747
20775
33903
33589
17486
29502
20601
30888
34491
13858
37586
38160
31401
9579
28992
19820
20007
20410
13682
9212
7300
15610
31285
28841
9497
6629
14571
34977
25706
15562
19256
35138
17262
26510
13566
19001
20778
27378
19084
15083
14981
36627
34578
12052
29783
25911
10072
24237
19395
26310
23728
7444
20679
34199
11306
35687
20241
37229
19974
18992
18708
5826
8559
28232
10588
6851
34918
15605
7710
22683
16380
29526
21268
25588
35012
7425
32135
21691
13192
15850
28334
24612
26171
21383
8246
33519
11567
28977
28450
8425
11400
31694
30933
15797
34289
18605
20077
13004
18061
9137
29267
34499
28976
32946
21520
18893
30928
23584
15971
7040
16182
36585
27536
15836
27641
6557
13306
22921
12205
10961
35572
22368
18264
25793
15829
29485
21541
9785
10570
27571
23389
23221
22769
29681
33426
38343
17699
18852
23582
32185
8977
38157
22476
18803
31506
30196
11220
21920
31035
25069
18957
38157
11313
14298
13662
24657
9787
11441
19317
26803
13467
30080
22204
21064
8479
21166
31881
14684
12787
24707
23446
10003
23481
20714
28336
14672
23003
29302
34739
33238
8480
10404
30389
24750
24702
14688
12674
24008
33840
37834
36681
17893
28424
29753
27796
36531
24069
35200
19325
17978
10792
32625
17439
37240
23684
37536
22860
32328
18581
37226
34174
11401
8402
28213
37903
37499
14725
18168
6828
24684
28123
34303
9991
18325
23351
32744
29900
10303
26316
13042
16343
27434
16747
35703
34468
35374
23961
20918
20742
35875
35813
9430
20252
30719
12665
10024
25729
33598
19694
16301
29636
32647
15717
38104
32280
19340
32723
9364
27468
19250
22172
7561
36349
10994
36708
23963
14346
29310
23329
14772
29512
10920
27765
29380
12919
6784
20540
31750
36469
24509
13409
30340
25522
26207
37109
34269
25572
33682
26498
25158
28668
14292
35996
19407
20056
23642
12218
17128
37178
16304
38212
10787
16761
30113
14061
13627
8566
24150
15939
18774
7250
10434
36228
12935
13662
21565
19124
21143
35795
30062
8428
11525
18116
17007
11253
29771
32080
10796
16918
31843
28444
31500
36905
13962
8449
23764
15348
6724
12801
8648
32951
8096
31872
13075
31234
11965
22448
7272
37065
10381
36174
31466
16058
27865
22412
21321
7118
33157
31566
37678
27167
16150
21144
16858
37881
9841
23367
9226
20531
17381
7680
22301
24768
17260
33127
10104
8065
6702
23953
9770
19805
26951
25531
16844
22420
32202
11836
26283
34640
37382
36024
27178
20350
13320
24727
17761
11483
30049
7605
25354
19538
18473
17243
33950
27525
11587
24943
33467
10154
6115
32231
27849
11928
10830
28291
19421
34337
12257
31420
36061
23971
30805
23032
21990
7642
30785
25087
19178
11000
21216
31154
34206
36088
12565
9211
17555
29231
35244
14080
38306
16420
16099
37788
32654
9889
13609
28943
28389
26890
18213
37108
27175
20974
15098
28532
20778
34012
7370
17338
11197
8824
8825
25766
19340
29389
31923
26054
17732
35301
14640
32898
34039
6807
6710
7574
33217
27553
34656
37574
21676
8951
31647
26828
14033
23386
38014
15766
10944
14379
9898
38574
21794
27522
31665
14330
18589
25211
7434
21157
18680
35792
20566
8285
18816
27821
10469
16063
10922
30655
21116
24335
31481
23183
31061
7725
16162
13582
29544
6340
34159
28528
36585
36805
18529
8766
10770
12564
25753
17575
30754
22657
9720
38168
38822
23801
12294
28684
24055
15869
17808
35108
31748
17748
13206
14970
24657
28925
25444
24115
31296
14696
22526
26195
17040
34790
6849
9941
11555
29021
23368
34300
26628
35136
18061
34532
35752
24766
22864
25180
8308
34362
12733
8696
7552
6396
9289
29025
17563
17702
38877
6640
32655
15337
27958
23675
8870
31736
30092
7535
14444
32317
15473
38687
15031
6860
10493
34396
23781
14869
14888
34118
19301
9821
25207
34913
33913
37231
18139
12780
11833
8846
25814
28526
36316
8367
25567
38289
33843
36069
38408
28211
13174
16669
27614
27835
12867
26379
24464
31913
28644
23396
6996
7794
11729
20814
24327
18058
12917
18965
26899
12994
6453
13599
26262
10708
25519
19490
11969
22844
12351
32660
19838
17738
14792
34659
8533
32630
33969
27623
37008
38643
23853
6933
6557
30599
35520
24053
17077
10905
23807
16982
11451
11916
30103
19648
19815
22603
29584
34474
38051
29477
25555
15597
33077
37596
6890
33401
26783
19448
23560
19270
30275
18017
29001
13198
9675
24109
6458
18234
15560
18103
28060
23962
34713
25585
10085
23896
23951
19963
25608
31919
12367
13044
20470
20952
10871
35600
23141
18373
8580
21226
22096
19218
24307
16412
11455
17209
33958
9230
33864
11269
37002
28939
33238
25417
17271
38298
34473
32465
28503
8715
36766
16025
28811
27728
6577
28477
22154
9742
12224
20657
32715
39156
34194
21810
11494
32076
17431
19580
20214
7887
27377
20286
38209
17342
27444
32459
32283
35374
24426
27922
28423
12196
34011
16592
38944
30433
23051
27140
9911
8191
34435
31396
35646
9917
28628
30606
22116
15128
8154
13761
29058
10267
24638
38861
13878
7415
12094
16264
10573
35926
29105
34819
23783
38381
34373
23484
15829
11856
7692
15125
20550
30987
32311
34565
8099
35054
36641
25614
26039
31400
23695
18799
11539
7576
27446
37018
29361
7903
34685
39144
35543
27322
29061
21388
19774
14351
35430
19398
19572
29253
26300
32601
7295
30041
27235
6974
27843
20526
20862
28826
31014
33061
19134
13806
38513
24814
34529
26765
24057
12190
24952
25172
15488
30721
34542
30613
26710
15665
15302
12628
33475
9831
10532
30646
26794
7442
21135
16566
30310
37158
39157
38682
17144
22455
28399
36261
38500
22470
8775
29327
8024
31067
24248
22322
11279
35540
19956
16390
27253
36988
30956
37071
29580
12895
20043
35093
9742
15453
29251
25813
37972
25726
15245
30070
35190
19333
33195
18174
27060
27592
8305
9606
29204
27198
21699
38636
6989
32218
22176
7367
9188
24855
21600
21152
34197
33237
13113
15455
23028
25443
14600
22787
29268
26333
33614
19862
9960
28088
28537
15456
8488
35483
22630
7260
9590
13424
19747
9448
8194
12220
9465
8640
30955
8747
38058
17197
29607
33904
10487
15994
7588
26187
19045
21160
36911
14571
11841
34147
35222
37751
22754
11316
8585
9704
38190
38391
7366
19993
34144
26768
9206
33569
12552
34522
25041
35552
13394
37600
19593
11736
29836
24656
7782
23870
32227
27436
16813
32593
28269
9923
13255
21995
37485
14560
9119
13142
38354
30017
20300
29024
28416
11594
25840
24242
26323
10235
27360
38493
25057
22048
29445
30134
20224
38599
7554
9316
24329
8183
11926
25271
27099
24479
15300
37436
9378
26829
13362
11406
36185
16672
18512
7278
12173
8832
29881
11542
9828
34060
13406
33739
32735
34132
7649
22450
25948
31433
28735
23524
11615
21106
21170
36804
14993
33248
19414
27025
19465
9827
13322
36663
8907
9342
10009
37227
8334
23449
14618
23798
17347
16886
29332
22097
9426
31974
22502
21363
22695
18749
32742
26599
23661
18435
32201
14113
28313
33644
8771
16658
31019
16394
22510
23802
28976
28226
7920
22142
20364
20477
27609
24826
34550
9887
28106
21784
6980
32061
32732
27810
15849
25355
18879
28820
37820
10771
21410
36214
34811
32301
37203
16872
20623
26667
10408
7039
34705
37204
30493
13775
32270
23316
6846
12233
11271
7921
33352
35656
25020
10945
18571
10982
7723
19738
24338
25108
11987
34315
19462
19306
31933
12297
32592
22843
10941
13612
33534
21613
26870
9372
35560
15751
8604
15430
10131
17420
25342
15059
8277
18440
10947
36314
14522
39400
30323
12372
25895
27790
15674
19793
12989
11685
14057
31466
26240
14386
37950
8567
38841
38252
35941
25346
18841
16334
25534
38651
18462
7274
20449
11820
19515
7808
23776
37616
11059
18767
14284
22944
38214
33835
33402
21839
10127
29904
38022
25783
21805
21494
19865
35698
27553
28710
23784
11118
13943
21195
8701
29339
34345
15244
35514
20710
7744
26073
37531
35435
20156
19652
18235
14822
15542
24851
30234
22379
7748
26003
26525
38744
28061
26031
19286
13703
22397
31296
14726
32968
26827
20647
28128
14990
16250
10266
8080
7912
17069
14651
39548
10419
9758
15343
32202
26127
15552
32621
17314
28943
24227
18581
30261
24757
26136
27268
13822
17949
34839
19813
30023
35320
35805
22409
36080
15932
9689
27835
36460
14362
31177
30669
30476
34353
34849
12919
10368
38657
35500
8034
19099
9122
33909
27263
31318
12981
35048
9117
27160
18332
32309
34619
22324
37350
24309
18842
30899
12557
16144
38935
19285
24676
38878
17592
24274
8011
8076
20485
34917
10661
12226
17689
7819
21644
32642
7160
8713
9027
13396
38435
30764
10347
36512
18794
39508
34682
13659
19714
24244
10858
25829
15575
15955
32686
34098
34595
15446
21610
27433
14400
21122
7907
18761
14523
34557
19765
37778
12713
36692
27716
23203
35646
9410
15092
25120
14747
28080
32157
30294
19432
8312
9657
17698
29091
17262
8672
15886
27191
11809
27127
15806
37585
12254
7076
34955
34415
32630
15108
22637
33850
22593
27553
33310
36885
26723
13726
30076
33142
29774
11061
7472
29812
21385
33380
24973
20770
10927
30434
21178
23836
34490
34904
15892
35679
15745
26830
13006
32350
14208
12131
14810
28754
34520
9026
17677
30161
28566
13009
39294
20130
17720
27436
14639
14544
16750
33745
36847
31229
14365
21149
26494
37625
19625
15351
26355
20883
35956
29515
8539
13487
37538
8122
30627
22169
39200
14607
20920
20889
39652
12533
29420
21192
27510
15464
28060
20257
26543
20842
31247
36571
9152
11511
13474
33527
14967
30010
34594
39189
8638
19457
16762
33163
10341
25967
9614
39864
33057
30448
27238
31894
32468
37490
31375
17295
26126
16851
29118
12690
30676
30357
7607
13925
39329
8665
34413
26685
16043
34955
16747
39308
30311
10202
38002
33050
17487
15851
11108
10327
9443
19150
25952
37872
25582
7601
32047
23200
10250
16979
37087
7753
22374
25276
19629
39747
14791
28972
15657
16883
31693
11857
35988
36512
30584
24508
12173
37763
26090
19094
17645
26909
24175
18063
11503
30926
18106
32024
39828
21922
39026
10450
10821
38766
8173
26950
11450
27676
38971
32470
19740
21315
18534
33523
13158
14331
34296
28817
15377
23791
16574
37080
33264
20147
31692
8221
16217
20568
22465
16144
19077
30270
37452
33847
12601
25386
7919
16795
14246
23448
15619
21185
16015
9043
12029
34523
21673
22850
30447
31552
30535
17797
15442
31258
17974
19905
16130
12638
12006
33719
31626
22018
21195
33308
25762
34666
11523
35748
22006
34595
15161
8289
9257
39123
11721
32075
28186
7792
25381
14880
37734
17585
12919
31086
29742
21442
18824
24301
24090
30780
8672
16403
19101
38996
20783
17123
21115
35155
14571
24326
31369
14662
22843
29980
15796
8438
19220
28756
30789
37402
9633
9786
39012
13772
21225
26833
14298
20282
38828
32482
33563
38558
21133
30355
37251
16496
13943
34363
37600
34009
33849
28533
30257
15212
34675
39028
28077
24337
23222
20374
29703
36417
14055
27963
14065
23417
20964
18391
35551
33256
36970
11846
19469
21099
36663
23648
20675
27836
18283
7630
20696
39143
21044
37660
26229
21757
36778
19726
35867
27403
13560
12856
15335
9037
34237
25289
37909
26272
15538
36520
9412
25910
26508
29122
19192
38285
14884
27298
15589
8098
40149
24386
11115
34914
31269
25632
40157
12641
36776
22933
25862
32974
17954
29538
24174
17831
21740
24204
18649
11305
13465
31083
28945
22155
9432
20989
34277
28139
18844
24192
15986
16265
9083
9279
13729
14899
26452
16556
7921
24576
31029
34991
14455
32833
36476
12862
7715
19893
15164
15406
25156
9468
28386
34888
36686
38734
9240
23456
30427
36205
18409
14626
29169
38616
39974
19054
30339
14658
39177
19174
9786
21570
37401
10500
14965
27980
8781
20978
29070
30688
9076
23380
24927
28161
13524
32616
21252
19689
38162
8018
35811
18939
21330
16305
10218
21497
39838
13174
26904
13431
8844
26870
8255
26000
29723
36158
37640
28631
10719
31142
33591
25744
19550
8105
15152
18465
25529
26355
17338
32963
31631
12732
9988
7549
7710
31573
25830
35155
35499
17664
31848
32443
11044
17669
11912
20304
36101
35842
24120
21450
24952
38019
12711
38958
18624
28882
22721
38978
27863
35601
40185
8260
12118
11141
7750
9691
28310
14645
24939
11598
9749
26804
37756
36596
28187
19771
9886
12524
7837
32762
11278
35085
39265
20912
36709
31520
32611
14970
38682
26445
21880
31720
20040
31956
23601
10582
15281
9470
7938
35450
35332
39506
32419
35897
34139
32779
15031
13247
37384
36298
16044
18382
32913
9097
13794
9302
25337
22992
11023
27719
18241
25131
14050
36259
31535
19419
33254
19415
15694
32972
40362
17483
32566
36551
31007
8504
40205
37097
29761
28346
11854
19796
22265
17958
21449
23332
12098
17309
9964
25765
23180
31201
11840
22979
15965
22632
31542
9921
29758
14255
21796
17198
27861
32721
38283
11541
20047
40280
39323
9333
37377
14419
27897
15088
9550
25001
37311
35783
37323
10924
35269
12294
28833
23281
34079
17148
11571
14432
23014
35566
23297
38279
10556
39437
8908
39475
21898
31652
35580
31298
11788
16790
7998
36531
29584
34312
15217
34047
39546
13659
32195
39084
28172
13405
9239
35615
30948
14016
22699
19890
22214
22987
12791
37382
21404
22351
27096
13467
31675
25821
36845
13725
33128
37686
15169
13313
39835
16899
32555
7889
16899
31686
10099
37060
27209
19985
32694
35346
10905
29174
10764
31878
25951
22718
18663
24021
25166
28893
32831
13358
30887
14118
37356
20754
11960
26684
39251
11878
29347
26185
10820
8647
20576
9970
22307
23069
18693
15754
25158
23411
12101
21893
7839
27910
11575
12592
17307
11675
22361
32928
14409
16918
28885
9448
39359
21065
17667
13200
32954
18442
14894
20034
19076
33928
33179
8901
26907
32735
35015
10032
32399
34537
36849
26199
18348
35671
35288
28810
39385
14849
10438
17535
30784
19323
15565
17548
33839
17129
18257
35865
19646
36628
26567
14678
16819
16829
34235
32553
19874
20785
23576
37739
23385
38941
18852
19795
19067
34724
35530
34866
38762
16303
16540
40545
14954
33156
26904
36984
33284
12443
11434
11457
27817
21932
9459
19181
17816
22541
32969
28677
35074
24891
10623
28323
21355
40631
19814
22369
24659
22035
29587
19858
23574
32588
31971
37936
36113
22874
13885
26390
38918
11526
24599
29807
25537
12796
20284
35439
24572
18977
35532
19777
13185
34598
35716
35136
38286
11870
32831
30057
22141
11980
15293
31248
23460
15745
12196
20435
37499
35877
39108
35533
7932
19923
16543
26124
18768
32298
30761
25412
28327
40608
12236
37572
31080
24090
20655
38826
9354
24250
15160
15443
36417
36344
36560
11030
24030
17141
40678
7986
33008
38667
14646
8708
17328
11433
8523
10366
18588
22622
25922
9428
9057
24627
28626
24696
39678
17726
31625
12873
22311
19316
19288
25864
31975
13247
19538
25099
32394
23633
33969
29749
8890
15159
29722
14117
34536
26417
18722
34478
8430
8897
36880
33415
33778
40322
16100
31300
27789
24507
17049
21893
22572
37940
29096
19566
11191
9288
34765
33879
11633
23100
36621
25796
22048
32207
23032
14487
15725
40722
29484
28548
9613
33658
9754
37830
27169
26932
34061
18448
22107
38072
36968
25031
9827
23713
25390
29550
14329
10172
35016
23394
11867
37215
24579
10951
36201
10236
12121
30914
36871
31221
20081
30184
15811
25778
35049
21495
33720
23026
40530
21956
21681
36702
33660
39797
38034
19556
18676
32496
21236
19010
19148
38036
39184
23137
36250
9254
20190
18149
27843
11790
31614
8578
32250
20675
25814
29841
19971
8836
21117
35427
23229
21321
30679
16085
28255
11001
18818
36644
16386
14301
16881
23555
32096
16725
22871
37355
8667
21193
13511
11187
16065
29411
20633
17248
39118
23291
10767
9534
16114
17107
11321
39216
32341
38021
25621
22084
22425
40121
16379
21642
22879
35611
24120
28967
33804
22285
12026
39077
39629
23704
28012
27533
34264
17833
13345
37176
10741
37754
12470
11490
22845
23630
15027
10496
16674
37217
20915
19667
31152
24863
18117
20542
39443
35220
38161
25045
30296
12068
11711
21302
27256
35708
15124
24476
22162
35016
40670
16561
12408
40230
12307
34212
20077
31323
31669
24700
20269
26054
36088
23980
17198
19602
32935
14823
31526
26671
26564
18997
40909
34562
15727
10823
30436
19803
29704
9479
31094
33448
23960
35700
40798
16105
29549
28077
33801
35940
16645
27211
18557
20890
30254
34804
22170
38777
25706
19758
27040
32723
27544
35440
32754
32783
39377
35455
39450
13343
33425
40184
27404
23986
37143
12072
23983
25514
23054
26404
37785
26064
12396
29974
16666
14534
33179
36566
35453
24126
15575
18874
18058
19818
18903
18094
19024
40883
21167
25735
8737
30126
25845
27796
23517
10316
11810
28022
18036
39505
22332
14386
19110
15879
17330
13189
16653
9011
14216
31096
26974
8520
10419
29491
26348
29147
16327
26390
26221
20311
19407
11526
20737
27634
11644
32005
12400
21727
32131
35846
10419
38341
29248
27391
10935
12401
18591
23615
17501
15560
13372
37634
12741
17663
39625
37187
37836
12814
40625
38865
28627
23649
15610
23717
23747
38097
33392
31603
33101
14804
39936
21631
18295
11504
18018
19890
26964
15478
24827
10733
15122
21868
10241
27293
22075
37323
23008
28560
35380
30443
19420
18695
13834
30779
12792
28684
28525
37429
40471
22789
39677
37265
31330
38026
22981
23225
33513
29300
28677
17790
33421
23350
35125
24841
22301
21361
32070
13332
32959
24002
31531
19802
16530
11999
15512
14411
35473
26594
9994
10757
20155
19172
32263
31360
23921
40398
35495
15880
27423
12140
23635
37617
30494
12995
34509
30598
39385
25765
33136
15426
32303
12162
35770
26179
35353
16769
15111
38395
31373
18639
38303
17961
30370
18999
24307
30471
24052
17908
31012
39365
22090
40643
32709
20535
23670
30524
32738
21707
23677
31073
28993
40637
38136
15480
21735
38542
18874
15638
40158
28338
35251
39805
16694
29833
35860
37927
9802
28048
26804
26275
14405
21721
12211
40608
24548
36024
9309
29512
13437
22720
40785
12495
36672
13293
23522
24651
25533
22307
13501
8646
33190
33751
37836
27793
9174
26380
39259
10716
28819
10370
15994
23940
20240
31274
30370
20780
13878
15324
38043
30095
22692
34636
30364
28180
20981
14395
15797
31396
14657
17642
37994
13240
15590
31444
18593
19638
11144
29596
15550
20605
36438
22085
29708
35902
14479
14497
15967
40079
28741
13580
18167
20666
37986
34906
35496
22619
25576
19469
31032
28458
19069
41163
17929
31509
22054
23824
11255
20626
14931
37921
10372
37171
33820
35137
29235
22650
25546
25382
11825
10992
12185
13230
10554
23409
33724
10191
38843
23242
9122
29644
41268
9606
32888
20399
15073
17412
35055
38899
38297
37069
9791
26241
8950
14629
35436
14302
30134
11232
13255
28834
33121
27255
18873
22316
32044
28763
14012
21908
28190
9353
9130
38881
40049
35167
14394
23164
30779
40622
17607
31973
12622
10768
14676
11429
34396
22908
36302
15492
36703
29719
32656
31739
34615
36173
18477
8940
22677
28193
12649
9617
29209
10433
10888
33971
9655
35422
17100
28188
38751
24378
11577
16718
32477
15619
12699
19573
16638
18271
11978
21915
9204
8904
37421
17435
8955
35226
26749
32344
9533
14186
27595
20398
39923
40602
12997
27305
19406
39978
25909
23413
17813
40401
39370
32406
21007
28237
16667
20441
21795
39927
16873
9611
27710
11674
10916
11240
19445
39301
39985
13526
41196
13023
20971
12244
30710
33083
27368
24109
29053
13932
22653
38769
17445
13979
38404
12837
21164
26263
36316
25786
22805
13419
20402
12988
29957
36406
31743
14924
36205
15159
35026
30160
23913
19240
17360
17897
9832
36813
13689
22438
19854
21708
18861
15095
26710
18879
24942
15716
31868
21128
12775
23806
30490
12772
38061
26518
40721
16964
11590
39470
34474
12504
34792
21677
16509
28396
38274
13783
23442
19831
10497
13179
27335
30449
22988
33518
39793
15206
28560
26041
40774
25289
15171
11919
28027
31114
33123
37506
40745
19306
22911
39542
27381
32911
9977
18645
33776
37075
36618
18308
24508
33122
36870
12822
10225
41092
40418
20544
23230
13239
26611
21645
24276
19457
11256
29523
36479
13444
14939
26086
32278
12115
36788
11787
33174
29828
10127
11696
13706
10119
27759
26330
36654
14006
26899
30686
14291
22828
40695
10196
14213
40667
9758
38729
13036
18137
31247
26932
16496
20475
38942
30763
39072
30629
21228
27607
9685
39648
32561
17062
14098
11693
23993
9151
23087
15514
26285
36155
41271
11410
23060
12946
22286
11513
14745
40787
26455
36857
36751
29209
32148
32022
10034
17338
40847
12809
39472
36545
18170
17867
22376
11039
15954
41456
34545
12829
17673
9782
28510
24213
16099
10846
16448
15714
29345
21050
26093
16917
39901
26632
19072
37865
21557
12542
10273
9978
38827
28710
20615
30129
26700
35692
36282
28291
21776
34550
32798
27099
26626
19123
40365
15444
16288
26167
13956
14636
22405
18118
41633
14582
17477
37806
31979
30862
26265
9434
36722
25682
22972
18341
21753
9103
41236
17900
13234
30778
22805
25447
21832
18145
28515
17721
16418
23264
9782
30661
38375
15064
26371
34500
39741
41309
10329
23444
27863
28143
27401
21971
34222
41516
37513
21037
31374
16195
40090
37746
36565
38828
31785
16876
34424
26903
39795
29935
22854
21154
18797
31409
11121
31566
38499
21084
12106
31924
25567
35938
21580
26100
11212
34065
26460
27375
17115
11623
34895
37814
39462
22055
39085
32833
17428
12588
34740
37989
16508
31998
40864
40960
21517
36515
14378
22391
28397
11704
29263
12386
26272
30400
24914
30341
34604
14267
17668
11523
16250
31483
14659
36814
27904
13363
32449
18786
35485
17361
16647
12467
18116
17549
32185
41827
17629
22338
28955
20537
36328
24829
11220
34255
29796
28500
13810
22922
28527
14074
25391
15055
12590
24720
15474
18036
31855
38845
41625
28277
32141
36992
36470
18921
10900
30405
37399
41268
28326
31799
32587
35453
9374
30806
22369
10851
9458
20169
26675
27883
27358
36853
14948
19133
38079
34766
13541
28305
17341
12013
39358
20196
40620
12772
16395
36847
31796
33486
12100
16857
30768
10538
32706
20268
30805
17385
9343
12166
25620
29125
33310
12945
37825
37845
30507
30516
15092
40542
14755
25355
21040
27629
11703
11797
17346
18082
39373
22189
24556
39887
23496
37308
23619
36290
33673
35628
25174
22494
30389
35488
29072
14577
33209
20578
39008
22465
31244
16028
18582
21992
21940
41676
19217
34018
23564
13170
38551
29029
21444
38411
36356
14576
21033
33091
27047
23975
36775
20327
20457
35934
25996
38169
24879
35060
22798
36935
15106
13538
22416
33630
13934
25619
34849
20666
26023
29687
22086
27234
38131
22739
39417
27122
21187
38235
33009
25816
17187
20610
40228
20675
16981
32145
15499
35929
39609
19062
28197
24617
20977
18527
22590
35808
20801
33416
17393
13247
27964
30545
33260
16972
37021
10132
35955
37448
36467
12341
35496
29922
24449
41467
39177
26666
20196
35742
31546
37320
23030
27169
39685
20974
18291
29537
30879
33419
14810
28399
28716
14018
16662
37147
30854
36506
12126
35921
16186
29431
13658
19625
17876
19913
35207
37305
25693
37507
40668
23214
21793
10959
11950
22683
11702
39807
39377
23312
26937
30151
25856
27375
26587
26794
21630
34683
34716
34483
27390
14770
14935
37861
20417
29149
15615
28660
24574
25445
21544
28854
28550
21224
12745
16596
31912
35468
26688
38597
23378
26771
36502
22525
39802
15408
31237
31841
11964
25753
12471
17919
37189
26206
31185
41212
31215
27385
11952
16333
21933
24230
12658
18346
37418
41077
11449
41280
31661
30877
32939
16807
12864
18707
33086
32659
31249
11355
27058
18638
27416
30367
10591
19430
17402
19710
28080
27171
25646
18214
36208
34235
12638
20261
14660
32841
27664
13180
38265
32124
14213
40821
41216
15884
22753
28087
36279
9971
29069
35096
28139
18649
14554
20402
23322
31696
30951
11321
31229
25409
21188
22924
32709
28198
36311
33929
40102
10106
30335
16422
28562
27374
36856
32701
26439
20958
40319
35752
13451
27779
18102
41998
12726
39786
23369
17916
25458
40229
31186
18104
30399
42048
40442
14674
24634
35191
23009
21115
32926
28197
16065
16026
29323
25344
14542
40477
25990
26372
25184
39949
10818
21165
37459
21222
21533
33641
10670
29605
37870
23373
25732
25378
12286
26887
12824
16800
15700
19476
22596
37027
32310
10547
26140
27394
35308
17177
14798
33596
41415
35686
40397
23567
22370
16344
16686
28487
26664
26558
36690
14037
29206
17840
10949
19488
26050
37246
36710
37280
22941
36454
40904
39592
41589
20874
41433
17795
21822
19617
28353
15299
38417
28908
23053
19670
22645
32363
37901
22234
29918
21330
35706
12722
14195
20407
37468
20570
19476
41357
18987
35959
11164
36053
39733
20531
28259
33811
15167
37447
10248
42239
34671
22617
12397
28030
13674
13193
32258
15568
40889
27463
30023
29963
12657
19047
20876
20680
13587
17015
35579
16668
35505
22864
24025
26570
35154
38123
22281
33206
36760
22902
35282
21917
34720
28071
21218
31492
25130
39249
19602
36206
19706
37429
22635
40914
10366
11034
25065
33868
32944
31008
16000
15379
36158
25425
20189
41899
31976
20601
17774
12124
36906
26423
13860
19426
18204
37973
21368
14182
9878
19285
31916
26285
22679
13644
33107
19088
11240
16884
15891
35244
14076
20220
30378
33370
41499
22946
37167
10466
23744
28292
38554
38379
16959
19379
40071
22838
29098
26890
31799
25740
23798
23230
31448
41717
21338
16949
18182
36907
35576
16668
28561
25678
28095
41652
14209
10201
11664
12140
27479
17365
25503
24245
39830
25165
16157
23314
24706
13057
34580
35950
35624
26718
29586
40115
26526
32942
41481
10904
29836
12173
10486
40635
13291
31644
36545
22255
30989
25721
10212
39895
22494
42222
41040
38068
39273
25960
13324
11643
22942
29355
23328
41771
12882
19653
27825
10845
38791
41536
32109
25628
18670
35740
32042
38136
31914
39677
22473
21078
10071
37920
40289
39434
34123
24723
30106
34856
18715
37926
25174
40726
37729
38301
38295
21990
38845
16295
24221
24803
37658
36372
29262
26730
30515
11074
37595
41468
28501
29144
23201
32656
41574
14007
11853
26926
22054
28462
39492
13497
22453
34669
40770
20493
19798
32061
12864
20810
21874
37614
29596
24942
38624
11920
24948
13610
9827
14694
35154
34798
25972
37783
32015
19783
15938
28711
36593
35946
24824
11558
39191
39441
26174
31783
21527
42117
31490
28404
32997
17916
31096
15488
27127
37158
37727
21021
32678
19459
29063
34031
37848
19703
27792
30625
30940
11808
17140
34902
34709
19175
28744
23267
20699
15317
35262
21307
32286
17577
17391
37930
42316
26791
34263
22087
37877
39218
11553
11044
21934
12957
26533
32967
31155
15167
17968
31070
23504
39109
27779
27438
29825
12236
33438
40141
29784
41392
19262
37265
11935
40094
33700
31304
38719
29169
28824
40489
22496
26299
15534
20491
16466
29345
35784
17365
38443
24813
26588
22582
34738
34782
27383
10390
17916
35394
19074
31564
35413
22343
10181
24593
35554
23695
18857
37556
41604
40578
41922
30224
12286
10984
20108
15164
28763
39351
21749
35073
22666
36905
31516
14225
12876
31250
25177
29813
32848
28017
11901
25288
28059
27717
36955
35747
19502
30882
22919
13016
26339
12035
32093
25571
10905
23266
41797
19229
27280
14726
11830
12083
17430
24349
23929
40663
25956
29194
27312
42677
15299
12416
18710
41897
19699
29776
27144
34095
16332
10495
10949
37915
22566
26652
20338
37258
27127
12240
12129
16920
34747
26551
30354
14675
28697
10222
41082
31088
32451
30318
36868
15165
42142
28312
26838
29271
11043
34576
36309
24989
18181
27087
26859
21476
15891
37492
24584
19693
42081
42715
39782
18068
29858
15857
33042
20041
34777
35015
35240
38596
12337
37349
21085
20981
31528
34528
36931
26426
24307
16431
18633
22997
22302
31546
29569
29597
13428
31412
26919
34803
42014
33067
17374
25336
12815
23005
38076
14590
19103
25550
37513
10812
32629
21271
42436
11973
37803
40065
30183
32443
37677
16210
23533
19135
31074
24935
24080
22701
11023
29059
39127
22662
18296
17383
14672
34222
38088
23843
27802
26712
35762
24363
26791
19262
18009
19629
29248
14741
22125
38562
33866
39232
18071
10276
31815
13636
19224
25727
28704
19580
26029
19338
37153
30862
32949
14392
16453
33053
17813
28010
14260
28480
12892
25863
28042
30003
12963
38223
37850
32333
16312
41068
23027
31538
19451
41546
21217
15946
32135
37033
42295
31858
31765
24945
26636
17905
22046
27461
20804
35757
16704
13402
39185
33951
14819
41866
14008
34692
17948
18340
23193
11477
24530
10503
18794
19706
18975
22895
31939
11963
22008
13838
11487
31223
23057
36831
42913
17048
25083
11831
39125
16326
22671
24477
42937
33627
12688
36059
36283
17815
22156
33365
35461
39190
23299
25498
22839
39678
15308
32057
35571
29565
11699
26838
27295
14963
16231
14204
19942
37995
21140
38453
30592
39888
12364
41176
28340
27230
15531
22307
28699
22230
36283
26633
23462
15094
27029
18253
17378
21928
28617
16720
33403
40314
29184
33064
30208
38734
16352
15601
19685
34130
27184
31848
33230
33331
16701
11702
27915
23694
37500
31881
36702
18088
26992
40809
31237
11870
22478
36682
30708
20831
35040
23901
23651
24984
42023
39724
39560
19952
17220
35046
35494
33590
32537
32247
32838
14679
22571
16348
38340
41173
32330
15158
20750
33908
15221
21277
34217
13111
34296
15030
38901
18058
32215
36104
34225
39105
22895
38667
22465
32705
34139
34818
24879
40957
31637
31755
28529
27557
38365
38133
20458
41497
24415
38225
20147
25508
10640
12748
37530
11623
26713
36028
31339
20883
39287
36856
24431
16348
15138
39149
24883
12842
38380
10990
40586
37265
24045
39884
32725
42883
28445
28327
30338
28484
10497
20739
21971
39839
11658
28190
10465
42200
34618
35970
10720
29409
31368
10710
16036
30672
34438
35065
40548
20113
22721
26194
33983
12760
14440
18017
38396
24410
11441
37530
22678
15165
25209
30836
26616
18381
38187
16061
17541
17776
32482
34096
25819
36572
37842
41545
27737
34183
36068
37720
10975
41567
34208
13013
18900
32444
12624
10483
19054
27027
27490
19063
14637
23788
42767
22987
15017
26518
33338
24142
21902
24345
32667
34287
40421
28140
11292
17658
42389
20968
13187
43057
22057
24317
43090
36127
38867
39460
33515
13481
27057
32916
39928
25574
20304
20281
42506
34609
14191
24162
27264
35708
16389
26042
19883
25063
31621
15481
24112
24977
39776
27099
29613
31661
41931
39378
41119
30169
36036
18935
31619
40620
29775
17095
33595
12430
17926
12556
41652
22221
31696
29593
38854
35053
23537
28986
16731
12351
22595
35563
39124
19381
29378
32328
23208
34292
19278
19525
41550
29099
15021
30751
32094
24611
40656
12947
14835
34328
15447
17741
29779
25288
22871
21155
42962
40265
30042
15747
18163
19487
17063
19882
40657
23310
17604
25623
35261
33581
14394
21440
13609
35132
42904
12931
32453
13879
20922
13919
11495
15915
17739
29412
34352
35145
21897
35560
35949
37689
19528
10876
24251
21681
32058
23839
34543
27461
40557
37937
13876
29569
35349
29098
13558
18741
19852
11019
35327
41488
10647
39061
40160
13936
26603
17593
22419
27769
10736
36817
35678
14693
38084
15373
40186
11546
32387
30128
15349
23554
32966
11132
10581
39703
37993
19306
20862
16957
39570
14239
15702
26837
30446
34716
40614
20623
40766
27061
31684
29311
17427
14532
15983
25204
30421
39454
10746
31877
28938
14278
31917
37100
24789
27361
16488
33304
24253
27242
36489
35069
28848
21031
19216
37807
15944
38364
39681
29231
23117
13502
39434
17796
17786
16682
37734
25870
36484
37015
16897
11800
13144
42954
23517
29100
42916
14153
27828
29867
42138
15377
17375
13853
42481
39051
31094
28613
14380
14781
20153
34040
31774
40125
28078
21424
33710
18540
19468
39901
27608
36704
13656
28923
22516
11810
16462
27113
12859
39322
13186
33529
21895
37319
40263
26180
33882
19636
41680
36416
20770
19879
19093
30356
23483
15515
17912
20266
34870
20976
32297
25990
37593
10850
26695
14423
42342
38712
25800
26956
20897
16061
11802
33065
38156
41204
39562
14874
18933
21640
13670
17479
43442
36866
29534
14504
17452
21310
34352
11803
37018
17696
37765
42164
31631
39299
21269
15188
38455
37746
22546
25469
19165
30619
35268
34660
15025
33536
36721
22088
43209
14832
13183
11011
38501
41782
33244
16607
29815
17296
42398
10922
36451
28003
18919
16397
37379
14508
33292
29977
22766
14138
31990
20515
22266
14619
34760
29138
20991
13652
41921
25462
18142
10965
13157
40859
40898
36267
33495
35039
40870
38008
12170
17152
42776
31264
13080
41529
13884
34758
38258
42191
20499
31479
35386
10983
41725
39972
32109
24730
39549
39254
21317
36427
15933
31005
24414
17208
33362
14793
22295
36432
27840
28893
17211
14661
13377
32449
13537
14817
15426
10935
16784
19869
37423
15120
35495
29552
20464
23968
21500
14309
34740
29807
28100
34672
40173
39601
30131
31490
11931
30201
13156
21211
30414
42921
37882
37792
17254
29357
35080
31149
27678
26985
20142
13996
27081
14319
23813
11622
29403
24182
35005
40922
16682
28680
38661
33676
25846
43386
18603
28704
18727
29857
41093
23591
19671
11203
26895
39993
38416
12620
15701
22596
33239
12226
39188
27427
21865
38395
13340
24691
38084
41870
11512
33954
41577
39303
18129
15176
35937
25439
16016
36795
43646
19499
31555
13278
29155
37907
40386
24889
41414
31238
13202
20559
11637
36268
37129
14891
34711
23964
38579
38973
12981
21968
26101
38500
15097
25173
18672
27468
32053
43591
20904
35578
24358
30461
29798
26533
23803
39809
41307
13512
36881
28739
41349
24693
37633
14094
15063
14060
26332
31546
24468
25708
15797
16932
27900
18761
20064
40923
15658
21567
38266
33820
36925
22278
42921
21377
37046
35110
31013
41205
30497
11533
15992
39787
37112
35679
19074
33744
11972
14477
36287
16189
15749
22697
39629
22898
36692
21881
21544
35712
38727
15050
42809
39621
40085
11526
30863
42013
43258
11785
42348
42839
13917
42033
16003
26342
24497
22452
24576
28633
39193
23095
19145
24078
13135
35996
41731
12450
11846
14107
30681
17067
40718
26516
30840
15402
11513
35363
31326
36667
27132
28662
13525
21903
35415
14427
21946
41500
16248
20509
21379
39699
14877
31505
41089
28691
38842
39916
41825
32924
16154
11863
39161
18118
28744
42822
17218
23091
35760
12165
35232
40770
21634
27795
28266
30341
12887
19380
32166
32886
13847
33602
39188
18789
26138
15940
17775
29109
38285
42562
23791
42568
19224
16215
19218
32056
31421
19079
13724
35528
38660
41555
14044
17050
15701
17803
36146
31010
33189
33892
25550
39258
40277
33738
39098
25271
34134
35575
42011
17244
11154
20293
33972
41615
28551
12864
21931
12137
33333
42496
29072
34769
16699
11190
18075
19371
19773
41092
16437
28748
24456
19602
27066
26673
41721
26718
11902
29425
37915
35923
23310
43377
11407
16030
17336
39511
23985
37693
13389
35521
40568
37464
36133
12086
37022
22741
12644
28893
33025
42791
43644
37612
18250
21094
42227
19556
18636
19365
43623
43516
41647
12672
15567
19546
16205
40948
14083
22153
23260
12916
38527
41128
15182
27704
37475
33503
40821
31449
41919
19608
43371
34587
25358
15339
18481
34825
24320
35161
25750
19528
20605
23486
21850
11685
20454
14465
24212
41712
28574
17422
16465
41997
24521
26246
39038
37960
32595
43188
39944
42729
32308
23876
27457
29192
29939
27183
34182
41891
38249
18042
40991
36078
22728
32800
25702
30698
20188
24141
22827
31545
29328
29644
31576
16433
42931
13763
18897
28463
17916
27294
18590
13870
21836
34121
16204
40344
24372
16546
13968
40795
31159
36654
31022
13376
28497
13066
39961
19321
43064
37413
20956
24696
14561
39597
36152
41736
14790
19399
14095
26006
19559
13955
31617
17871
29070
35599
29268
17265
38104
34347
42649
14682
29041
21212
16780
27878
13343
13413
23741
42871
32386
35955
16237
36437
12186
37272
35643
11449
38281
18938
39936
25636
27802
40525
40695
14069
20355
39166
42273
41275
31975
42417
13543
29640
38431
25838
40706
25991
15162
26647
39576
20239
43074
27038
27815
17527
14273
21876
40615
33132
28292
13765
34923
23426
29855
22498
12617
11976
40882
15743
19578
30879
29290
11806
21699
38092
13642
31947
35669
20683
36011
22026
24051
18790
12289
43534
30802
18055
42593
34603
33989
35147
44096
30862
24602
16471
42622
15660
17598
38511
18083
27384
12584
36677
17512
21081
36213
42638
20601
13787
21584
25947
42105
43557
17173
24999
21574
12843
21814
23596
17535
27556
36573
28796
27204
24511
23251
35660
14397
19473
32672
39699
23774
30674
28660
11988
13801
26954
31301
30519
40244
36742
39866
24031
29356
13391
31304
42744
34714
19037
18971
20751
20261
27591
41527
42791
30744
40126
33887
14601
21478
42619
39989
11739
12012
40566
31140
42228
32245
28121
19067
39151
34051
27956
22362
30974
23373
26738
18386
27777
28804
40716
29128
29912
30554
38012
14362
24949
22853
17653
15494
18997
38784
37457
26823
33776
15700
32075
37632
17231
18325
32494
16734
25053
42351
38477
20729
31073
13923
24181
33788
18796
27020
16544
15110
39726
25127
38571
24016
38797
17746
20938
14095
17273
38164
31099
18332
38521
15518
38584
21714
24458
12752
24433
13879
27690
20479
13881
42591
42416
20470
21056
39694
39134
33082
41857
26781
39865
43155
18236
13471
34200
42951
41127
31684
11644
21161
27105
12029
41631
38226
20775
44000
21328
20399
30282
37967
38397
35388
23648
18772
18578
26638
41914
36176
31234
31255
40983
37205
21026
22438
40727
29136
43966
41005
29427
26219
38119
19015
38250
43313
43402
25593
30463
22771
31815
43064
20065
23275
33151
36268
31787
32672
12463
12980
22221
28425
20477
19114
29386
40949
40465
28776
15141
24235
20006
33291
28181
42701
35425
27127
20992
21634
28769
31003
13991
28883
15383
13942
38559
40278
38104
18393
27904
25354
12464
22511
37729
26755
16890
40316
15363
21319
25389
26594
23628
22647
29945
21737
39799
16562
41619
37823
39307
25398
32845
22846
41609
23624
30825
26990
41450
33495
31279
23115
27208
24924
40765
29640
42332
13828
15135
20755
32808
15889
35103
42779
26485
20605
27742
21584
26752
35809
30244
40361
35313
39830
42613
15596
12556
22554
39653
42026
26411
18101
40877
39560
37740
15452
22269
38470
31911
42965
27284
30713
42915
18204
31631
35611
25993
19462
17534
28614
42648
13348
41405
20925
25883
22506
29698
37036
15512
29968
37170
15793
33099
14393
14201
37402
27602
35283
13977
17265
44330
41534
17282
22710
32474
43312
43556
25835
33646
25688
20865
19158
35623
14657
17926
28162
37105
34426
15899
29959
33685
38900
19705
33035
12080
15019
14267
32393
23268
13192
41144
29521
28365
40326
32017
28112
13879
29461
34950
31122
37390
18108
43918
15621
12181
28417
34726
42112
38747
43405
40425
16003
43116
31116
17377
44353
21444
17747
23197
20827
44041
30533
31747
37359
40313
42487
37480
26065
25121
34706
36446
33304
34383
13433
11981
20957
37195
32044
36678
39743
42562
22381
28819
30122
12675
42657
28563
30042
30190
25464
40517
12314
36520
26320
13090
32594
14612
23511
17072
41792
31487
40304
14164
43910
31003
33497
31591
18661
37295
24458
35213
27720
36748
14944
22338
22276
35139
32762
19894
32862
16533
13412
17627
29774
38443
26610
13500
36738
25992
29551
37136
15526
23867
16247
33551
38627
42841
39714
30084
38309
30250
26083
42788
42402
18723
37039
14110
21272
32276
14945
24563
26965
33443
27485
21640
43901
14841
13427
29562
35464
27323
13575
17585
31882
18748
19567
30008
22839
29169
31389
17739
24486
26661
13310
40114
18773
27885
44193
14670
36462
16991
24220
44018
16200
12031
20396
38772
38705
21882
23067
26115
44139
13463
31975
26810
24948
25450
30496
38262
31626
24011
12946
22245
33391
29958
16804
41696
19818
14548
29824
19195
24974
27786
18804
15194
34110
23697
15512
39878
44273
43030
15026
34559
42291
21250
15190
19540
40429
13357
18002
28530
31461
37838
26697
23162
36232
36407
23197
30294
39912
36543
25234
40268
22785
30463
43953
39891
12864
17985
41323
13222
38470
21813
35839
21784
39145
31206
29854
33447
39035
42989
38092
37587
18511
24804
21769
17457
17530
35102
40625
22459
37591
29845
34081
42346
13646
16420
35355
24327
12629
19191
33132
30014
12470
25663
22475
21236
40851
33066
16645
25306
27560
36626
37207
37698
18641
13813
17947
19506
40652
40741
33192
35767
33855
37952
32371
40060
27389
35427
15738
39579
24965
28059
29666
15027
36300
16540
31710
34619
17724
25782
19668
34838
26108
40452
16059
34919
21874
42983
40136
28326
18438
28082
19273
23284
13865
15271
34001
32683
41622
31779
29333
26682
38360
21781
42006
41520
29453
14772
43520
31894
35305
17522
22610
20866
35326
27947
29632
36329
15162
28579
20054
27573
40881
30255
38749
37399
25244
23730
25218
36895
14498
40907
43573
25994
38231
19533
20816
36315
23043
33520
26617
16813
24996
25670
14281
25159
36406
30960
23342
17265
15153
27153
25613
18310
14676
40451
21932
33227
14241
36169
30160
21247
15785
25541
14626
13363
39689
16939
20183
41948
28725
13238
36752
26919
13428
44058
21375
41356
23852
41401
29644
19622
35424
38937
31543
19010
23671
44694
18942
32438
22335
34644
12545
37236
30257
39544
18468
31198
22007
18840
33781
20060
38699
18287
20111
35244
24162
42966
42942
14970
38249
44016
36963
20785
20942
40612
17690
32784
33954
21840
35867
24960
22398
43195
39518
22693
23236
31308
21507
24627
26919
39290
27632
15235
25710
40324
42684
15846
44916
34658
17612
39993
35188
16379
22459
31929
44675
18072
34559
14617
24926
41881
34762
34514
16998
29543
19503
31163
38889
40361
44422
38105
27555
36027
38417
23928
41349
31067
28128
42106
27573
40614
20209
31216
16341
27204
17564
32487
12680
31967
39470
35204
22066
36569
31957
20308
38400
36158
29884
35293
36393
33527
31094
18809
26739
41537
42400
27236
19448
33374
19906
24595
19242
25994
32375
19143
29461
39729
42446
35683
24548
21087
27631
18810
31399
28792
32514
40877
17491
16425
22092
25140
21002
35998
12443
13242
24221
31990
20965
23662
38224
17396
17452
38743
31197
30711
40868
18919
37307
42796
40472
22996
12959
31746
32138
38179
39492
34270
30234
24710
13160
31249
18217
40935
44055
33031
40893
36165
16683
25536
26151
29119
25364
44420
41700
29934
38869
38355
37570
30328
15951
18076
42051
42466
38594
21167
25670
19622
13457
28787
40420
32390
15685
19676
12697
42015
39125
35480
26532
37825
30501
16777
16816
44158
20172
37496
36787
42881
14618
41736
19479
37794
20314
38376
33560
44855
27988
21325
18797
37932
32022
13728
34346
27222
45044
28275
37861
37892
18638
14266
32023
35031
23441
42296
22470
21204
42496
43575
33889
25016
26037
42876
21484
43147
20322
38266
22876
14712
35677
40646
27205
21468
23388
16075
37554
39069
19837
14527
32852
22717
41097
31446
43232
12847
15737
16821
44978
28393
27193
36905
20150
23098
39341
20249
18056
32862
31986
43449
39386
35920
14822
31233
38935
14303
27370
22878
31557
33284
19430
43431
40240
40819
14478
43602
34757
22896
24548
28136
25788
20196
20734
17334
36986
19376
17674
27078
21557
43585
19087
39693
35673
29540
13814
19942
14378
45148
31560
14015
19371
41779
21817
25362
42175
22861
23910
32920
35471
19523
31195
42169
42539
34030
17368
43078
16244
29889
19413
27498
16697
31068
24259
38366
18592
15967
45205
42845
17352
29052
36863
27736
25516
31953
34685
43754
25931
15220
36760
39950
30214
23631
13925
34064
14153
26414
24654
34113
42349
38934
34324
27631
26077
34009
37909
43668
16504
16615
20171
14158
18487
29543
24726
29583
30480
37766
29883
27414
16666
16143
33708
32542
25329
24381
13450
20949
28508
36813
30696
34319
24621
31830
16338
42812
44649
42973
30989
19863
13737
21156
43425
21153
26304
29252
22677
43470
36254
28667
41722
12670
44661
41287
41515
36910
15898
44724
34642
29168
14765
23794
36910
14872
24956
27690
14612
32057
39717
33170
20532
22352
16123
20288
19998
29246
21675
28220
38789
20604
33568
40664
35906
45066
14243
25412
34715
39336
18503
43101
13766
28745
38276
28870
25257
38085
28450
13882
42468
29134
16472
29984
36881
33829
18230
38496
15690
13069
23360
43894
28908
36097
34652
45253
40603
15522
31470
18989
33927
18931
38465
44511
15085
31688
38441
12656
23776
28028
41702
44333
44617
44259
17996
43439
25389
29823
36129
35759
27694
22007
22471
12827
27733
26820
40474
14952
15374
20782
43676
24363
40308
13175
37072
42211
34255
26454
25315
18713
41051
32679
27281
42924
28236
31328
26951
35430
43022
44231
41861
38610
17361
16354
15239
20050
17733
20783
40740
21612
15010
35734
36086
28517
35564
19612
29883
30481
31093
43481
14075
42473
33443
27308
34796
32862
30195
18989
31122
18029
28990
38243
28970
41844
41276
31160
35785
36932
27462
38825
13889
39799
25696
44482
31812
35844
14710
28618
21196
37392
27878
24123
25017
31239
36159
12789
37052
38380
18760
45106
23413
20717
34117
31421
45272
41275
21877
45151
25045
19480
33247
29082
25400
45106
30543
40346
26318
35375
18843
23401
36809
26505
43818
17250
18021
15260
32183
15592
28364
19197
24659
25688
34615
24846
24233
36155
29015
33743
42374
13505
27379
39415
24729
30827
31186
14148
42359
25863
20187
33551
36833
45537
25723
27939
29514
15416
23623
42191
17812
22255
24547
34362
42779
17029
35106
29175
44020
24903
38254
17113
19063
31684
26731
22025
37626
43394
41431
22869
38112
45551
19125
21451
38099
31130
23978
40071
30797
20387
44711
13257
35421
44913
30152
12875
32168
19106
33148
17105
20398
28488
21479
23041
29006
40530
44932
41077
22668
26184
22287
17167
24467
22076
33954
40332
38134
40189
23582
29532
24891
43149
23756
43697
42394
22997
38468
15831
14338
41112
42126
22211
24669
37798
14216
18670
15125
22866
43399
23908
42199
29733
26945
42263
37783
18388
15083
17786
32980
27248
38046
29515
18717
38365
39423
36784
42196
19845
31519
39814
40498
35917
15008
29942
43147
36553
40730
37705
15571
36267
21436
13565
40802
31874
31799
13336
13044
41121
16343
29884
31988
37980
36851
41468
16122
35451
44424
44270
18834
26088
45601
16897
27711
31147
40954
43153
42687
34072
15716
16569
32657
16455
16235
37737
41909
36037
34743
43192
13235
40585
31152
39035
25054
45354
43750
35094
17882
40271
29359
37010
35164
25190
40210
44016
21041
30873
17635
16573
36226
32509
39216
23783
32854
39437
37340
43215
16728
38488
22410
16287
32731
41846
25276
25054
15387
15168
38460
13890
21701
35137
22716
36037
36282
26215
29113
22522
29712
15614
44453
20642
17242
26847
36164
30587
45098
26597
33879
26968
15316
28321
35704
14710
30068
13647
35141
17934
19506
37128
22208
15143
22212
44345
25334
14254
13365
31059
14815
18632
27109
40644
29318
44903
25298
37671
18537
42012
29717
39607
25635
36140
35504
20234
38728
23269
26246
32252
36753
32306
34475
29929
17721
44398
43742
35871
43174
27510
36436
34450
21324
34050
16312
39378
16335
30773
14959
45627
19815
31346
42272
18283
37513
36978
22900
21754
17092
27795
39194
19301
44009
34675
37903
36170
36462
42686
42012
19675
21780
17988
24992
23949
28616
38735
30095
19984
21959
35379
19643
24196
29446
38438
36946
42730
34001
13138
34728
33240
43442
15145
18231
36721
43156
41721
20709
25749
45864
17600
35205
14933
42888
43585
42911
45482
38171
36439
32628
32614
35000
34954
20541
37994
25614
38624
30388
38426
17475
31221
43221
15118
15323
38734
40678
24586
25564
21995
19893
26929
34863
43291
38433
17269
29514
15765
36315
39506
40204
31939
17774
38332
16616
23137
44925
13398
40774
41031
36172
38372
28198
44163
33923
18947
15623
21931
16942
30488
20487
26994
20231
28038
13899
31096
30968
31524
40865
27239
30172
37614
13668
31035
41862
40186
31393
43745
35076
33454
30583
23044
32036
19249
13252
22308
38456
23583
17662
20200
18199
45697
29534
27317
19812
43004
14916
24447
21779
38984
42967
24287
29992
31460
24555
40550
27074
17672
17961
26930
44889
42972
37737
28606
25412
32487
23139
18942
36222
33482
16263
24492
14249
37934
26665
43741
30035
45819
25825
35031
16761
30154
39730
36134
21833
38302
29289
35565
23596
25038
18376
18555
43268
45126
28132
37150
20658
40432
15180
39228
19932
45932
27755
26783
37357
16903
23728
16145
42845
36075
23276
42793
18738
37523
40187
43876
37831
35458
38566
24951
45772
27445
14280
16356
45198
35926
21936
29132
19064
14642
17351
40196
28378
18285
24434
20075
18410
34292
37690
32890
30729
38964
38187
28700
27463
37258
25721
46016
25128
25850
19050
18605
39337
32035
25199
35478
13438
36978
28052
18799
18846
34199
29979
29055
15361
31797
32868
31157
16296
19934
25105
35903
45023
39742
24679
40281
39615
14742
15606
25699
42486
37997
24444
27447
45259
22402
43015
42937
22364
29956
44122
21424
15146
23557
25746
30420
13528
29485
35593
22311
21296
43947
45947
17289
19303
16497
23911
27783
16034
30113
34232
16245
30904
27714
31653
30652
35898
24120
31958
23156
28593
22131
23752
20534
32806
14694
15218
20779
36072
45499
36649
22377
20617
21829
34241
19328
31530
38454
33013
40783
45560
21650
45576
35613
42999
41955
39085
41189
46079
39215
26917
43504
34820
13607
40359
33449
28058
16033
14084
26798
43959
41288
28811
28451
31163
42130
27434
36171
41903
36595
37847
31577
17354
35153
18734
20867
13626
22199
33884
40281
42017
46157
35131
24917
24285
30088
25022
45747
19596
45214
43152
27010
44239
36669
26360
38652
33999
38780
35328
13843
23934
33042
45782
19020
14112
27333
26226
24784
22025
33830
24697
42945
19624
32636
36194
36810
26308
24574
28631
44026
23046
30789
30046
17362
24504
44288
32312
19356
39884
20458
40073
14079
29984
42745
20154
22993
17152
29656
14620
19244
29677
36760
41678
32452
37276
28323
14816
34935
17986
41201
25272
15910
18191
41598
38581
43972
18424
36859
38419
36268
23738
37827
28943
17720
27420
40722
44107
31631
37492
17265
33907
26302
44140
16501
38177
25867
19206
39337
26366
25221
22494
18633
43307
15584
14512
24625
39391
39296
40217
45460
25169
25044
22946
19697
27096
23013
29690
27587
25680
34095
17539
40057
40897
19887
20752
16933
21819
41277
17646
15480
33028
31004
43553
19438
34294
32720
18415
34374
40994
18735
19107
28469
27321
20667
39051
35163
32045
45615
30787
29558
25491
20568
27701
26070
30284
24102
26465
42001
21732
32259
16218
14071
34874
27491
32657
33480
36833
25245
33238
36261
24263
15097
28700
35397
35604
26378
37757
31465
13653
20286
38014
32914
27354
15027
37011
43633
34652
14924
43238
22943
23012
18949
28244
36110
37095
40067
20152
43456
45494
17648
26477
37686
40726
45829
24846
43052
29482
13672
14464
30595
45210
30265
39219
16767
36590
42471
44196
39218
26171
18505
33575
14904
32258
22506
31203
26277
17237
45988
16926
24892
43579
35440
28091
22498
15958
14716
42240
21074
42691
20606
27037
30993
41282
45129
35562
18597
14487
30621
44913
34050
14896
45636
38828
33093
44807
32346
32272
36772
23498
39917
14410
44453
35898
39622
32200
16527
44497
39557
30587
30238
32167
20724
31963
40315
19862
19093
41516
35947
42140
39293
31744
25799
16002
26213
15358
20012
44731
38911
35553
30707
43663
33926
17348
30564
15993
24985
29852
22054
29389
26185
18438
25850
41885
21361
15427
42666
36830
22086
19328
26427
25543
31022
26971
21354
17018
38614
31140
42071
37606
33662
42080
45947
37868
24728
43796
35551
31680
20114
41792
17808
42643
28912
14889
21582
39023
30877
26075
31364
22114
43139
42863
38781
23262
34905
17034
36820
43360
14780
36390
27436
17744
41858
17045
31266
36904
26443
26818
39040
21209
21848
20155
24499
30315
21153
42348
23936
45027
25889
43949
41714
41833
23157
35456
16279
17066
15525
18067
31980
27260
35138
27405
28181
33728
24241
20871
42961
43917
37830
43863
46254
42635
28053
45077
39289
41884
26500
38232
32249
37314
16805
46017
19933
36157
18755
32059
26098
42995
36795
43136
41369
37141
33677
46560
23673
24576
40883
45374
15473
34401
42290
21851
22480
44445
37614
29783
35785
33648
20418
18804
38689
14804
15056
38942
19755
15908
38422
15400
29942
27521
32579
36697
43205
15477
27336
18471
18879
16342
21809
46530
23528
21741
40630
32084
24144
29400
17677
15495
29579
32557
28547
46409
28256
30688
33099
26316
38597
29799
42518
14288
15116
16923
36068
38436
24919
40930
17689
44906
44369
23819
29139
42780
20000
24441
18299
28108
34965
21764
34714
40368
45478
37916
28398
32861
44319
28591
18878
41427
17556
33357
41578
38074
27290
46219
15942
19435
15927
33445
23720
44338
25238
17767
27712
16722
32511
33357
43688
42314
31495
34537
25148
41175
19204
21381
14892
34362
24772
39178
19664
16187
38015
20000
30779
43886
39433
40855
40210
46005
22092
16390
16287
14086
43254
23217
16161
46191
32367
44464
38758
22103
15886
36686
24732
17158
26764
25264
33125
22120
31417
16311
18217
43277
26733
21030
22704
34933
17346
46088
14064
17547
25728
18252
16419
30319
41945
21171
26909
42104
32855
26092
41181
26490
15890
18685
37474
30020
22310
31460
14528
46189
20580
33662
31090
15697
17992
40105
14578
27734
17963
30373
40327
26996
18362
39873
29790
18676
23207
14131
27869
43383
23711
17223
40500
29499
19323
25276
35637
40090
34746
26986
39013
38867
39727
22569
43091
19981
22519
20463
21032
19353
25518
16440
26240
33144
33506
21675
46712
16413
14536
26106
20744
20339
36654
29194
43668
18466
39601
24404
25277
37391
36656
36747
40061
44065
30849
34174
40051
41291
27490
41537
41339
20167
17074
15751
43906
24479
15585
40275
42137
41330
36261
37072
41031
38517
14318
45692
42276
26808
17437
38284
46243
41643
42608
25229
34096
20704
27073
42823
41595
28946
29297
24038
26643
21095
28063
28508
35382
19186
16541
46337
41192
26236
36004
15740
26946
29316
39622
22759
45325
35716
17445
45102
41103
36726
43619
27576
22181
39319
21593
44362
35602
27499
33548
24872
43799
26369
21212
43645
42052
32376
31999
28412
20877
15554
19758
17864
16032
19368
40862
19857
46454
39694
31538
44544
18984
36217
39919
18518
22789
19918
33200
23376
43745
45661
22299
40525
45999
20765
17619
38834
40787
43321
34031
45710
41137
34252
19116
22394
46858
32233
21086
36036
23944
46559
44461
25036
22807
17851
40957
43437
39031
26894
40750
18720
23183
23536
19590
39838
36613
35140
31211
46021
42251
28222
36694
31485
15484
22307
25732
29787
27943
22864
25327
42694
39019
44670
33788
29272
30980
21828
32630
21766
25892
39645
15931
25220
30405
29228
25909
29539
36414
15357
35980
20349
25365
25742
30490
22418
38677
31310
24096
29235
32672
41444
42295
16351
39238
35699
35465
23149
22934
19741
42816
41897
21299
18118
21567
26434
24619
29466
18192
21476
18053
18897
31518
36769
35609
38705
15141
27541
26277
27861
24294
31434
37148
36782
37151
36953
22337
34631
45498
26834
44661
45645
43077
33502
15053
33870
15010
27427
31592
20673
15360
32616
37120
18247
43018
27898
21182
34096
32349
28238
42323
24641
29248
35815
18500
20148
17039
25722
36229
36993
19961
16465
44874
32220
46956
29677
14362
40703
44748
21999
45349
28969
45547
19513
35543
31975
22966
46160
29613
41362
34732
43780
37192
14873
34709
30548
20416
32512
31088
40076
15162
18857
38829
22448
38845
40147
44444
35869
43841
38496
21030
25454
28169
44635
15035
42141
38195
26425
14987
34410
43918
21343
16889
33025
44203
37861
29260
25303
22071
46234
39336
44245
41863
35144
43838
31160
42869
28729
34751
29880
14443
40441
43542
41831
41661
22110
35926
34525
21820
46790
22769
22546
15368
30112
15404
25483
15781
15150
27087
18489
36433
30600
43809
40350
19861
23013
35091
17713
41499
19734
26300
27396
18367
40275
40965
31140
17384
43834
32934
34112
46105
20501
42833
29198
27331
22364
43308
23019
20062
45435
35205
30018
44727
17364
22978
35630
33932
31240
38294
44259
20310
31858
36731
16458
34150
45045
33116
40427
18995
25336
38289
17936
24307
19374
31761
28967
33128
15259
24547
32617
44285
44116
20694
35769
29201
35206
30066
42447
22419
23609
39214
30613
31439
15190
27364
22993
24967
42343
32641
39941
45638
42911
27905
33683
18161
30234
37275
17957
19871
22885
23352
33612
27562
38209
41770
33128
38663
44196
29211
45511
39378
42753
16451
16401
29741
15049
34271
45283
36939
33074
45022
21434
31944
38711
19677
35859
41276
20448
34389
46544
41231
23491
14867
43230
24719
35275
18409
40981
24639
34104
26532
34655
25202
46311
39741
29981
36633
40916
37204
21190
35290
31453
35801
30929
44642
17353
40717
16854
26363
36232
23721
22768
20833
25020
16220
18277
42449
23417
27259
34185
37988
24393
37365
37599
35995
38004
40581
22914
41787
33662
25131
24771
35419
32240
28892
37652
20411
45916
29049
39717
21847
38811
31486
40012
47164
32345
20988
18986
39323
36820
39497
41868
32284
31456
20725
21647
46964
34863
41601
33800
35898
29391
29004
36898
37366
43508
41038
32329
28028
24568
30216
41543
28024
35488
43963
16557
45897
47265
31961
45173
24083
24674
19129
16357
27663
35844
43150
24759
17958
34464
25498
24438
43455
28367
23455
43563
25813
21104
16279
27193
38988
47013
33444
30086
29829
46879
40266
23259
42032
35740
28380
36238
22881
15021
21300
29790
45286
15037
16551
24478
24537
14927
33337
43670
24433
27783
25100
35878
35613
32492
22559
23212
25812
40044
37173
18216
29606
41377
25106
21406
28824
26194
31469
35004
46510
16445
28451
44733
41801
41747
25897
36237
28595
33221
33476
30766
38137
21758
27004
42842
20729
27376
22350
42858
27579
25684
16289
23926
47109
33452
28795
26558
33321
43980
38901
23880
24866
18072
15852
45259
40415
21775
34298
15052
42207
28553
19876
44807
46590
34108
31445
33040
18063
34309
36492
31802
18858
22886
20433
37560
21191
18123
41709
43010
18060
45841
24794
23163
36324
22344
17145
36944
32593
21688
46851
19363
29315
18979
44866
35305
45609
20042
17153
45712
16391
29618
45889
22757
40777
47528
42925
21814
39191
36483
47056
31027
44905
18217
38022
25498
45597
45013
26032
46868
43591
39447
45100
47194
36808
35868
22533
38811
32034
29999
37606
26914
21898
35712
24277
37172
37183
46884
20765
42807
42011
44638
20876
37914
45671
42781
38367
28656
34804
16837
29051
25310
34151
37170
19806
36152
30677
25595
23636
15079
36496
45811
24430
26126
25408
22774
36528
19693
18485
30690
31242
40709
20731
44771
30346
34172
18735
34292
27599
35524
36242
45730
38337
42360
31580
39443
36479
27270
27091
46152
46233
43667
25115
46239
16768
32411
35152
39836
42042
34776
28882
38376
29786
26342
16608
19610
37168
44580
29033
35510
16701
21341
34078
23539
26089
25768
31436
35010
38777
33932
26857
37771
15675
29032
30573
39738
30211
39954
44003
18170
25819
37311
15295
40768
46583
15651
22770
30732
28647
17113
44220
20588
25872
32004
29889
19265
22877
23095
30304
42309
45106
41874
15424
19533
46754
28206
21035
31692
24033
15292
29472
33433
31228
36456
23971
38386
22727
29700
16984
21952
17687
19554
32976
26140
18994
20225
42659
16915
19332
37868
25791
43942
17556
41952
28415
23829
17718
21421
31232
24414
32257
28382
19248
43520
28931
30108
36647
28676
39604
29136
27195
15934
42793
42888
30542
20177
34698
42140
43243
46577
31686
29585
16530
19437
25733
30141
20559
30828
29023
43180
31377
17142
32587
23235
25658
19639
15194
37667
36083
38784
23973
45265
33218
15887
36995
34067
40414
33168
22528
27933
19906
20580
36235
44780
34944
43552
17391
40307
29528
34009
42885
18421
25481
38815
44711
47282
45671
44615
44647
34501
38830
27246
42881
16205
32278
38330
24463
27083
34343
26979
39548
43979
43855
28402
34875
20423
16178
24137
47801
45896
44865
40164
47120
24654
18574
16990
31997
22002
28126
17975
33684
17482
29696
47828
41522
16269
39006
47559
22196
44663
17874
25937
20966
30703
39867
41765
22334
46056
27471
29807
17611
25477
40755
36629
22376
29824
16713
39997
32565
37836
37577
16399
22600
37753
27283
20156
39839
26585
19907
21183
40025
32737
30342
18531
42278
31953
15661
45701
18941
36120
38784
27803
33293
28273
41557
24053
40437
23379
26977
29251
28215
26504
24909
31576
44522
36891
18444
24621
34224
33400
24429
15657
47848
24271
46572
22943
24357
31161
29134
38553
37854
24862
21101
47828
46695
43094
23504
16395
34847
16270
24702
34168
42732
23150
23956
35737
27108
43513
23830
40240
30285
28084
21123
35213
41160
40970
42412
21519
28361
16879
24517
31977
19530
35268
44733
18210
18881
31098
45771
40928
30287
40955
19018
35557
43578
35269
20422
47194
21917
42200
32343
42955
42846
39891
28717
31860
41057
27738
27501
26299
26363
15546
28988
18173
28330
46288
17176
28045
18435
24103
21103
39930
44267
20320
20074
43921
40202
42711
17418
32035
40573
39043
33911
38409
30411
37662
17813
36452
28699
16518
45271
46249
32420
25956
21592
35422
23140
25611
43560
32286
24853
26275
43491
34531
21597
29830
39049
33925
18501
30442
35465
35197
21996
28865
19487
29167
26237
28125
41952
27624
43614
27992
41876
21732
37034
19251
31555
37011
21218
27965
33427
15580
26847
46902
27729
26403
30987
35381
22605
42695
39121
21319
46955
16623
29010
27993
46583
47495
40026
23128
41017
30085
19858
38806
30025
21105
39927
37232
39973
22308
32650
31278
28417
25040
22345
34858
37086
30528
35679
24373
16734
38753
40856
43318
41687
47874
18967
41492
42662
24280
25163
39638
37830
16325
15391
47113
23457
44121
17265
28514
45349
36762
27590
34981
38427
39168
18492
42437
21172
42436
24512
38477
35685
20315
37248
31230
26869
17213
40355
30394
34517
18410
42552
34209
39855
37679
15469
39801
36929
21925
19970
45139
30828
40828
34557
27243
41608
33398
31646
28753
45307
38198
44693
42566
29194
48059
18291
23273
27119
22824
36191
42771
17195
20166
31242
34047
39197
27723
30949
25262
20692
46429
42641
45961
29730
41042
42134
17737
17137
45626
21849
23572
28378
39967
37960
23016
46324
15755
15960
30013
18922
45131
40625
17126
19537
16755
37799
38713
45368
31650
32749
33391
24320
42631
23557
27726
27246
24484
31739
37637
43518
45138
23891
29015
37754
17670
37184
20475
38860
43474
38679
34371
28945
45103
47874
44541
38638
25081
19705
20119
19751
42427
17390
17286
32877
30765
41288
25063
25976
24315
43155
41319
36438
30920
16246
19553
27139
20083
35301
31559
25145
18841
38551
24387
35721
29787
44987
40990
39851
26209
41959
20832
39443
33566
39761
17081
32452
27990
19777
44959
45929
21470
43462
37433
43682
31652
19369
40316
33180
43759
18079
41620
24548
23015
42434
25989
35197
19543
44610
42258
22320
30898
47704
23006
35107
24660
16508
28881
42925
15627
23256
33981
26217
42966
25340
23361
15753
40172
30163
43246
44397
33024
29654
24745
24693
35780
20863
37456
40723
48044
19457
40097
18980
46836
22070
46679
20352
15844
20953
37525
19663
37459
26869
42120
21663
30826
39837
17993
35252
46250
21982
18176
33951
43824
41458
42063
46995
33848
19126
29422
17523
31201
33375
47762
31023
45872
24936
18708
26193
20566
20942
16591
17363
35894
47744
26186
38964
38690
32529
28951
21963
36581
42929
25594
25178
47111
17755
45134
48358
23628
26192
43173
46534
29310
44739
34479
27899
29548
27094
34909
35519
32819
42693
26693
26208
15804
46689
46409
36687
35206
40129
19827
27764
27558
19252
32804
26053
27148
46713
39790
19479
41223
40243
26814
29492
17676
37527
23742
45613
29107
41320
32377
15858
27138
39717
18881
37407
44526
26497
37069
23577
35103
26643
41255
40026
32500
17487
44998
29193
47047
45493
20598
17614
21362
35912
31873
16612
17681
21314
27784
22896
39946
24070
18866
17681
24139
23894
31241
43192
22483
31942
35872
25786
33652
47216
34297
47139
28887
47850
39719
44622
19392
22389
36400
35506
26771
29815
16693
42751
31256
31276
47573
30570
21627
39320
40014
43332
24983
32704
25061
36818
43635
18713
20105
21337
39437
18753
27059
38520
23895
31469
32400
34234
33920
44067
26466
34156
18804
47785
43044
29100
40870
29885
40044
42179
28941
29190
48278
47029
44140
30923
15903
45334
35031
17251
37711
38430
41587
47596
36379
37376
21629
29760
43593
42872
29838
38949
17109
41123
21277
26564
46740
45332
42309
37981
16407
32292
48072
43320
34002
33161
43861
41695
40829
31275
18950
34442
43451
24371
42541
36315
35066
35172
23120
47819
33434
34478
25202
26597
23377
19456
22164
43186
34254
47455
44668
36468
42140
42037
29365
42262
25418
23531
32471
48228
27337
23737
47369
20856
29973
42173
25283
44148
17431
24395
26329
34423
32715
23173
18613
19401
16286
31531
39139
20057
17178
41652
37588
31850
40388
48029
18395
28553
23109
24577
31612
26562
22729
20074
38118
34579
27813
41191
18878
24865
32060
31326
26142
45866
44579
40484
21982
22587
21123
42443
21266
19875
44991
18747
24019
23463
21335
27908
24899
46711
32781
27379
43467
43873
30278
18660
37031
44613
39858
20950
32933
23369
17967
17733
47145
16589
44523
37044
27765
34210
19145
18313
45607
16246
41223
19741
20227
36243
16669
25876
22771
19402
32488
40426
17996
29097
41991
18895
21331
29173
41350
31157
24832
44628
33977
44711
45314
21321
45931
46428
41730
45157
45881
24588
22316
24764
32824
37506
23020
22423
46814
21619
48373
42344
38175
24078
16776
35075
38614
21204
30707
41226
45415
40618
30808
20905
29346
43308
39087
45700
34539
21317
17422
39150
27288
29436
22312
37468
19099
16785
42517
25369
22625
28617
36689
23867
38138
21638
16390
41941
22393
27034
36238
44654
37534
35549
34867
41138
40370
43902
43834
19048
33971
30102
20001
25508
41905
34819
47908
22846
37240
18035
36614
48514
40303
28607
17933
45353
25792
28283
39503
22665
17081
38859
38700
45320
41075
19575
34332
23254
26545
45122
39083
43740
40202
27512
29633
39151
25931
43719
32807
24138
31255
20815
42055
22587
20944
37116
19251
33564
32443
23828
23785
41349
35166
27404
35798
25536
18989
46496
39832
41853
34406
46627
34056
34759
21562
18451
39800
42295
35373
27376
38713
28264
48575
22094
43361
34986
38220
37930
31946
22779
28977
38266
18526
23859
45104
29959
22162
42366
37654
23679
42545
33295
33690
16326
34907
47379
17033
25230
24525
22756
16672
23591
25955
31360
43449
36248
38362
34873
23467
48622
44251
23726
24171
20692
20789
19961
36855
19300
22123
31018
37492
39741
46958
25077
48405
21462
44715
47783
37952
22034
36680
26718
36076
38420
17323
38778
40782
29524
38205
29775
27828
22258
41325
23580
31921
35915
40951
39489
21882
34763
24166
34220
29584
36866
38103
37525
25759
31993
30721
44139
35238
33222
44146
27662
17497
46174
32539
32318
37828
18347
34575
20052
25648
43998
38024
18735
38474
35079
37163
19570
33154
18402
46477
38381
30130
40180
47093
18264
32768
18903
22628
21063
30469
35027
28114
24666
37423
22190
22715
35764
36963
36548
32474
31663
45543
36186
46133
47566
35200
19503
46425
21236
26839
44372
38631
39123
27681
26686
20047
38822
26879
19738
47068
37923
17571
21088
48625
42411
30005
41131
34194
16581
45685
37064
17445
17866
39329
20492
41594
26594
18585
40683
20746
32814
46145
24007
45436
41287
48679
23558
47470
32488
19814
40295
29297
32231
28362
35222
47957
32874
16436
47614
44712
16983
43840
23006
21113
23052
45862
19615
30049
45393
23006
36453
23749
35466
24712
33508
43093
26162
26378
42613
36568
23684
44795
21864
22572
49019
34240
40348
47240
39165
39412
20046
28933
22867
16398
47663
22877
18909
27197
24505
46834
38916
22423
27586
34066
35951
48755
19026
37497
17018
30227
47538
38935
29668
25479
37829
44308
44231
44493
16795
48146
31694
32061
36164
23986
29346
18981
17890
48217
35493
32432
27138
25908
16867
28684
19501
43641
33862
29387
26041
31472
46345
36490
19429
21171
27758
38097
31526
43314
48564
40763
27835
32889
39235
47319
43655
31158
40747
46797
21792
37621
30156
33861
20516
29231
30934
25988
35020
24963
21621
30296
35523
24771
24773
26551
22328
28722
20876
16547
45618
30860
36392
42576
23075
29767
17862
28553
24001
48665
37845
34640
33809
43194
18619
25285
31428
17387
43718
36425
48839
29367
17253
38370
29462
46841
35992
19681
39377
22046
37541
47299
25489
47916
24077
41814
35068
47619
47550
38941
25239
38884
43402
20724
45788
32047
42200
22007
22157
46193
27033
21665
20295
23197
31614
29233
23642
25754
41832
40274
38360
40446
33569
41722
48620
34074
37193
35475
48237
43062
37267
32089
30899
26653
23857
48387
34218
17373
36748
28069
21540
37320
27449
46805
24436
18878
35624
32781
34872
17583
46111
19536
37238
38235
23143
30992
29675
24156
44998
25680
31647
18791
19885
48646
25533
33743
20401
35011
25762
25674
29247
36245
26676
40440
35212
18221
22645
42145
25804
34877
48216
42559
29092
24868
38611
48572
46049
35021
48181
17148
25962
19668
37306
23582
21107
19691
27484
46079
17908
34173
31725
31232
39514
28049
35683
36618
17020
44016
26483
33743
24272
42890
16993
19538
45791
30486
29718
19625
36598
29689
20851
41729
33311
29801
36325
21220
26703
28882
23353
46519
43233
39032
48050
21639
47427
39263
47705
36613
47088
40808
32149
46030
45982
20156
26619
28144
29368
48493
47975
43946
20238
45147
29260
25204
31180
40789
17224
21567
48040
17537
33532
47614
34144
47870
22554
30565
25700
28871
30143
48113
45007
28635
20484
46376
33180
17051
32464
46626
20503
30579
17136
30792
48017
34748
24937
22876
25688
42465
18700
47802
23783
46785
46668
26077
35929
31317
18765
39460
38180
42899
16957
42966
37891
32658
22503
48229
19252
39918
23685
17391
36324
31854
42198
33802
32744
38884
25969
21441
32173
29781
31321
38106
49266
35418
19665
21083
37556
30662
19314
43084
43242
17801
43130
22717
29299
17621
21095
45579
30413
18303
23237
43616
37639
47015
48964
21625
43897
21147
18701
37292
42418
35577
30294
42281
48818
22036
41524
35968
37210
26777
24241
16739
24864
42611
46367
18605
32007
18923
49324
45732
20175
34324
22326
28795
27240
43110
46176
41756
45485
32169
23269
18212
24655
32277
41004
25134
37903
33975
38429
38228
42289
38422
18228
47347
25389
31255
30931
26031
35239
44318
26589
36535
33185
27766
45952
37194
17136
25075
27218
23931
27116
45781
28064
39985
21868
30192
40706
30321
24818
21770
35891
25056
36642
23941
36128
38531
47225
17470
34879
37322
37435
41140
20770
19149
41389
25453
21836
31701
28549
35733
35651
42270
36767
24553
22503
44251
20721
44755
24065
49275
43457
22998
27679
23339
46101
45101
31904
38300
20076
23727
31755
41734
46251
27382
18853
40813
42330
42944
42562
37667
26384
24725
34139
20366
16940
18091
29793
35115
17094
30982
35921
21203
22246
31203
41353
24125
40179
37719
42458
42437
30318
28468
28894
25451
45792
26156
25227
31007
26384
19001
37897
44604
17530
45116
35521
26194
34045
31972
41399
46376
48852
47313
40217
29697
46279
28665
39960
48159
30370
41035
23798
27270
26087
31635
34656
37122
29376
32926
28927
30827
42295
44958
36938
38952
18089
24015
37278
42738
49016
27739
17040
43226
32001
26236
18306
40590
29646
19168
20340
47576
37388
33873
47645
47975
46655
21909
25658
24018
32308
48275
36391
29146
33335
37048
37036
36848
20615
24729
21529
33527
48391
21210
48533
20554
22838
36430
34483
33025
43105
27999
45894
36976
25624
32945
39287
41969
25822
42242
45076
28644
33572
45141
38699
28147
33913
31311
36568
18587
26875
17377
20571
40935
44305
16935
32109
35711
21340
20624
39381
32226
19178
36416
17206
27888
34221
27314
39723
25515
21292
26018
38805
24894
21369
34346
44340
43327
38499
19755
34933
26929
47852
42734
18571
22349
41726
40971
28865
44674
36697
24970
33807
43962
47056
47177
32491
28767
46005
43933
41825
28189
18066
26428
19302
49130
25881
31835
46442
37956
34398
48659
32556
36026
38212
48393
17106
46766
38453
42574
35385
33113
21783
35204
35978
21776
44923
19011
27150
44997
20247
49339
23107
27344
26742
19866
32815
36336
20974
25904
22772
21388
34515
21968
30885
49727
27370
19834
35160
32660
25120
25272
49276
49166
36988
42182
48749
30828
22099
30453
35910
46122
23739
47953
44023
46411
17985
36994
28311
49494
22495
42736
34043
49055
44584
28971
32391
36039
21190
45961
43588
42886
17958
46865
36403
39592
20850
41879
26849
18518
46272
17705
28988
31383
34185
49322
18597
23831
20828
31677
21318
17446
22739
48101
27302
25859
30407
49386
40570
25435
34752
24190
30655
22541
26031
22816
29189
46384
19424
35393
40718
43863
46890
36773
43159
29715
38505
35341
42102
42426
24366
44819
28389
29799
23220
45653
32542
33858
48918
18901
27176
45314
26816
20896
34800
28336
18467
21166
28315
42925
22446
28938
47131
48118
44537
34098
17920
34215
32835
25793
30609
34494
43294
40523
34332
42018
34665
44169
31626
37348
18815
25782
30518
21700
30894
42040
46336
31991
22763
33155
35485
32295
28867
33851
20273
18620
19861
43160
24863
34906
22527
45583
48671
43946
19606
37167
24978
39262
44250
24777
23827
46703
48233
48723
24399
41385
24178
33166
40214
18538
26477
38759
20658
47271
46857
33819
17271
21551
44646
20639
38299
18740
22149
26431
47176
29703
19197
41861
19952
36387
48367
39260
25825
20077
41531
22389
49177
24250
25844
43242
41563
19090
42770
39458
20354
19252
28263
17652
47126
38105
19669
43023
33565
35133
22717
36249
27187
29532
35258
17686
39901
45177
19856
46220
38939
27237
26975
34020
47932
18174
31517
28052
27382
45302
44866
25467
39350
40406
32453
44812
37941
30018
35144
44463
19788
32126
24464
49764
39945
28977
21047
47530
40962
41577
39077
42143
49129
20192
25660
28520
30305
35198
46035
46803
24848
23838
31590
41275
17910
35989
29707
48813
33533
37872
43048
46152
39889
20222
36836
46826
23025
26895
20955
39177
45831
31226
31766
28638
26997
29797
18746
37833
39728
18752
17919
32753
45777
25747
27364
21803
28393
26490
32290
33821
29589
50029
20958
25251
39507
39621
45730
45169
29716
35452
39438
20218
45459
49461
31179
45201
26084
34684
45761
49870
22352
40270
35978
22580
21088
37084
49446
21776
45880
29324
28912
41892
39206
35393
37584
45957
30843
29148
46259
34882
32410
47363
41016
39750
31822
30241
47020
38144
19041
26797
40761
41281
23658
37040
34394
25317
30182
24449
42386
19125
46474
26067
17502
21900
27352
41714
23400
30137
27121
22858
42749
43941
20906
35881
48577
37302
30689
35526
32674
24434
28690
44161
28938
42984
24613
41580
22105
22347
38794
33291
41874
46049
40072
27992
37972
26139
41938
31754
32781
19462
42588
18967
48746
39906
35180
20344
45074
39439
36084
25900
49043
26161
29727
39807
28316
41868
39978
17804
50030
32944
30069
24065
43661
25179
37594
43298
41147
46491
49981
47121
47398
44339
26980
45388
21473
28224
34313
33399
39057
28700
43054
24412
35177
37763
47025
45616
49752
46324
20000
24855
47232
48730
37326
36075
36331
31724
18215
44345
19833
47186
35904
44429
41757
25609
29363
28656
25673
19464
27561
22702
31911
41892
47672
18269
37642
26033
24560
41242
31396
20714
47024
20502
17529
33683
45758
23634
34067
31324
27671
33190
41592
30345
34308
26376
48729
36688
34286
23307
37004
29314
41587
47526
17853
39022
47034
24375
46688
28419
22019
19655
35305
49204
40578
24976
39488
22433
25197
19900
43887
43891
47188
41584
19358
35975
31665
41737
28482
41424
27328
48038
40337
45814
22160
49382
49465
34371
39258
23795
29009
21952
18195
19903
18064
40859
19517
22669
37053
21964
28418
38580
32870
45304
26243
32671
39125
43670
31854
21529
32320
25168
27854
20167
29760
29356
30760
48630
41092
30955
23491
27288
26055
21554
42055
28808
27391
24551
36490
27670
41688
44382
27302
41151
26464
32949
46415
32060
32260
38140
23395
41151
38843
27545
23491
17785
41345
43755
47970
46175
30983
20526
32667
42542
22953
47263
41672
46508
38304
17888
46864
18225
28537
41373
43904
35175
42949
25712
26461
29518
37651
41986
44985
25475
19483
44148
35653
50369
22076
26877
39014
23464
50217
49108
35211
41405
46815
25936
48061
20915
18650
27213
39800
35049
47496
35283
19385
41523
27902
31218
50008
44509
37866
50160
21656
43757
36808
26535
21245
26025
26457
20008
19293
40793
24401
20388
33338
25422
35664
20621
44111
44323
27412
47608
38249
50243
26605
20806
43384
28843
18033
45827
37862
27890
24688
29966
26919
47494
47915
46074
36498
46392
19904
36789
21615
40699
35817
23399
30289
25832
35046
33949
30118
25734
18104
30119
33420
32841
34192
30526
26342
44632
42887
21867
42927
25747
31887
19364
20623
34261
35498
31799
40364
46198
42586
30444
30659
44565
28504
37605
30327
38036
34184
40906
23785
18531
35373
45603
50312
47106
49498
36613
27179
18625
26537
31473
20829
48331
36910
28665
45559
47714
40622
32548
25589
22636
45581
24852
48514
21551
37638
31206
38741
21593
31519
21594
27456
23875
18395
22580
49414
23158
28209
49122
23918
24943
49725
37214
26517
37279
26422
40534
30856
46518
31648
20363
18706
35361
21954
49015
29139
19665
25691
26674
29074
31295
34705
26774
28117
23469
30250
42146
25006
19118
33534
50460
44759
19944
22188
23162
50433
29465
29069
42755
21354
35416
35302
21554
47278
42654
39522
38747
42207
34692
46271
35216
41431
20558
27847
46790
30157
45097
28546
43060
37927
24497
39594
28156
37007
38838
43103
27661
18505
25920
49948
28232
46532
32464
38378
18402
41583
32489
44243
33289
43725
42959
47514
24010
18636
38031
37033
44338
22611
31551
29259
18355
18970
25735
29723
40394
30910
31841
40637
45023
21525
24604
37835
27757
22207
36263
20498
47458
31229
22540
24063
44233
39878
34107
35924
47270
35608
30985
32031
20001
44685
37240
41197
48103
31022
38969
29243
19406
41355
28015
34093
25528
20236
20406
49027
44473
45442
25956
19656
35708
46849
27407
41676
22754
21490
43855
43605
49645
37220
41924
24594
45021
21923
31579
33232
37272
39692
44494
39920
33615
35103
36970
35609
39263
41942
37909
17962
21109
34101
26767
33907
29942
21795
25848
37924
23454
29560
22931
29957
30055
34903
44745
35688
31916
28350
30065
32605
43406
44379
19534
39972
25495
29090
48857
50152
46749
49436
33089
19370
36585
21762
44465
21371
32921
21514
26321
28398
40515
24193
33679
45517
41691
41114
43039
29963
29399
24326
28736
26618
47248
45508
36546
49598
40940
24891
34373
42754
30010
39302
24387
38889
43869
26639
32593
31303
36141
46943
34209
37906
40474
48436
20684
35347
28179
36564
37326
46817
25766
20386
36946
28176
18280
44527
33841
32678
32663
41490
43061
36814
25342
41915
27170
38609
33817
18820
23543
40257
19834
34505
19057
34936
27755
31674
40145
35649
20181
35758
25055
36564
47200
44475
44591
43016
45788
43907
44963
27844
24032
49744
39473
48566
25008
23140
20966
22600
35172
18570
30251
50384
18503
19953
45640
29959
44670
19002
30502
42685
37098
21456
33369
24267
26703
43640
22109
36936
43957
47145
34848
50176
43534
37917
34241
21537
42778
48168
47768
36920
49032
30793
46198
23900
22622
40063
44590
42665
40346
40157
41812
45553
21529
42977
20804
44205
33465
47874
18790
34106
46779
25992
30897
25666
26475
44448
18542
23160
48386
19376
48191
38536
48843
45032
45407
46925
44165
34330
41771
36421
34569
43979
39138
26179
35884
19594
41129
41572
43495
39040
31698
18756
44213
18761
24669
20594
44349
26882
29631
48161
33073
36771
25315
26400
45942
35471
47983
34572
18309
41578
27208
49348
19473
29483
33624
24861
33002
35442
46735
36311
37921
49179
38439
33488
47725
32019
37421
44920
42701
25706
19773
18565
42351
37546
44685
41448
24017
26472
21804
25855
32806
36120
20620
30476
25083
45862
49727
41958
19994
44610
19710
24814
35758
29435
29935
48197
24745
40591
21800
19516
37731
33281
20079
45836
44931
25453
37699
35528
37411
27033
46369
19855
33071
26060
38656
36358
21006
28643
26910
37893
25477
34977
37374
45457
28376
46663
43185
25611
29746
20324
25686
38310
50758
26607
42205
37663
31031
38035
30992
35240
47285
30794
50643
41253
18794
20525
29354
34458
47508
29067
49021
31460
34035
28216
42904
47528
45029
21287
30198
19594
40400
46395
28351
40607
42688
32859
45583
25636
45137
48325
48121
43632
19920
48804
42444
42023
43933
29668
35988
34225
18899
50245
49380
34282
18987
47022
41939
22299
21790
22213
21829
44074
23114
31164
38764
40461
45079
31085
35726
34180
22170
30378
44040
40200
25018
43982
42899
32510
20113
31896
33222
21553
18453
47162
40156
50815
40695
49580
37048
35795
30923
37446
29478
40275
31338
19086
30052
28378
29076
50511
31457
47784
49626
24811
36164
46424
39099
29425
20912
48659
44302
39410
25414
24324
36256
24977
46828
45579
49949
27866
27725
32182
18740
39637
45089
40557
41718
22874
37807
36844
36479
39462
32144
43767
39897
40495
38837
27464
43805
35637
24236
20941
38363
32666
46622
46864
34748
39027
42653
41463
19046
40415
43164
30381
34976
18840
41151
37344
19639
23495
29014
42029
48672
29213
50468
25048
25182
21791
30564
23233
25895
44993
48398
36499
43970
25911
29526
37183
47027
30984
46965
21417
40090
48484
43949
25760
36185
48055
36231
48660
50293
35710
33120
29315
19391
35674
46883
20149
26419
45154
19544
50089
42784
24510
36702
44239
25993
34418
34804
50808
45771
25463
26879
26762
30081
47120
20359
22904
49573
21083
29442
19825
43768
42534
43733
26072
38563
26629
27928
50421
20510
24225
43673
35306
25937
24147
44068
18664
36345
41714
21762
21410
41550
31721
28352
26114
25827
32396
25138
35611
41933
45740
33206
20064
29959
28008
18621
36115
37397
20039
46216
31744
38632
37508
39472
46442
43010
45737
40425
25414
50138
32351
44935
22951
50050
43653
45122
46458
20103
34175
42422
21363
50713
50641
40494
45895
27499
42732
43553
39708
50525
51271
36605
36669
35161
33458
38692
29203
35706
42984
41780
24657
31220
24675
24716
40302
26544
39796
18700
42072
27190
50578
20507
45159
20176
47347
24815
21135
43756
40025
37385
26331
19395
42031
45566
32278
18744
27092
37245
36811
49155
19767
44686
34929
30478
38052
42264
34783
29727
48861
34982
25606
50104
47981
35690
50142
30780
32057
38531
26273
42066
39768
46971
27448
21646
29732
34580
44018
19535
34449
27972
33404
35299
30142
26238
34830
22002
27338
44595
42466
25113
18665
29337
35306
47829
26551
30123
21442
37027
51148
49009
36324
40037
30096
50561
50971
41736
36432
43974
24634
23652
39826
33408
25101
49507
47270
42380
28560
34150
46718
41190
43103
48868
45504
48748
36718
33620
20248
41188
18938
31310
37331
36929
19135
44013
32938
23330
48492
36471
36059
29084
50772
38720
28543
40249
27238
21195
28951
31296
45919
51251
20328
38455
25662
43977
46473
22439
20984
42239
31290
37663
46190
43909
39031
29051
33692
49073
38477
35686
46355
33316
19949
24094
28073
28331
19711
32120
31599
48739
48696
42787
44003
46369
37167
39728
21095
24080
21612
24018
37618
31644
30146
50787
50438
44687
23776
32680
33506
39034
37922
23894
47352
32087
29613
43733
18849
43116
33466
22339
39184
39027
33586
41660
38276
46839
23420
45273
36802
40705
21138
42102
30659
46836
21083
43193
20906
41398
42037
35664
30457
19216
23504
19449
30723
37720
25667
50504
45477
24141
25433
21157
27441
35138
26412
38804
37035
35967
37366
19513
23864
19428
47139
45851
35283
23247
42155
39976
21570
46912
30622
39161
29256
49211
21249
50776
50461
27502
18904
20223
24859
32276
50564
35747
48570
19737
21839
25649
41406
51327
40006
22104
40879
22016
20807
50503
46730
48885
34138
30392
27318
46454
42052
24877
27449
46275
25434
44921
38700
49378
37524
40323
30572
51594
33762
37447
32915
46144
31939
39709
45351
20928
26131
44094
24593
49822
44580
19076
20304
36653
37137
33393
22254
30368
47951
20595
48179
47471
31365
24166
35098
25341
28830
47707
30721
22135
32028
27288
51108
41727
20655
33504
35660
25354
24326
40692
19268
43782
41701
26201
35213
19265
26744
32092
32466
26886
37351
34644
41886
45833
35370
40487
22989
46340
23071
25359
19009
36515
37849
35998
19158
37278
34875
38400
24727
35620
31430
29569
45618
48256
51120
28750
32425
50935
45110
39296
27723
36591
49459
23126
50147
23127
34800
44482
27695
44610
35134
35112
47507
45013
44738
25698
26127
35940
40593
33543
50543
44248
45309
25325
35265
47188
30894
29676
44044
43544
37108
31973
19775
32421
42587
20995
41832
48161
28032
49217
50982
23038
31780
21037
30049
19415
47231
20971
39224
45978
21206
44156
45627
32492
32080
39489
27355
29641
22022
45242
29470
28779
46937
49556
29592
25198
25224
43747
44182
47409
47234
31916
38300
22399
29944
38822
37138
51311
40887
43329
34874
48008
43061
43240
33637
35881
24425
47747
37479
22568
50144
39489
39240
27066
21518
30100
21820
30867
23266
21885
44501
34382
27293
32265
42616
23054
31203
26396
33806
24422
22290
45677
31483
27766
26068
49874
31060
45911
23280
22718
24908
25274
27238
22535
51184
47563
39866
39661
35861
37724
47248
30297
22926
44095
35193
21346
27810
43251
21773
33301
43453
40580
21818
43382
23909
41644
38619
30914
47216
42814
30604
32247
23668
42180
46525
50582
35968
22631
50950
42920
22025
39184
26810
26111
50727
34765
40639
32702
32514
40822
38045
24092
49542
26512
38100
48740
48991
20081
35443
32064
51489
28325
49382
42808
44230
50065
22032
29302
22622
37206
37530
34252
38146
33785
40074
45304
28170
51648
47127
31270
39040
44255
35515
42166
28372
28755
38027
38208
21712
29711
21444
46805
38863
25686
50854
50568
40746
30824
49029
41517
33012
33888
48925
37729
20199
25181
51494
38859
44957
30432
26408
44449
38916
21621
19857
45933
47372
49814
22277
50705
30114
43980
51701
49160
29922
46871
40051
48624
42120
37008
43588
19525
49064
42317
37175
41584
44448
22149
42934
36608
19786
26612
49563
31031
32886
44417
46917
39880
35735
48159
25322
23775
40380
41457
34862
26466
38082
27057
23029
26998
20936
27986
37494
40006
45540
48100
20882
30976
32532
38585
46435
48927
28024
51654
24855
45040
30910
25419
26111
41807
46557
36535
49891
22962
27910
38598
28057
44906
36823
21228
39637
38181
24531
33782
47171
29110
22799
25583
19667
20761
46381
27968
45909
33969
39566
40220
25413
39125
19396
46363
48104
50059
27462
49189
34200
45203
42856
24210
40283
20136
25226
40335
32443
33282
43919
24004
40914
24607
39569
36148
21413
22723
26066
47204
42675
28734
49910
46783
27085
28397
26736
30265
24359
43523
49979
43571
48560
51593
46282
24990
32415
44964
27969
51300
43342
25879
46565
38915
37196
44808
49105
31611
47790
45575
51948
27243
22693
50764
47383
49015
39510
24896
25003
36332
47589
47168
47394
31399
33235
32925
41236
39987
48267
28903
29798
42545
49719
26475
41918
25597
39128
23034
30265
50830
23190
29420
49761
35230
22100
32613
45913
46091
40584
37591
28251
30590
31306
33736
44133
45898
27819
42454
39982
40599
50759
25848
41055
23999
29982
42502
48640
34552
34463
36988
20272
23092
36870
42363
19994
45125
28904
51216
19492
25925
41996
39609
26985
49717
37501
22053
24682
43492
40157
32060
31232
36114
20220
37471
32150
27094
29098
45553
29076
23101
28361
46614
49182
30260
48038
51130
37887
36008
48521
32982
33248
30699
23690
33774
20926
37210
47271
44255
31899
34877
46356
48855
45683
40942
19922
45989
31857
39230
27523
36915
20323
51988
43389
25168
41580
44631
49693
52147
24056
24846
38237
48701
46837
25798
32169
19839
51777
39988
26351
47484
35934
19484
23542
38576
24941
41842
32240
46929
29018
36542
39506
47572
35924
23237
21219
24755
45952
27237
35859
38766
39406
33729
38287
51408
45516
30878
49426
27251
39385
44557
23422
24966
32541
51019
48171
42190
50904
30693
24191
49131
38072
49439
47551
39901
33102
40599
52004
45254
38083
26150
34354
34033
22983
24327
40773
40212
40139
21563
25709
49618
43888
42539
39035
48772
43071
40848
33884
32057
50842
37264
45734
41979
33522
31529
35185
38741
43835
49107
46696
34322
52125
45409
41248
25158
21357
28969
22440
27539
34395
27748
43361
44709
36333
30680
25615
40447
48940
20148
26417
43002
26781
30907
33166
28170
48242
23460
19729
33092
43778
31681
31958
51229
49527
45024
20869
29045
24774
52335
42975
39124
24805
35299
21910
32755
29752
43610
51298
33150
24396
41598
39761
41240
22727
51629
38495
23712
42399
21848
52294
41650
50571
41897
51863
37489
50103
39273
36874
26756
32700
38688
48402
48479
33487
51582
45749
30916
46392
22777
37787
40585
34823
48312
23397
22683
26370
46256
32832
25155
34529
44813
21177
47272
25534
40147
36819
46230
33735
31173
22870
29053
21046
35718
34923
42429
42627
39934
36454
20512
52183
45823
22499
24232
40133
37672
26132
45708
34613
32266
37465
42365
36000
33674
45073
29741
37507
24710
32945
45586
38669
45244
44563
43624
40475
30695
48912
21109
27239
50730
47696
45328
22268
31666
27489
24420
25838
28568
32263
34546
20807
32260
25555
32981
51012
49560
47095
31306
33474
31756
38233
49775
30451
29205
37606
42315
19797
48780
23081
30735
20709
24780
35868
47771
39312
35420
26686
29252
35818
28622
27109
41429
33058
41190
20438
33491
43830
44031
49683
25606
35171
37035
35316
20788
32992
50586
36985
26672
28107
21949
38623
32532
49252
22698
23921
32714
31353
51779
44193
40145
41249
34194
29783
49981
30381
26360
30089
28160
37084
22919
43532
48745
40782
21420
24234
32234
30267
34577
45940
27934
45413
51137
30297
33802
33611
28302
35832
34724
33952
47792
23219
39057
38907
30382
27653
40755
46544
25730
47125
47331
46239
46328
20363
35451
24939
36439
22434
39960
31854
26179
35966
41502
28171
45794
48577
22396
51204
46910
31065
52529
26349
28394
22683
21263
51169
23785
41878
23998
26227
49611
48801
36357
46823
32025
38455
48453
37027
40435
32005
45894
40160
26360
45120
26934
40357
51558
30268
32239
41206
39810
35643
49017
29769
36411
20611
28112
27705
42506
29107
39655
21630
47900
29782
52204
39965
50355
26041
49102
37340
29642
39674
32509
50425
24824
46946
39025
24091
20886
27892
45037
33929
22564
43846
49541
41882
21481
45200
48734
42093
37850
45315
26293
28633
41149
34908
34082
52391
29326
43448
28446
28159
38178
49578
28356
50721
32778
48779
31188
29014
42426
45841
23037
52517
32235
50979
43612
36809
36669
43756
20032
29667
48161
49199
50480
52333
22262
28122
32815
38127
49522
20957
39998
20981
39748
50492
42531
21952
50167
26211
52073
48444
46106
40379
40104
47410
29086
20602
50438
30655
41855
46527
23294
49669
34983
33246
44640
41504
22031
23544
47001
42331
49191
20944
35893
36516
45944
48601
31906
36158
32903
21396
48951
52150
32509
50712
52340
27416
27654
48370
20620
48738
34807
35632
22048
23097
46899
23737
36430
52443
43599
52704
23018
37461
20852
41272
30731
39158
40709
34729
32202
27139
23938
44739
31558
51884
40109
35155
29164
26943
31211
34356
32757
27292
51180
43368
25903
27625
22926
47975
50433
52359
29695
33463
51625
21572
44066
48061
36041
35282
45877
49875
26914
52600
22192
42139
39327
35847
46960
34962
51605
40464
31764
43496
31305
42836
33448
21135
25011
35452
21889
35986
42625
50442
26471
32168
40287
51088
23290
41225
27510
40479
22862
21376
45618
32003
48089
26049
43081
34221
36239
43262
50169
22513
42827
43445
23185
50034
27505
36044
22834
44378
25809
49887
31447
32334
52431
34265
40851
44193
48321
21697
43290
46791
36505
25047
32899
41485
45252
42720
43340
20872
29010
37822
34207
51531
33878
35651
45011
45533
51600
41543
36150
45035
38217
21752
32266
25657
32895
42610
20173
42974
33858
24208
20158
22705
25694
23041
44956
51711
44346
41118
37553
44415
51456
46586
26383
34951
28670
22587
32026
35199
30797
41257
29510
20887
51376
48517
24610
34485
29374
44700
23958
49585
47172
51740
22888
44229
32741
27685
20229
26175
32003
36771
52863
31609
36579
49372
29906
36875
39691
40517
47467
34111
26351
23450
46315
46534
46285
31533
50472
39337
42966
45439
45684
26242
45966
42765
47651
32747
39541
35948
41543
52279
49127
46232
47806
49504
20801
43402
28527
48705
35397
28424
20432
33797
39104
26561
44972
25568
25449
37017
50467
29949
47117
34370
26610
26295
42217
35084
22004
49931
33112
29438
41193
46413
27054
21541
43383
43291
45667
43308
52078
21904
38516
24621
40784
35001
42246
40903
29969
51021
45644
33905
27675
38040
20396
51213
52373
30393
36637
34753
34277
35597
38356
39938
30323
48875
49695
46833
24752
32914
26769
48363
45400
31839
27743
35675
31476
47684
46858
41427
51874
44917
21310
24924
47640
39012
44795
22026
25319
44784
51442
48851
38653
37081
52530
51104
33390
27256
25859
43429
39540
47533
48658
42478
32180
48408
36047
36411
43458
25484
36372
20494
43496
20416
52231
46594
41763
50248
43585
21342
24943
35780
32048
52714
51780
45400
45241
31234
22625
40284
49698
31976
33992
27220
37168
26975
49418
34338
52364
35445
26308
29562
32107
20640
49258
49047
30318
38156
36675
32812
43463
42804
45749
28062
43678
22704
21699
28016
23987
31565
49108
41215
40260
34147
49590
52335
21553
20579
49122
43493
21598
42416
24834
31990
27737
36272
28592
31328
32829
38178
23169
22520
43478
31922
30018
39140
41989
34506
24449
27146
34150
22444
46160
41672
36401
39870
26437
48614
36190
26660
29381
24265
41229
35220
48002
46825
22052
46438
52547
24453
27450
20715
21732
31637
47796
49920
31645
46592
36909
33763
34695
28687
27932
24389
25947
46113
32944
40096
32637
49313
22271
33226
34362
48950
33632
25547
36174
31801
51733
47596
41642
45676
36142
26384
49780
48873
32937
44359
52302
20824
27102
32673
24027
27749
28187
42560
46719
51826
46219
26801
34919
31368
24412
45693
23242
51604
40992
26106
24942
52176
27508
20839
28013
39551
36832
31288
23353
39389
46079
45743
41438
23382
32736
44460
26503
28662
30123
33990
48964
48929
48520
25754
29706
46468
26812
21347
34044
24651
28693
50636
46824
51348
29065
30210
24341
41764
28954
45324
52028
43097
41213
36447
27348
43104
29946
50605
40338
44968
34070
38655
52017
53143
33648
30979
43119
24443
51561
33191
52568
51651
49159
48358
32966
47471
42908
26082
23849
48069
33442
46644
45700
43590
42986
49024
51640
28896
49142
33612
27909
33893
45475
48402
22990
40252
49674
37523
32668
35415
27561
40559
45158
45156
45246
35059
42512
35144
27892
41778
33073
47049
27201
47191
42265
33674
48399
35129
38163
20797
43930
42544
46823
27412
42137
39720
40611
44408
35104
41459
51099
27646
52677
52964
24239
41623
46850
27545
33228
50951
46298
29720
39094
52888
41407
27166
43780
48143
26804
29363
22380
51679
22191
29186
53312
33949
39745
39272
33081
27060
48248
39883
49780
24154
33285
31789
48314
37570
39834
43648
25348
42387
34454
25276
42302
39834
30436
33328
49228
32699
50976
50965
53067
48942
46076
44649
33305
38376
26339
25595
40215
40790
37852
30914
42541
24401
44720
21362
25359
22351
31567
36689
36031
31702
32112
48455
23636
40503
35704
47925
21753
40568
34973
38280
28472
31122
35403
42766
35193
34781
27846
27400
49605
32712
39698
46464
40144
37069
36368
50653
40503
43684
50921
26548
46598
50359
51375
38369
42877
47575
21826
21463
52500
35885
29041
45364
23996
42355
29794
43929
38760
26468
42548
25272
29388
41072
45538
21166
50276
47285
28267
34964
28345
43819
49968
34128
35296
40734
43933
49841
42051
46562
40459
36540
32932
24770
23013
45376
30046
21305
24842
36785
20718
25957
41075
49970
26547
31416
35862
21748
44786
49393
45578
38079
35101
23370
35051
48590
42837
52723
32128
24032
42029
48576
33691
45708
48049
22559
44609
28885
50343
30540
37643
43774
53012
22216
31948
51360
35842
27655
45428
50425
25217
46952
53045
42887
21996
41323
34020
27349
41325
47135
43425
50582
44227
24793
30650
35312
48707
21035
28365
36634
36381
27156
41261
22825
40673
46197
28807
29479
32578
46532
32198
44902
22809
52740
53299
49683
29101
51189
30689
27150
32561
26760
44872
39929
30606
37525
49200
25488
48227
21200
45009
28472
51274
26618
30264
31194
49502
39764
50412
34545
38138
32089
41170
42210
32963
23212
21326
43405
44264
32080
30379
40225
48040
36375
41405
50996
29205
43613
30404
37395
24088
33269
39316
47190
40374
37220
53491
28856
43921
52301
22339
35878
21682
52269
40545
47638
48005
22345
35532
26394
35877
21476
27146
27061
50650
31668
43079
29037
48609
25495
35136
27681
49003
43907
26719
21917
27879
27323
50215
42348
50820
44105
39123
52973
31218
36776
52794
34730
24425
25025
48374
51172
51181
49689
36549
47475
32976
43080
32303
35021
45176
23981
47466
52324
28771
48992
27770
30261
51303
23656
46748
33693
28479
50222
36581
24431
29763
39218
23591
43589
46711
48125
50196
23827
52423
41559
30118
31234
50065
44729
29374
49019
21348
39941
40203
37249
29960
53621
35373
36165
30398
45777
25370
31476
30408
49382
21185
37332
26412
40499
51182
49807
32438
52197
36462
31695
47932
45830
33651
40202
22821
52721
26938
35744
25644
34313
40426
40483
50530
39338
47552
20981
29298
40544
22633
32537
41513
29527
37295
32323
43574
47123
25944
30001
27182
39777
40523
48446
26579
38542
28917
38965
32917
26838
22763
42851
21593
26399
31185
22768
52602
29672
34682
49007
27149
45948
31056
34739
43626
53355
36087
32996
51432
25658
23597
27347
40679
22618
35317
32395
23316
21335
51956
25897
27880
34386
52507
37101
51570
28337
49798
44176
27991
24597
37796
38104
49175
27276
31897
36971
48273
28937
39392
47585
33482
33809
43061
53276
46826
21686
31666
24796
53639
21449
29240
33166
50470
53580
25872
35429
40191
45094
24018
34732
30977
33306
37510
21851
35606
40954
27914
39144
31144
37400
41396
36191
52068
23806
39223
21941
49214
34399
45515
51546
48053
26189
39816
28429
42072
39083
21523
39412
23689
41702
34173
23788
47233
41440
52328
51230
38292
37933
43372
42195
30390
38018
41401
41865
51775
39018
21245
45125
48363
34619
32392
24876
48677
48457
53166
45901
39301
53081
24940
35266
51607
41561
51023
41719
26590
43854
40338
30793
24088
27533
25734
48083
48324
32046
43831
26756
23266
50110
52557
39029
41722
38196
51248
38266
45407
28454
27504
22520
42933
35901
26723
26614
22961
28135
34064
21622
46880
44619
30283
46341
38699
44674
42274
27025
51417
29956
25464
35963
36053
53344
21488
51949
23666
37425
35085
38766
41452
30285
40855
27315
50673
35391
22592
34488
46687
43256
29831
28688
51792
24257
23261
37242
42836
51572
50694
48564
35837
51436
33731
33684
41889
37818
34478
34900
51035
33817
53093
23598
53331
45349
28906
32040
24383
43079
46154
31794
48426
23284
40829
30830
47476
38039
25486
25807
43291
36043
30204
52197
27448
27086
22879
34295
38605
50994
22862
38227
46525
38102
48513
40162
45340
25109
47155
42239
53929
26941
37834
41609
32665
28483
25530
29751
37015
52149
48295
51756
27400
44271
47050
43980
49043
27794
50581
36813
37345
34866
37786
47761
28065
37455
35241
22195
27856
44935
41528
31712
29495
29705
41480
38888
49973
46413
29446
28180
53182
41987
42608
41147
28580
49737
25144
30992
22037
35360
48557
24894
29798
22561
53592
50359
43278
28268
32292
51912
24566
41954
44995
40818
34800
37780
40524
48757
33156
24698
54057
29869
27379
24937
30000
35745
28022
51519
40976
21338
28615
40801
51951
32369
53730
40039
33361
33900
38413
48917
31036
32331
39702
44429
46490
45405
52188
46788
23518
48216
26640
34867
24042
39593
51773
27599
37168
29193
52998
41530
28696
24145
49584
44347
35490
44943
29152
40556
27213
52825
22181
48690
27959
47713
25272
40690
23685
22346
28163
28802
49669
31674
22625
42974
49426
30385
51621
53021
30393
32537
45789
37283
42266
49566
29912
22679
44560
32959
53221
35736
41236
31525
32990
51627
24670
35892
44901
44664
41294
47841
37230
30647
52235
43715
26622
40677
32362
41836
47409
47931
46609
41465
27522
49120
26076
43240
42567
27230
31359
49706
39803
30035
37485
26489
40640
25449
27897
50412
44452
30343
21691
35273
52516
42825
35126
48026
24687
45230
27575
49027
23788
33809
29568
36306
32637
47451
44326
50136
26374
53110
51512
34808
47145
53509
32289
29693
44628
45394
49488
31152
48638
30087
39830
30123
44077
32290
40143
25704
48956
33955
45764
28061
27867
41351
26448
47564
43351
28282
51650
50709
48156
39113
34691
43600
48504
30742
30713
34136
41377
32079
40874
33705
29946
36321
28325
46126
44434
40744
48670
40788
46573
42538
53592
21603
38152
44934
24008
24846
22423
45991
24183
26441
40593
31549
46760
50522
30446
42990
26555
33843
24240
46408
24145
32767
39712
34299
39601
32507
50266
53573
47210
43655
43531
33965
39226
40573
30074
28148
46895
33473
44229
49481
25100
25369
31597
53180
27630
47423
25621
33269
35119
23861
49031
27430
26507
53209
44280
34878
49281
37817
22413
32608
27388
34856
46366
29587
45107
31378
41529
49339
26574
25100
32618
46024
40778
31023
46009
37677
53406
43559
47221
35731
27679
33031
37424
21711
47521
39007
23307
41746
21727
46097
49716
47200
51485
32352
42156
43588
36875
39754
41806
44993
30701
34328
23053
35723
46329
27955
40061
26232
41472
32825
23445
44593
29777
25680
39091
52269
26331
49851
35296
51424
41105
42411
54101
44847
23059
38743
31295
50216
34442
46926
29888
26352
33747
47628
31542
44284
38369
34508
32447
36484
45404
26526
26877
46901
22926
32697
35094
53031
38272
31762
53759
53262
49248
45614
52731
47796
47398
41268
27486
49319
46456
35142
34455
46638
48074
36113
21869
24706
35017
37283
38793
29755
25594
53373
45109
22537
42910
53226
36195
32676
32730
46479
32753
29446
42260
42818
26923
21975
38304
44576
24978
33577
37532
53209
48348
37221
25624
53839
36667
53893
43131
23904
38882
42116
45857
28415
46278
42515
48713
21898
50081
41870
29743
42071
37949
53294
37749
22161
53231
40832
45767
37954
31329
54038
26559
52656
28565
36988
21766
41197
33575
37741
25533
48554
42195
53319
44059
47948
44598
39613
53591
38210
48601
42188
54472
49557
50027
27120
42059
38336
41294
23191
26597
28099
34646
23510
53929
51571
27341
28507
31452
54292
49082
38819
32088
35369
22370
52333
28718
29067
34832
37742
26767
38841
33298
37190
38893
51823
30212
42675
50269
48762
28753
28164
41024
39114
36342
44241
50466
36297
28297
36330
21986
35563
34682
46989
35859
40582
48282
37340
46243
37349
25049
53645
24506
27032
35412
39652
51173
49165
51343
53470
46196
44645
50174
25776
23329
46976
51147
47471
34034
26970
44755
28689
31328
43163
53490
44948
31416
23145
21888
48509
49858
24705
36635
31364
26273
39814
50343
38798
33530
26520
35732
38619
35160
50985
38751
28033
43983
45068
41564
22809
44000
44751
54194
48568
37021
54347
50855
40993
34829
41337
38686
36920
30674
25992
38749
38842
33033
49708
37652
33068
31602
51768
50075
35601
43985
28271
22908
23392
47508
44183
48945
50997
42933
46288
31023
49863
54498
31012
50979
36250
50908
23391
27259
28406
50461
27937
46632
38551
34493
30257
52130
30118
30614
46356
43309
41960
22695
36319
27996
42294
49078
39753
29651
41773
47673
22020
44880
28454
38775
50766
25837
24680
40427
29635
44191
25245
45033
34677
23299
51331
41860
54334
47194
46820
53678
47445
43217
48072
41121
37664
43527
26089
36222
44617
51657
28775
31028
28948
31264
22205
48292
44784
26253
25844
51203
23116
44691
38935
53631
34987
43382
25318
22309
31995
38723
43726
30722
44066
25360
37145
26760
28635
23173
23651
34356
23488
32411
38477
52846
26791
53668
45429
48305
27186
50828
52133
54251
33442
46430
24650
22311
35052
30985
32552
30057
38159
39525
23373
27865
42660
44145
50755
26916
39351
48607
27530
41248
24021
33746
24645
30639
41830
41446
23348
41957
29502
45937
43234
42093
25710
31240
45088
33320
25696
54597
39601
42520
50467
26568
30279
50813
34307
36220
25007
44861
35421
34587
39496
27017
45745
32501
32185
34494
35833
51949
54243
37513
35129
36804
29973
28751
31576
43418
41087
42956
47918
32177
38634
25850
47582
39285
52646
44852
27494
49849
52675
39835
49012
23876
37764
32441
40060
51596
33296
24932
37127
41153
49003
48357
44878
29197
36005
49754
50951
25883
28241
45401
29055
26070
47417
33238
41961
48499
22352
25927
48117
48305
22760
25349
47781
23391
42533
37878
41309
28959
25778
49513
42297
27499
26034
27457
44194
42197
45050
31062
52004
49555
31357
39960
44922
46394
43783
41078
47083
54730
44335
47870
41178
40939
46471
36421
33176
36982
50453
28809
35708
46903
33031
46229
48950
26354
45730
31205
35936
42659
33660
51211
36694
51210
51691
31057
24904
51047
31165
47264
44685
22659
36137
38560
34618
50415
31238
31265
40436
32656
34619
28602
26882
37212
38519
40111
22950
50014
46626
22808
40366
43520
36755
46400
40774
30089
34179
28236
46864
44005
38593
38429
50295
44965
22824
29303
41024
47174
41167
22370
40289
40886
42879
32976
35863
43284
51306
44929
29491
42167
42009
36132
29620
38259
49319
39871
35483
47895
31277
46160
42235
42554
22397
22709
47696
47416
38675
23753
24849
47735
34888
43728
37257
23535
33993
42773
35554
23529
40520
30417
36483
41734
54385
44623
26012
33668
26400
43598
25854
32189
39121
39079
25393
44528
30040
29743
54464
51012
28882
30687
33496
49162
29403
52530
36881
37699
41473
31183
49036
47970
33657
53352
45630
51795
49937
26850
36491
49851
46950
25526
50711
38530
30295
31895
28121
28303
36281
45141
23665
40914
46156
31233
33467
29064
34542
27474
45732
39098
42511
42055
51260
36103
51045
28174
26893
39588
36833
32037
52652
54689
51681
40639
51597
53870
52135
54633
34075
51101
41482
43245
40456
31977
54123
44406
41442
43896
52971
34294
38632
45917
23515
26053
34587
51809
40309
54667
49560
34819
32457
48991
50724
29373
39673
34352
36617
29321
30121
44132
44321
52388
38834
52672
27184
35986
25622
28808
25974
32354
47417
29159
24197
40499
45646
37264
41553
41207
40207
24742
52870
31351
30641
38874
24350
33944
35607
39123
47666
43996
30022
40658
44560
50475
47129
25238
38287
28884
41013
46461
38559
44751
38976
22509
44836
34885
48206
36594
33797
29265
49564
48424
42623
52745
34433
33500
50112
43448
24225
43374
29361
42862
28516
24057
37907
44219
45223
32566
30925
49079
26033
33438
49796
46405
41576
46287
45677
38041
45252
22833
23135
54264
27269
27865
25645
53951
23329
37038
25394
46247
48641
24266
25645
33351
44268
44835
44880
45787
37572
36714
28819
33603
46704
29235
47694
48719
29209
22871
38407
23097
27289
32662
38792
36723
23344
50561
42549
52387
51577
26008
28829
44013
46493
45999
48719
52592
39623
27542
37871
47891
54232
54008
23945
47489
47195
45700
37668
43634
34235
27211
35739
25645
26803
42345
29096
41546
47879
28904
36674
29629
51570
47585
25385
51728
46559
30436
46271
36336
51676
32922
39449
23787
52555
23977
42070
54392
46426
34264
42543
36408
49078
24692
51408
45435
52732
33266
25318
48646
38257
27861
50682
29716
30450
22995
30205
32154
37678
52019
32548
48335
28434
28537
24054
25580
48261
38725
44451
47664
39766
49785
37015
45608
26226
34970
34639
46381
24923
24697
43371
51246
22997
35602
29957
28080
37347
42420
43074
26898
34289
42850
22822
50966
25427
52602
49069
53149
49902
48020
26135
50354
31797
53933
45955
37578
42072
33669
33983
54858
36279
41029
51039
23114
23453
29029
51980
29849
32299
37325
48415
25345
43666
54842
33391
36300
41862
50148
25446
54150
26095
23134
48731
49669
36321
46269
46107
24743
34766
50684
33481
28635
25082
46239
33513
49635
53808
39319
31415
37080
50100
42598
48061
30190
33144
30339
48804
26105
53394
36864
45387
55088
36590
55146
43798
29745
43584
31473
31625
32838
33597
39112
50965
53479
37131
42191
26161
32896
22774
53616
47789
48756
36452
32710
28483
24673
28427
31493
54640
39078
44897
33558
54658
30242
35668
27265
42225
37183
53052
52112
46834
35375
27918
39090
39754
48246
29138
35869
48992
52137
28503
47799
50583
28021
44581
52791
26330
38114
48051
43655
37497
25305
43226
33389
49203
32741
35978
40811
43156
49974
40636
24804
55169
51947
32679
46719
52497
27025
32567
39377
41118
36070
30907
52022
23068
33251
38622
54783
30122
47610
37848
40915
50535
30109
51685
34639
42375
30719
42998
54768
46758
43038
24231
35123
37467
49921
22898
46842
44561
33598
55330
37170
24594
25024
48266
52403
47845
54215
24694
28519
45786
43568
34786
51631
49635
30199
50026
40706
32165
38394
55042
49624
54223
53760
30951
42694
24747
42745
31958
45802
37875
43144
49019
51593
38885
39870
26156
23799
44697
44841
50903
34487
31123
29709
35897
27364
24469
31985
27217
27343
33974
50525
30485
27370
35000
50915
31587
45029
32663
24412
53306
38678
55390
27764
39978
44574
42558
49257
34057
28106
32737
54287
43496
39991
26876
23064
31045
39482
31268
38802
46979
40958
47842
42417
51607
44271
25097
32975
38915
44759
28743
34993
40456
42055
55547
54796
30999
48697
44358
35143
35978
50419
32101
30339
36241
50223
25662
53977
35695
49784
28984
50914
51174
34775
25680
35453
29679
47023
28778
28108
42159
49638
30692
29568
38055
28485
30577
24663
34091
36130
37669
25570
54293
31804
31180
48780
39354
42726
37504
35032
25373
41576
43131
32746
23651
32674
35113
31561
32647
36594
51329
28643
39759
39768
40854
42066
50815
24792
39273
31325
37708
49696
33282
29122
38675
33131
52159
51251
39499
32933
24299
23198
33977
52432
34706
43953
23010
30886
30100
45982
22982
35456
33529
23835
39371
33142
46212
54189
43512
46536
43147
34599
39523
39037
26630
34925
29933
38473
52709
41854
32556
41396
30887
23218
55465
43129
31272
42816
51532
30764
47546
41730
54292
54816
48248
32637
25099
52872
51159
28188
39290
32476
37502
23996
46425
24447
30552
45421
28937
53406
24295
54391
23622
28251
53979
53148
43863
28715
28643
50077
55175
38780
43459
27904
41945
29084
38311
38159
23032
28886
44726
37924
54125
41182
51435
51492
41748
31343
42528
43594
29393
39474
24940
54054
27007
24290
42159
46053
44329
45742
23659
50642
54653
33758
24022
26909
25213
45242
45869
53211
35704
27303
33354
39503
31289
54420
49529
34920
50814
24724
44680
25738
50604
45260
48157
35730
33472
32656
26956
46612
29321
53961
46953
26342
47125
32410
45595
41699
36201
47939
48562
54761
42100
53829
40891
35108
37958
42695
30161
52879
42622
40248
36534
34231
39169
42550
55714
24003
42994
28846
24538
47281
29662
34629
31877
54242
38966
23799
50875
55769
34307
36094
25056
49472
30421
53750
43056
40235
35836
30782
25498
49825
28155
53153
35026
26457
32826
24630
43170
40385
31995
26244
35713
53828
36239
23274
43878
44493
45770
34879
32734
33159
37300
30133
53341
40936
30849
43011
32977
50925
44996
32195
35965
32679
27615
43800
41733
38646
29374
39061
39877
37781
51653
43354
45927
52566
32774
44160
51125
35247
26808
32184
34219
49526
55780
39214
48593
29673
50018
42676
53960
43761
45572
49180
30242
38056
37649
30437
42871
54808
52213
23835
43444
31558
31286
38264
25271
43119
28586
44751
55577
28817
48872
52907
50251
29997
27644
28467
25317
45899
38239
46160
35642
41408
43302
39954
43568
33964
31353
36432
42063
39494
52039
36751
52503
34012
40504
39717
26775
38421
25827
26783
27451
24442
24130
41055
27622
44084
47458
50058
31808
51223
53343
52001
23378
47072
36752
49773
46672
50875
23807
24737
27573
36105
37916
26043
33941
54367
27058
48811
55343
31954
52249
46263
36291
51058
37806
44062
28835
43540
38784
46587
51851
36949
31308
31085
47157
44507
50092
47093
44073
50654
39307
28959
37843
35815
44508
26981
53975
33240
46219
38992
34985
30509
30132
49632
54360
36225
53268
48942
35498
26196
49085
47696
37486
24075
48397
24957
23310
30776
34784
54641
41316
24860
45829
55059
30414
43115
33775
30806
48773
39246
31405
54365
38186
54190
38429
37602
54946
35504
43100
47832
46628
35964
53120
38991
40080
30531
26250
47513
49411
49024
33430
51115
44968
27518
53333
48581
45777
43034
26045
50262
53830
39626
23551
45850
23772
38110
50618
32389
45130
35846
54638
37988
45881
31765
51251
27586
46490
38404
26795
52232
43836
24634
48693
36713
29854
44042
48227
25725
43522
33918
34479
54060
40130
31315
40041
35022
33511
28996
33012
44944
33016
53900
46130
54554
34320
51366
36669
42095
44595
26711
55640
30484
40674
27374
43301
33140
37357
24011
26136
40579
33417
27422
32299
32418
45218
40945
41939
48579
28275
54121
43059
42189
27731
37704
50576
39490
30418
47543
28166
34335
56068
36931
29305
44291
25885
42021
38350
50836
44350
44998
24666
54046
42639
48514
51098
29822
42126
26540
32293
52799
51879
55763
32736
45314
39428
30532
44657
38179
37286
51920
37366
43161
38069
41936
37366
29726
35604
33894
47767
56209
28729
50437
25106
32152
50236
37171
49765
46729
37677
41357
56136
51851
34475
55052
45153
31480
46514
39816
47035
35590
42677
43898
35957
30631
47085
44294
47543
26285
25072
47161
45546
37170
34949
46223
50729
44343
52663
44984
45554
39563
39720
37275
36642
55023
54696
53660
50720
32119
28422
37146
52824
54579
51750
48956
53995
45839
42324
43502
36772
45816
32472
40998
31279
35904
42955
35180
35717
34116
31017
38553
48555
51788
24359
28639
37276
43954
44742
33801
45444
34631
31144
23812
33582
24818
54306
40351
48832
28314
49556
35983
23974
39750
47861
53430
30156
50563
33714
49829
54544
48391
49337
30559
28919
50067
34256
26719
32414
38174
52524
23773
50932
47919
36159
30798
35623
44939
24785
37418
36188
37392
30034
47857
37283
30177
45935
37488
27434
35267
54755
54081
27057
40903
25232
46993
47933
55338
47566
39717
38417
29561
45059
32415
48858
36856
25972
53246
48938
54853
53338
40037
24615
55609
44345
36637
48517
44303
51565
25052
33969
31176
56325
41544
46159
36045
24789
28855
28647
44503
43463
39993
48091
47884
39538
49112
46493
53355
49646
50462
39966
32361
50918
28632
48266
54236
55790
55066
38706
48921
41495
28547
53450
35417
55233
35522
50132
30562
33201
28761
50780
48739
34916
29601
30694
29727
37794
43791
43941
39757
26198
44213
49901
25919
44188
29708
35819
26051
28700
54512
30868
48711
42647
40940
49627
33856
36543
56248
52007
26316
53068
47104
55812
55189
35916
40295
30232
47865
26298
32460
34138
25449
39507
53196
30846
56335
44453
50312
39859
50868
26729
48808
24465
53472
33810
35744
44621
33859
51878
55345
41264
30291
38861
32051
43591
39735
28712
35219
34395
49124
41699
44440
35619
28550
43406
27498
42425
51233
47656
45268
40267
33400
49021
48713
28179
45358
43955
32549
53385
31531
55583
46902
49367
54593
27997
43387
39565
32527
29343
39979
40086
50982
39749
24057
26987
55915
25518
45207
55174
41661
34382
48249
42522
30935
30209
29147
27137
44407
53919
31493
50933
44480
35793
41934
51460
50908
42531
55903
29246
52455
54874
44345
53425
43272
26375
27258
45207
37601
40028
50267
48845
31018
35391
40702
44935
23960
37021
27495
48451
43012
29185
46024
37883
46281
47205
48385
31903
41582
56392
24935
56514
41605
25088
35012
24212
53714
24914
24992
54544
56240
43840
49087
45174
27825
33314
50155
38652
47237
38904
45300
30144
38685
50943
37364
40450
32015
47234
38359
49808
54077
28147
50203
27009
29106
24634
28373
42534
49612
43341
34293
44862
52128
27649
45002
42345
45722
28192
51913
40416
25956
39099
48266
50530
34057
53953
45587
44914
51035
27089
46425
42431
55442
32077
48132
35812
32821
40880
37747
43857
36158
41505
52736
31625
52601
48712
38277
47759
37933
37472
34591
27034
37886
41869
31793
33296
36882
55920
25772
30386
43123
44537
38542
54548
50612
28797
46761
39761
26584
29449
40614
38396
56431
29429
25673
55898
40962
34236
26103
45262
28337
30475
32885
33684
51227
52503
53746
42418
27262
26420
44616
34348
35103
27300
43135
41848
49645
29100
54674
54065
38497
45293
44150
45584
27560
34546
42841
53271
54788
43526
35368
27919
45936
26696
29267
55605
55683
44545
37844
52785
55958
50740
51054
54343
42537
35191
52786
34769
34947
28418
28232
53997
52633
46086
52460
28531
35633
36160
43447
50474
54855
38605
24352
30779
26544
30272
52290
48101
29693
25330
35808
48499
47778
34969
40102
47979
36952
30748
24241
40201
26815
39590
35410
40427
41800
56058
33807
25102
40786
30982
45547
34297
56211
48058
46568
32568
42170
29978
45513
24844
38738
35986
30748
55649
30954
33674
52856
31232
44147
43067
42244
41478
50665
27329
26424
39829
33078
34929
51688
49609
41043
33132
47742
49902
29872
35956
54151
54000
38870
31999
31345
25106
38731
53130
35474
44003
38837
53296
45421
45679
45891
36731
24625
31154
38729
39290
30339
38738
42282
41748
35453
27277
39547
41371
29175
36975
33893
32933
28933
26697
33355
27159
45504
48224
39853
54402
26954
25314
44365
52147
52748
27422
45456
42885
49986
43763
26662
42234
56762
49289
41197
38282
42456
56384
44563
39099
47838
26342
49532
37874
47978
55341
47459
56457
38721
53596
41027
51233
44618
53316
25592
38714
24798
36470
34849
28161
30015
24755
55242
53096
30309
43684
55880
52860
28673
47819
36707
27124
43964
41658
46779
50693
54207
24451
42596
47230
40569
26223
29908
56080
26524
27123
31231
38893
55913
27359
27584
25750
37166
27097
39291
40685
52749
52490
35585
49298
45310
52759
34483
56428
36631
33875
49899
39558
53004
24371
50839
42525
28402
42242
48423
49655
38728
51669
49578
30454
24375
45762
25907
37100
42521
47437
29826
56753
42553
33571
49376
25203
42201
33291
28747
31566
25466
45081
39123
39196
46679
56356
43844
37263
25651
39547
28933
46461
45908
44500
41280
41338
51152
31877
53571
31916
46855
26103
50215
39387
29809
35927
56751
44744
31642
26254
48242
38336
56170
44660
48957
52592
34474
32576
31155
43771
36292
47172
56374
29258
42442
30679
37643
51364
41146
49810
24760
46462
47873
43711
30641
42388
25149
35854
38708
42040
55623
44938
28530
48874
56689
27596
37103
50986
45324
38254
27435
26250
44846
54211
40578
47367
52402
44485
42321
24985
43647
25423
39002
52489
40206
26253
37482
38659
52518
35248
30521
50540
54762
46310
41361
52725
33814
47241
48306
39409
39558
36758
52470
31844
49144
42594
43953
52828
31250
31112
31323
42372
55719
41254
53489
55542
48182
40009
43928
51281
50867
28837
56196
39179
32138
29322
32536
56841
40418
51475
50510
56685
39966
33441
32858
26800
27562
52615
52106
31472
29684
43271
51313
37259
54968
41598
46916
29420
27521
29403
28292
55205
37997
36949
30173
43454
53296
34910
51279
52813
44379
46546
33163
44359
33503
42869
31392
27542
37324
51868
39382
35692
29791
44586
55770
26326
32316
29118
52252
47252
29176
46379
39542
42792
45018
39977
52238
34349
49635
47690
53629
49642
26891
31535
39985
43303
36814
56059
50447
35135
50663
33544
34397
53367
43356
40665
36064
43662
24762
32080
25665
52118
35490
53793
33462
56578
50820
43911
47070
49407
47787
28726
33516
40968
47994
31120
37895
29876
30709
40475
31985
35283
53123
49203
54503
40634
46321
46332
54217
42459
49851
38811
43131
53657
25735
56486
36491
25434
47603
47576
26388
28893
38544
46602
55522
37838
49966
30046
48086
46999
25691
38334
54156
31098
43558
44933
40252
52956
44329
52859
46302
26084
40134
30471
38290
29765
41648
35744
47422
26712
40877
42629
56185
45166
42395
48046
25512
35940
53937
38658
47718
40312
29192
35530
36394
43098
34138
25190
52003
48519
39945
27966
51815
48082
39779
46588
31821
24899
56356
47609
37399
56869
49468
46324
27349
40539
43987
54538
51078
48371
28811
27362
35455
54782
45573
27177
34321
43678
50342
52798
40550
52064
32667
46894
49836
48332
40730
53986
33141
51771
39915
26263
48222
31465
39976
35983
48879
56651
24897
31238
48323
40099
55106
24936
31465
38097
43353
50369
43145
55404
32659
52341
43723
56593
51686
30257
57332
49659
48244
45089
40403
25812
24846
46180
28507
47307
25079
47293
54673
37863
29163
50827
36777
26267
30048
52987
44651
37274
53516
53116
30428
52716
33191
39539
55323
56130
24818
38960
30857
26759
48120
37921
40492
27319
40596
27206
30294
54772
30771
43237
32897
27863
32219
31359
41086
39428
28013
27650
39887
34817
38439
25408
34385
27464
51820
55712
25118
45722
40648
44820
30385
37271
39471
43339
41803
39308
48005
29479
45206
54412
30820
45169
25992
38594
39193
31180
25483
31237
38383
54503
36315
47021
55729
31991
32815
54437
36202
36709
55451
54210
53615
28867
55477
25171
34719
32261
41463
45818
37610
56814
37220
31418
45072
34504
32366
50256
52139
52312
24856
36295
31088
35345
41816
25671
28850
48520
41407
29230
45607
42280
40795
45921
47855
46887
45277
50149
26834
33976
25335
31913
29642
56707
40968
53926
41153
51026
39163
44074
37275
40461
46444
41073
54903
28648
53005
54646
42034
27099
48201
28680
54317
26707
28199
51744
37201
32807
42352
25458
54864
37837
33556
49218
41261
51406
30666
43641
32766
29047
55031
35064
56049
48849
37073
49452
40845
52948
55236
55011
45370
27352
46357
48734
49924
35404
53445
38055
32412
28074
28856
45605
40095
26026
29462
52077
53787
39607
51186
37979
46928
26783
44585
39266
35763
41614
46989
49952
31545
54077
55363
47157
51409
52583
34154
37206
33330
41085
42749
37789
41176
50586
24827
25891
48201
39097
30661
28625
45469
29222
54215
26227
25661
29746
26714
40974
31723
24875
33257
48500
50179
36235
48979
52501
36864
49776
47761
24856
51521
42060
42137
52139
35342
29150
55426
30103
27094
44897
43496
33559
57018
37379
29330
47850
55376
49048
41810
25511
30624
46736
56365
35665
34931
29222
53180
27947
40910
40667
30162
27085
33721
29475
53600
50552
49220
32862
52629
41127
36300
36873
30281
57062
27771
24886
36763
28647
39182
55865
53465
44755
48859
33445
50849
52190
35602
55671
41030
29726
34115
56208
27765
43933
53536
52841
35097
36269
48517
41730
51835
26491
50357
34075
40366
57575
25063
27303
43562
42899
57345
46974
46775
53306
34211
51538
54669
25156
49767
32740
39865
49559
49511
38263
26562
27311
34048
56197
31629
46321
28630
44978
28030
36668
57112
48382
46304
27330
47622
56638
54663
51222
39600
44749
28339
39557
29696
45695
45368
30122
55546
34262
32988
47421
51523
36217
50433
44844
42720
41953
44164
53229
47425
41046
26852
41234
24958
51738
42151
25118
25568
35812
47353
31639
27299
31631
26263
25692
42490
35348
38379
28985
44372
28598
25208
49849
34270
43132
30073
50491
29257
38116
29637
30536
28621
37590
33526
27172
33902
41687
43466
45219
49790
28031
36810
45118
42339
48429
57385
34918
43930
49145
54254
33817
53756
42474
42838
51634
54336
28522
32371
48389
54978
32758
32026
51115
56706
51482
38396
31643
46192
41373
54547
50170
44263
40185
43328
38965
54391
30477
28978
25932
35047
26646
53129
41329
36218
29916
35387
48593
34162
36649
31031
27314
30675
39551
51273
57790
49257
43274
36926
43678
37388
34004
35656
36299
28195
55608
26788
43425
46439
37017
33657
56758
46570
47700
33028
32873
55895
36082
39410
37566
56955
55459
37645
26217
44292
32232
43291
27176
51849
48271
29699
36950
29131
28388
34098
33726
50491
34086
50493
40621
47548
54584
54472
55371
40617
37529
29862
39978
26394
33430
47426
49184
39011
49342
36157
35922
33246
42903
51032
35218
41451
45455
55189
35307
56372
26165
53145
40825
25910
42921
51797
30078
34557
29777
30437
49075
41774
28878
51896
46044
38475
52783
40690
49567
57395
57444
48398
31894
46568
30965
40648
27811
57493
55796
25914
47236
36304
54576
52037
56999
29980
27563
38706
28735
30386
33102
53145
33431
38785
30940
46978
51878
32371
52261
54731
38629
55026
29820
35786
39773
48299
46954
32562
50180
38033
43940
56123
33097
30501
35387
44285
49902
36853
40979
57117
38166
38499
29590
39084
37791
50088
29353
33612
42929
27161
48351
48277
50071
37288
56813
30391
37070
48557
35935
35936
50268
49127
49289
35808
36195
48317
47039
32139
53750
50378
47049
26974
44587
42905
42641
57318
26994
25517
51743
35422
54821
55237
50375
34328
53088
39262
41377
36638
51474
38008
34106
48664
42580
55453
54921
56688
51706
46880
29733
39349
38248
38563
51637
37181
51624
40923
55719
34575
32441
42904
36645
48383
42281
31231
27716
47387
50662
27418
26751
31302
29777
53396
37733
57379
42644
51389
53134
51765
26677
29396
47571
45636
39660
31878
37054
50690
47538
43186
45120
50158
53787
45935
30114
40825
42981
46928
40894
45159
46801
30695
32623
29049
34481
46471
35910
37449
34243
28238
45439
57461
56637
45155
26419
52223
29737
57725
27599
35572
38003
40869
45508
41036
26177
40764
54656
51730
46466
43583
44958
39621
46538
42186
55129
49661
47197
47835
43335
51281
34954
39769
42564
49785
57914
25685
48811
49072
46792
42127
56781
30556
46099
38460
51611
31217
49618
30470
43686
26899
26920
41301
53322
31483
55929
51917
34085
52507
34171
35864
34766
51717
30608
38373
31684
42633
29779
46896
26277
47645
31856
39108
36257
46723
46778
53759
50989
33445
28535
47830
38140
48324
41470
40728
39467
42961
49285
46839
49596
34843
44596
35012
43333
45867
40830
38906
41961
55020
54448
34174
27016
48144
58058
34085
50739
34734
32399
52343
56803
49200
32216
57011
55402
39276
33581
55827
35241
52241
34710
43600
27140
31813
46767
50281
29459
29580
53499
53153
46234
45548
34938
57286
46524
39503
35710
42169
30315
48680
45498
45867
42275
35929
32668
51877
56536
26453
29661
48331
32557
26241
54102
55777
32486
50913
26389
34446
44704
52976
57520
57056
26559
43471
55513
35473
40361
32162
39987
42633
45362
49464
47716
26531
38998
38122
35692
55988
44590
41669
40757
26058
48925
51691
52074
28337
42315
39222
52109
51900
35156
56607
42820
56257
39745
50398
54004
32358
55223
58067
48785
44443
44398
35877
50869
32616
38629
56233
48111
57065
31828
56325
29789
42903
29155
40213
39805
34248
42521
47245
46144
49274
38039
35296
33120
53324
53510
40289
51188
26573
32334
39592
41026
53497
50696
44600
51412
50177
25655
46687
45006
39755
39730
46941
42622
35002
41957
56008
29493
45103
28217
32302
46421
52048
50641
38141
53164
47752
44791
57760
52480
42830
36822
51691
29419
39851
31209
51897
30442
45814
42931
52947
35248
51171
33457
27924
44224
50108
50573
53707
34362
29421
36500
55137
42741
33478
30314
37436
30415
35965
32508
54242
47937
53618
28343
26978
27703
36023
27640
39152
51998
32208
27843
41679
28734
37047
52919
51572
49738
50980
43841
42216
35893
50954
48145
50542
42312
45669
58314
26982
57202
44083
44798
51825
45023
44736
57689
50646
50635
38695
58140
25636
33689
35350
41677
33817
36383
38353
48941
44227
26181
46458
36203
51941
49358
39311
53143
56732
36981
55732
44889
54850
30268
29619
53475
44947
35841
48065
37412
32782
48466
41475
51775
35742
41602
29008
40251
39034
37372
27449
47100
35658
56280
25926
34930
36491
58284
52099
50704
51508
36005
44091
56960
26778
43990
45316
39573
33169
29903
43259
36737
36052
38002
34897
45128
33447
28162
33031
37748
55738
44669
39157
49419
27985
43564
57617
40126
36514
47224
45550
49251
50558
33279
37251
55973
33844
29927
42542
26106
53939
54130
56057
52182
46318
37075
39195
51231
53381
28737
47810
41184
38305
39497
39695
34369
28447
40040
26466
44727
48626
34521
38361
33656
41922
40108
42259
28978
57561
51736
35130
45308
51520
54546
27200
40333
38181
31774
38760
26795
36992
30566
54281
50407
28151
36873
57743
55176
49406
49589
27330
34501
58178
39544
46155
30775
51528
52435
46707
54157
35409
43025
33839
40322
40834
27350
41818
48908
40513
41979
47681
36054
29154
38297
46692
58097
55427
52836
53371
43207
42804
27963
37304
53584
39260
49917
48716
43912
44888
50845
51500
38688
57444
36729
46357
29043
41919
51687
34509
52925
38154
55825
44205
54151
47089
41220
32604
49766
40718
38915
49117
37349
31242
46625
46796
40640
52998
54287
55524
52819
58169
33330
38085
46417
38618
34040
44532
38585
47168
27501
51492
52998
37448
29705
36276
32679
47607
46028
32888
36526
57184
45966
31676
52940
42440
30608
26758
58237
50953
42326
40220
46464
34356
48057
33990
35722
46458
37176
29909
39739
54093
35983
53988
42577
33474
52107
28766
30748
58170
44060
48961
55090
35649
27564
50209
48995
43702
53423
26991
30703
38957
37499
38907
55799
52625
29530
47288
56114
38926
49374
33727
45281
32557
44661
49303
40709
42817
48701
56244
51151
45827
44058
30013
36696
26745
36613
52499
26514
40220
42151
45070
39039
44345
31526
51850
55456
33432
27967
33826
51633
28252
42133
51387
44435
55850
38472
58053
26506
38029
44490
51901
40360
48281
39406
36854
36489
37071
28738
48794
28481
42305
39583
26347
26003
50423
49918
43471
29284
33424
45453
28300
57454
48172
53507
42448
35641
38538
52528
48628
37447
45934
32728
44161
52367
42822
40897
45300
36910
29196
26123
46270
41560
32622
40384
27791
58260
29229
53676
40660
35881
48835
35951
45951
36051
55624
57040
28934
26555
31382
41044
35502
38310
49324
40464
58377
52077
44624
43963
44477
45997
52729
51975
49032
28863
31723
56625
54145
31467
39844
37591
34465
44760
48247
36363
49793
41031
29047
27301
29797
34049
57494
41181
46458
52238
52494
30233
51292
46376
41216
28675
36827
31856
47707
32223
58111
28255
32512
52252
57930
30718
31780
30248
45628
34650
38133
35465
48925
53298
33920
38186
28150
51444
46802
41970
57057
29672
48477
31131
42114
51370
58014
58050
38102
53725
41213
57658
38699
54046
33013
41382
37744
35639
41588
28487
26287
26261
30085
39442
32984
46589
26156
33542
36800
48506
32657
49852
56169
44954
51809
40512
46980
26841
27250
48671
44596
32606
49062
56257
51221
31461
36369
55545
38269
51453
29022
30171
56578
49523
40814
39118
37692
53006
48707
56546
32716
36988
53533
55907
45980
34189
32994
56750
46185
40095
50115
32835
33151
46170
43037
55324
54724
58781
50845
45373
51960
43447
40872
34189
49723
45275
26618
42724
46544
31950
34957
53093
55328
37859
54716
35854
41986
57385
49576
46477
49721
36579
36315
27477
26686
33848
49195
50418
37953
46892
57057
44441
51818
35279
47131
40452
46948
29108
47215
43133
56348
33957
38097
35640
42694
48533
52151
48357
40226
36310
49531
42886
31741
36493
31744
34174
28666
58978
49560
38123
52114
46972
40741
38198
56922
43436
39295
49897
53636
58600
36374
50624
44457
36860
34521
50434
28102
42876
34134
38417
50052
49405
35106
47424
28860
36484
54651
39142
55866
46655
47660
48817
47041
53875
58289
29500
34128
44470
30364
31715
39332
36702
31287
27350
34302
44089
54891
46444
41766
36735
26848
33978
28592
36868
30054
29797
41854
42418
30100
46004
40070
45879
35758
48361
35029
38907
40140
38610
29140
40533
54841
54427
36043
39422
41498
51174
29859
51910
53072
39197
45296
55173
28831
47623
44591
30037
46863
59034
35659
36606
52114
43025
57447
32946
27624
36414
58071
48123
52928
37664
35439
26609
37664
56504
39937
53680
48902
53529
48417
49417
37200
45247
29995
34168
43737
43809
49032
53078
53989
41353
37676
43344
55999
35876
33635
42520
58528
46421
56782
38490
37331
48975
27048
56050
56343
42979
44110
42844
40517
48790
55039
51308
36914
49399
49632
49983
47575
37168
38979
57457
41391
47834
39464
30608
47713
47638
38660
36561
54175
47321
34242
41730
37454
46727
56840
43968
46055
52676
38587
45034
41245
35975
28101
32342
37824
37487
56598
57026
54241
26971
57576
53005
53303
52277
29512
41127
38337
53262
57554
35398
27309
41840
55996
33242
36985
55279
27158
29380
29016
27138
43087
42050
48343
31505
57596
58414
47040
29135
32981
51689
49982
29898
30208
42386
57155
29505
58771
28539
44071
45109
55892
52189
44946
33730
53443
30410
57499
50864
50266
44132
48945
40006
41491
57677
31418
36446
50219
57182
27643
44991
56101
39580
58936
47270
26643
53863
41884
53670
44049
54005
53467
32946
45330
27391
31765
27769
53215
27066
27390
27122
55132
47369
39996
34871
47373
26609
30736
36502
57050
47437
29753
41189
36367
35523
44821
32279
31655
42998
50698
36109
30154
56829
27428
43950
50836
58133
32255
29754
46104
59026
44008
27867
49573
56604
56127
54654
38472
56599
58911
34784
44177
40803
26690
40428
44954
30790
42014
53828
43334
56486
50004
53022
58823
51068
30283
57169
45155
37765
46872
46511
52599
40251
45986
48790
54716
49411
41731
44994
54985
35240
35377
51813
56537
41736
46045
33658
51663
58637
57243
34390
40311
35551
27716
50560
37647
27224
33176
36290
47110
49081
32040
53120
57347
57755
42612
37449
39465
28968
28240
50860
35738
55946
48524
27213
54073
47524
38611
45624
55989
30464
36820
44916
47299
45321
58784
41436
34986
50555
45139
27946
56069
36631
31223
58453
41924
43931
48293
57117
51573
56817
35821
52707
47554
57511
28025
49087
42810
48287
42220
36557
54356
30728
30480
42695
36784
45452
43057
39385
50593
31691
47556
30640
51945
36105
43853
39637
50371
38691
49791
57401
53799
56264
40612
32017
55881
53477
39743
59107
42083
26977
50672
33249
40116
54795
27545
35191
27336
53969
32959
59168
48379
54322
26931
27517
27961
43254
58097
40360
58119
58396
38984
38086
54983
41748
40251
36827
55863
33838
56360
49123
51772
57683
46503
30750
36318
41715
55221
47275
50835
48958
36882
51032
54720
47511
40423
51897
56189
46661
50860
39799
37529
30316
45641
49131
44509
53308
53883
50667
39573
30569
55674
28388
52301
43483
33753
57897
30169
38054
47533
55691
54168
34108
51953
31786
27385
47842
52009
56203
58173
27744
53318
50922
56191
54781
39114
26833
57842
58282
56620
58089
28779
52094
53374
56337
37407
44130
37965
46253
38573
34062
41929
54592
30303
38708
31269
52030
52140
35578
30785
43035
34306
59054
52615
54952
47555
44725
59411
55967
45454
49605
45078
44668
42175
50517
37500
45967
46905
46673
40652
59472
42595
29201
48208
55538
51056
52108
47735
32315
47844
32969
49271
32402
31059
42135
57398
34138
40300
53374
53355
42110
36663
45813
37376
29773
29851
52693
33980
58761
35619
30990
44830
31162
52994
32153
48524
54728
37716
56494
31917
58057
28582
38710
54035
28952
42681
35203
32285
37287
27267
44863
38427
39318
41335
58274
40372
33796
37126
29160
41093
42533
37222
35331
42251
27028
44690
28045
30147
33003
55954
26880
34191
51858
38140
27945
29532
54740
43963
56538
28930
48696
30991
58080
37227
53518
49877
58420
49656
45384
40713
57974
29472
28043
33161
58006
46171
48262
55067
43989
51006
54147
53682
29420
28135
35643
51693
50570
30875
50927
55777
51716
54958
53684
38168
42824
44707
42511
33241
43284
49557
54209
47018
29797
40406
30692
50964
57393
58581
31543
52902
50776
43077
35511
57661
57561
41595
32367
41346
34625
52760
41616
46771
57450
41193
38596
32423
56417
28171
47040
41228
35496
45907
50968
59380
41118
54764
50520
33168
50235
37442
45648
36666
28416
41759
42927
42425
32046
58388
33236
41665
48439
29467
35552
31674
37746
38266
56336
27074
34322
58347
26954
38645
50521
33273
27381
45292
33801
58541
39438
33923
46108
27754
29304
34528
31668
54806
28564
28593
30293
51066
30482
51380
38482
31468
58887
38525
47749
52779
29759
32372
52291
47242
57812
36381
31119
27729
41727
34716
57230
42848
32303
55160
47420
30485
53336
38815
58972
29552
27534
50090
57013
46453
50130
33379
58747
36050
56876
43140
37132
47298
46586
55490
31453
43057
35975
58634
43955
34081
55007
54539
38934
36684
48610
46580
49410
35339
58520
38783
52449
49526
59588
55854
44214
27341
53692
45780
41371
58391
57719
34648
46701
38664
31720
34998
33222
33576
39050
44614
50219
45874
29245
30273
46727
41402
59728
36737
40152
53523
52191
53384
28969
39536
30815
40900
47808
30793
36471
45330
58776
53249
41489
48256
44562
32453
42162
37463
29927
44471
30982
45145
36705
45388
58560
48199
59339
30706
54433
34726
33318
52215
42709
32963
47389
27814
28550
46325
51003
49843
27564
51234
28764
46041
38434
34180
57185
55745
37631
28077
35880
40998
58659
58825
48572
36407
41488
27684
31944
48956
38908
30188
35410
52861
39460
55863
44709
47711
59234
28231
29839
33489
57090
46861
42189
34534
30674
54253
38340
58819
44408
34497
41842
59068
55304
32032
58275
44218
41430
48864
27240
47328
36745
58841
45765
32878
52849
33516
32682
39397
48411
54341
51492
50540
57890
45276
35285
54386
50503
52546
32930
46229
57028
48538
47787
41410
37086
55525
31104
50078
57274
57732
51602
47653
56177
38647
56551
56721
28774
38123
32274
46462
37336
41844
44899
27467
29363
56471
51803
48067
49324
51979
45922
44029
38284
58944
30140
34176
37580
36769
56250
56747
56163
29975
55085
44117
57308
31950
52768
46512
45227
40507
40903
52083
51905
52318
30130
43320
37470
54596
46406
28706
28711
56017
42350
34244
50296
51388
40078
55870
42235
27611
51897
55721
39034
36513
29731
36022
50417
48869
45017
44177
50152
41188
32431
44556
37119
29578
52858
34809
50891
43501
48512
47319
40416
48667
45613
53170
57903
41237
39688
31812
53907
27675
27365
60000
40614
46890
42331
27793
30425
47300
36728
47614
58052
37615
55476
50064
53690
29056
53284
58455
39329
56729
31216
28970
55296
60017
39175
27534
59738
40787
33041
56282
27323
49898
50342
38552
31120
27579
37821
28973
42427
31219
56935
43453
51687
56931
36797
34377
48665
53961
29974
28442
39048
59217
42366
34915
28847
35163
32100
36642
55456
59263
33427
32071
32923
54990
50276
47384
47327
40283
35889
54228
50624
50683
29196
39830
47610
57672
43441
33917
52037
55276
39866
44298
54570
45596
40722
33225
32276
30818
59052
50228
45738
37280
30581
30932
27484
49746
47751
32937
28732
45331
32671
57804
36624
37987
33745
33619
30629
28071
53370
57461
45670
30065
34423
30447
58668
40194
59796
29861
55896
51469
49223
59533
32288
43454
56223
31433
50726
54267
56183
28691
46927
32746
33519
31838
32210
37043
45341
43194
52111
51591
53759
53369
28835
54241
56244
31120
57913
31499
44012
35904
41890
49381
55710
44533
50601
45026
52985
50030
28704
36435
49052
56862
43455
55016
53001
39122
53807
39539
31575
42901
33377
44784
41000
40656
50980
53187
42459
46518
59895
37696
45315
34783
48155
55664
58903
39475
38893
38930
38251
42762
35955
42977
58206
30098
59189
30485
49365
49264
36942
50476
51177
28586
27842
52202
53469
43460
47890
31135
54099
32809
40462
41128
59327
47821
51691
49208
32027
34577
34709
51801
38621
36327
33350
35629
42790
46390
37720
38266
55612
36992
32856
55397
57402
50370
57179
49790
40454
58267
38293
38397
46724
33201
42023
53835
58121
35921
46905
54981
39443
41557
43849
41660
57143
29771
31938
54976
53082
28627
54737
56094
48420
47689
44660
53159
29106
48804
45780
43187
58763
53918
58324
40294
34262
46870
42474
52018
55754
30642
45614
45725
40037
28104
40368
28997
40545
60031
60175
56609
33892
52273
55879
58633
46455
33556
60107
55929
36281
51482
50132
34962
43348
37141
30456
48225
56241
28959
53502
41572
42728
35897
44273
40266
51067
48946
32115
31227
43075
38091
32852
42200
53930
50456
53347
50244
44827
50217
51588
56419
43447
41962
29443
57377
36682
52552
58408
54135
46717
54421
55052
58090
51533
27950
56746
37972
49851
49243
27961
29926
29893
43894
46010
59502
43670
43344
60365
32214
47866
60112
41672
27885
40724
58077
42250
41323
57683
51582
33933
30511
30882
55872
28091
35786
58335
53721
48771
51521
39311
28426
37803
36367
40912
31434
49256
38506
57486
39840
58412
35527
36346
30801
37567
55200
43832
28091
49809
45685
36184
56321
30031
28689
59528
52968
52916
36878
48520
34177
36258
41371
47966
40201
39793
58749
59722
58125
42375
53588
44284
37585
29992
55328
33029
33267
31120
39939
28556
32844
47167
27977
42306
28439
38805
47781
45208
54101
47006
54973
49455
59248
52527
46825
31631
28702
45874
36664
46365
55432
42558
28597
44103
55724
56939
50920
37122
45311
31588
28063
29046
43607
30397
40942
57079
33033
36999
34676
57144
56398
59938
47840
32187
60140
50003
54964
37260
57874
36246
37705
35631
58243
51638
31763
57047
36598
58266
44071
57049
49853
32866
46074
39519
53158
29363
35948
37985
42015
51534
47877
59089
45725
44008
35710
42518
38718
31286
33411
39100
49325
57671
28087
38762
41030
56086
46329
43284
42362
52320
53478
44913
34933
46259
35486
47024
43007
42184
59595
50023
32416
28434
28128
40396
29448
50839
35743
37159
34733
49151
28638
36999
44470
59626
36490
43444
48920
59783
36076
54118
58367
58467
29227
60340
59247
34942
49427
31439
48939
35236
57108
36336
51926
29434
60558
48783
36440
34776
29260
47574
60291
42710
34894
56405
40695
58154
55755
46583
33858
51249
43638
35381
58700
31563
49409
41097
55539
45036
56031
31014
29938
41456
36175
47590
55047
35375
46998
59268
51541
49490
60043
48907
34311
34021
59737
50062
56886
37549
42881
54298
51212
36411
59422
56809
38954
58561
57965
32472
59976
41765
36748
44059
32027
29268
34178
45360
34172
44505
33664
39697
48326
51374
37735
58286
44672
29777
58505
29082
35132
48667
50100
49157
30398
38606
54381
49898
48993
30829
28537
56201
48311
40528
51874
28952
57200
33655
52663
33206
52349
39711
47317
49056
54645
30611
32741
36519
53303
54085
32614
30178
37329
45085
28269
55712
37024
33041
45545
37280
29113
37366
29996
44933
34184
41365
43943
35204
30647
57858
57333
56672
46673
54057
29724
40856
54312
43946
46863
51935
60020
50151
29559
50124
48572
46938
56242
42195
43514
45101
30492
34420
39418
37124
29838
38834
36355
28958
34341
39623
30137
40604
43589
39446
57666
39712
34269
59745
52648
50842
46060
51004
36990
44127
44612
45761
42695
42620
45966
51590
60179
52041
52878
49612
30443
55617
58024
54521
45935
38160
57763
44617
56638
52718
36526
45504
32662
31788
29344
44899
43709
44556
58756
54951
59807
46806
53589
32298
47800
54312
37382
37793
36916
48526
38597
51217
39765
53842
43137
52291
59158
55702
31146
45426
34318
34975
58168
49734
55190
50036
29422
59398
43054
52136
44768
28681
45341
53620
45619
50541
47960
39689
34596
29452
59813
46627
57931
33196
28160
59362
41761
34422
44606
52950
48577
30122
39920
60248
29163
36240
50058
33313
29518
60850
54981
36117
59143
44616
46657
44640
55909
35828
48751
55748
38639
31663
56238
43057
30632
47875
43444
35223
41873
45180
41520
51448
53616
45145
40621
38593
30928
31110
45498
36186
37961
32463
39752
58364
55553
53326
56403
50115
34675
47397
44485
29444
47471
58739
56983
51936
53602
42112
56633
43801
28376
39739
28724
57381
35903
31463
57870
44929
43502
36881
42093
32328
43622
48581
44672
50692
50135
47361
39579
52164
43750
39018
50977
52591
55981
35902
32423
39255
40451
53898
60246
50193
48638
48029
55697
28805
31159
53948
36312
56897
43853
32535
45549
45587
48685
45308
40245
44246
55952
28491
31840
50316
59973
55594
40013
54189
55984
28665
56359
53951
49171
48521
35541
53287
48652
43656
45969
39487
55647
39232
40406
53160
38646
39042
33920
51682
35878
49884
51247
38425
50228
40466
41196
28738
40728
36556
37647
29799
36224
46221
43871
31295
52760
49636
50812
52994
36873
42214
59258
49531
40639
37851
57807
46175
31472
53816
55919
43741
34010
49614
58421
33654
39884
37952
48005
54543
55015
45242
58672
41541
47910
41440
46231
55040
37532
40965
32020
50251
51453
35742
29333
36451
29024
60406
32138
49421
55619
50723
34306
32301
52432
57400
31248
31381
28767
50364
37748
48411
54075
39515
41079
54254
40873
41948
54295
29738
35878
31827
57700
47017
29169
58264
58922
60701
44233
44791
59600
44635
43000
45609
60800
45306
48272
46211
59017
34077
50421
50798
33793
46733
35227
35607
42670
33803
60177
51816
31271
41188
60735
57142
31286
46277
34796
54716
59265
36305
57475
52808
28521
47345
53526
30772
35635
29803
57507
47384
55909
45239
37014
54334
31859
37774
41872
42582
44443
45379
49511
51563
43790
28758
40046
46358
41552
52039
31734
44786
45025
58536
53268
40783
45341
41334
45733
40491
60769
48553
31120
52318
55919
36618
48715
52500
32788
59973
32417
29568
48904
56895
47794
30927
32533
47529
46139
52827
34939
36566
45847
57378
35988
43465
29446
56182
41396
44179
40622
52726
46675
50652
31711
45244
49006
46527
44315
46040
42538
38107
44118
56829
47291
37286
58106
54395
41604
38917
33582
57197
44927
38682
34392
32308
57056
55645
29920
40996
35061
41711
56120
54652
40017
35371
36889
35996
46633
48765
45071
44914
39422
45431
29239
46390
52348
54817
47687
31831
54691
60049
35792
32949
60964
32700
49856
49680
39950
45964
46379
61120
33449
53555
41547
42663
59810
52158
37573
60005
49001
50925
36397
35530
39640
41538
51661
44177
32789
47704
46242
46155
60601
54390
33960
44697
61234
59492
43352
34974
52582
48253
51054
44212
32408
34822
41455
55134
31888
36798
37995
47231
45046
28854
33407
46281
31744
36195
57503
56183
44365
53490
47634
58431
53264
48347
55358
51586
45424
29881
61222
53959
36911
48217
29489
41831
49290
39953
31789
41353
51041
40787
55699
51537
45208
57729
48141
49237
42173
56579
38965
48465
33259
45208
42656
38939
31726
52969
42267
38361
34727
52324
48436
50545
38322
48967
46077
32833
57415
58875
50956
58129
53342
34724
56006
54085
48663
49910
56798
58455
36952
48970
34328
45445
32696
29681
51795
32711
32924
31176
48582
48132
39071
39692
45194
43397
41784
38256
47448
54442
51607
49773
35989
40412
45519
39386
50315
28866
43322
49852
32506
31672
52761
42591
29647
31613
31868
47526
59699
61227
33378
28831
43207
51309
57120
36954
55854
60396
37383
54012
59085
38410
48193
37391
51918
30675
39420
60188
30571
41008
38603
37500
43625
34142
33096
51307
57058
49823
41471
42078
47944
56880
47495
43671
41127
43898
43506
57334
48938
40332
53096
53266
54241
40393
52238
47496
29633
47838
52012
54419
34797
50168
32656
59357
57140
42035
57645
40853
30938
37461
60936
56002
60571
59580
29269
58071
37869
47509
39900
49543
55430
29519
56482
43226
52254
43343
57542
41345
60790
54502
39849
29543
48793
41600
45137
31880
36961
40734
47376
59910
42814
55814
45664
34681
40243
52920
36114
39047
42273
43813
43944
28854
37704
50716
52991
48509
53003
55813
46641
46753
37363
55249
30137
43199
38903
58929
51672
36388
42235
57606
59448
43493
33686
60697
38096
55597
57624
29709
32263
36561
43724
40082
42012
44330
53370
37595
53189
45603
36912
46417
56342
59793
44866
31113
55205
39363
50320
40307
49388
56922
30727
30933
57838
42331
56171
33528
36638
33411
49235
57506
52604
52443
44917
36419
41985
47756
58659
31347
39997
61171
30486
42140
46655
44792
34667
37876
54197
44956
43243
47791
56916
45778
55439
39282
44410
59024
45123
46858
61202
47653
46827
49246
38841
40397
29092
58530
40478
57475
39500
49614
34223
40982
40772
30031
31858
32639
53364
42236
36912
38770
56720
37963
48857
54579
35226
39365
58916
48043
47017
34999
54902
47803
46312
58155
36101
37072
58337
59414
55613
60088
44284
53715
29027
46516
55362
55504
47736
55246
46183
52872
51040
49772
44808
58545
54083
37670
49713
29878
47924
46805
56098
56167
47888
49900
40531
48368
29097
30988
44213
50439
61476
43218
52795
46954
55456
58356
42393
58505
53273
47244
53580
54911
51083
58803
40410
51783
57434
48722
44379
51501
61425
44597
47160
30338
59049
38241
52019
58772
40429
60840
42663
35806
53661
61050
41745
41851
51375
41726
48848
37345
28956
42593
47401
42699
29434
31343
56974
51063
32485
44128
59936
55826
56228
48116
41074
34161
30474
30914
34704
39169
32281
51660
57408
45313
49262
37720
50311
60142
58073
44795
36719
48703
42315
43511
29192
52563
49141
48583
55725
49832
39854
46839
35720
36429
59797
48697
39257
38810
56824
47030
37746
46878
37493
44194
39942
36057
54111
29459
49060
34475
56420
34835
46847
43789
51308
53235
30192
31743
47299
45283
43966
34369
30587
48064
39068
61638
39180
55085
56435
41062
57662
41189
41698
50131
61257
31056
53380
56270
30010
60756
38257
37787
32408
29293
35079
32178
35400
43264
45802
34999
31662
39148
42313
49324
42773
40035
35939
45158
32081
60664
55114
30525
39586
34552
56807
59144
48348
55038
43071
48713
58565
58818
47860
53924
42687
30258
36111
49046
61095
51652
35580
60771
47868
32522
51926
33872
37700
48775
54758
40979
48555
43457
43878
55176
30702
49303
57482
60581
46967
45269
33217
47280
46282
50182
39224
43183
50719
57225
32415
56865
52560
51943
54321
51179
48374
45156
54510
51093
30927
35796
55339
46774
38244
31664
44621
57517
47848
43113
47826
50322
44898
46588
61329
45933
52239
29639
36162
40613
57857
48795
52544
43707
53773
51474
55438
55863
56292
48675
45080
58595
59520
29171
59964
36664
54210
38126
59785
38422
31065
40215
61639
33464
35045
55708
47159
31462
58716
58542
59420
57708
37805
59279
40057
56012
31908
58605
54813
35376
34318
32110
31965
39586
50973
57996
55073
59519
56334
60323
39586
57129
40200
33096
31345
57085
48200
53981
54844
49029
36731
35426
61133
49646
34923
29326
50131
34748
41182
49951
32485
57788
48571
34670
36804
35642
52591
54086
56800
42357
42383
47606
45854
34640
58303
48037
50137
46410
54738
40166
30759
38320
44339
56461
55901
46354
33155
48064
52949
44787
59011
35921
30958
36548
39221
47435
61781
48404
34878
48586
45443
52481
48015
32272
55431
48626
57156
46806
44294
34184
30156
30432
32896
30161
30027
54996
55252
54207
54332
58188
32007
45529
51547
60714
56897
58161
49858
46124
56856
39574
55378
40896
30993
35338
48468
31257
58468
38519
30048
57730
35328
29597
53374
58354
34255
48207
29324
30945
34875
56031
59872
52571
49649
54743
39214
38483
48357
54505
30891
56633
50838
61993
29298
31439
53139
43898
56871
46136
58430
34886
57307
44625
41680
51059
44592
43845
53917
43410
33726
50780
32922
43865
49077
41492
50460
50259
31171
48243
38626
32214
36152
56731
53078
30262
57192
54431
50192
42040
58704
30357
39324
61129
44157
37869
45949
60656
60202
55297
58737
57858
56233
50924
51703
51733
59140
52640
57871
35510
58083
38963
57921
39903
59056
41594
53472
48419
31738
46809
55696
35628
44567
53081
31238
35175
48398
36091
60431
29694
30644
47437
61652
60935
33044
34362
57692
57339
34068
32806
43090
39529
41046
58939
35081
37099
32605
56573
55229
49498
30961
44837
34588
39742
42948
37036
44804
31624
51029
38950
61583
36996
55317
57937
56141
47625
52937
37870
47056
47603
54063
44495
56174
51410
53732
59186
59714
58084
58757
33357
42100
57665
56084
53034
47034
45910
54686
53429
38431
52372
54555
47124
55556
39529
42134
43574
48996
38512
29582
33711
45660
51429
40603
36547
62186
53083
60245
57280
54517
48049
47985
52114
43917
57154
31533
44177
51829
54876
52975
59805
49374
59380
50216
29549
45430
36247
35199
44068
60321
47012
61996
60709
43526
41401
51361
40745
39502
52075
46192
39055
37416
59706
46953
46579
38289
57795
34306
57601
37458
43832
48893
31115
29898
40206
50756
54490
31213
35317
50968
51010
57997
46605
41322
60409
60377
32087
50825
40746
45347
48746
51454
56900
56038
56679
41908
33432
48903
62254
31837
35363
54875
31954
58640
58024
43882
40779
57655
60163
42610
54123
45480
40633
55983
36372
44050
40915
47322
47271
41371
37613
51952
36287
39111
33162
56628
44576
56988
46762
47223
33258
45828
51615
53655
47635
38002
51996
37446
34323
61128
51343
40716
53729
45433
39344
48783
40991
37098
44122
50707
54417
30495
49819
44861
33492
59283
55047
47900
38221
55911
39761
50794
57439
53951
50460
45838
30177
46186
40206
35558
52431
40129
33830
49092
37183
49873
58192
44214
45207
41660
47415
48267
30206
30812
47707
55698
51984
52522
46947
35493
61654
40286
48564
57702
50421
55384
42562
40393
59173
49215
34470
43731
53989
60648
47218
55457
49518
30201
60097
30635
59365
34894
61970
47434
58836
60059
51798
31096
30683
46419
32583
54743
49827
49609
61180
46582
51732
38038
39610
43215
59592
51002
31246
48020
56255
46342
33816
44459
46676
61241
58154
42487
53871
48233
34450
52569
37117
42788
34483
62070
32413
57304
36699
39611
45212
30192
50256
42143
60964
44096
54316
57128
31152
60579
44395
47793
36547
40674
35267
30442
59354
59096
50100
61984
57503
36308
43615
32191
34911
39743
51099
56341
47294
57471
52294
52056
33962
31770
38617
49643
37773
38943
34879
49117
48327
59330
39656
55731
30555
43078
61465
57447
61928
43296
51078
51888
59100
40793
38178
50052
32996
51252
43318
33243
58279
40721
40624
52663
44211
43665
33726
54881
32951
42235
61596
48629
30964
33758
32939
32288
34030
41720
57794
35369
37991
38487
60872
53806
40333
59326
33411
35761
54131
49994
35755
58195
41150
55125
62275
31710
47777
60315
60457
56969
57355
62363
51947
49272
39198
41025
57564
49539
35556
46273
36199
34872
45885
41670
31140
57123
41244
45516
45609
46925
31987
46538
37667
46082
30060
39189
47781
41943
58458
48513
30015
35564
49135
30921
55507
41583
44079
45105
33188
61793
49316
55145
42416
58013
54868
54965
62016
31766
61936
40011
59325
39776
40526
56572
42949
56178
51993
51223
59774
34730
33736
45707
34858
49169
37580
32075
57340
45793
58638
47863
60714
36676
49560
55480
57668
38239
43410
52844
41668
59279
62577
39427
60134
33010
31851
35368
30138
29994
61230
39972
30839
56669
38609
61696
53778
38528
44811
40426
43535
46294
39587
56283
61848
53427
36135
55926
31436
36998
31969
47666
39513
37910
61703
61883
34637
42252
32818
41622
60713
53426
37649
41220
58423
52986
48991
45866
50206
56002
53010
52078
33972
57174
51158
49700
41235
40759
34489
53866
45295
47131
50216
56912
44071
43060
37914
48701
35993
47285
46731
40846
49723
61843
52268
46719
44392
31368
50009
51023
37751
36190
37195
51871
49554
56682
35727
45340
53701
38999
30134
35421
50774
58405
38735
37646
61269
32368
60946
61007
52851
57590
53342
36439
60696
36692
37862
36957
55471
61968
36007
36792
47429
58076
30749
46149
46674
52761
43190
32777
40406
36251
34183
40983
33192
57516
45629
50356
48907
42323
62295
50362
42115
46806
41619
36922
43495
38269
51110
46693
61110
48025
43312
33453
62126
50117
59887
29991
48283
50284
34355
39476
58222
33931
50578
34144
44430
60856
62684
62346
47731
57188
31826
55366
60016
51037
42514
55935
30928
41878
43222
33889
31781
53547
51934
43637
49373
52384
45355
52750
45590
51050
44782
32485
50356
46768
43328
32768
39088
48978
58131
46040
50354
41771
50537
37818
32739
37779
30660
46702
40444
36136
56541
43543
37284
41167
51096
42330
59640
52725
31800
54210
30827
53787
53711
49507
42960
37265
34809
43454
38325
32129
42186
44517
34035
39728
61189
46560
51331
36993
55439
33102
41363
55739
60707
43855
50137
35979
39238
42402
62504
52301
56702
61195
62785
54151
49599
35064
46827
46774
40230
61539
31558
50254
34282
40442
58972
42492
32143
53630
44025
42798
44380
44137
53181
50389
50960
57299
43887
60009
56785
61846
44948
32814
52069
56497
37440
44727
30116
37098
57389
31656
34861
38328
41994
41920
30297
54367
38933
54806
55661
52573
38380
46242
32532
48389
47264
48640
48140
62314
58636
33905
55071
58238
44133
54819
41045
44411
48402
47794
34920
43138
54717
59886
52344
44930
61098
40927
35328
46428
36167
61958
53001
58437
30213
35302
31389
52331
45159
59587
33151
58843
37208
39082
60185
59810
49090
61105
39606
50738
59228
49792
47345
45832
36292
48912
53613
42892
48589
45235
30919
47417
32026
62549
36553
42237
49132
60417
61665
34787
53048
40103
45265
35567
54525
55580
41895
34377
33492
40546
56560
57247
34505
34090
59945
42948
49769
60567
57974
48029
30748
49733
40599
60477
58037
35722
44311
62031
60232
37883
54982
45236
61755
58674
51050
35438
55456
60367
44722
53181
53954
60861
60779
34439
38142
46519
41718
37373
61909
38922
44794
32124
34879
46236
31574
61105
32065
39469
41562
33537
62401
44765
50486
39976
46746
33262
42674
57376
51436
60108
56864
61508
53429
39242
46735
39861
36774
31535
36418
37117
56879
39665
51809
54002
56541
56256
45805
62685
53221
46790
51961
57820
55553
56750
31000
45957
33658
58979
37906
56268
54918
58394
42971
42535
57813
37266
34501
54256
30823
61594
31476
55306
36256
33493
44050
62919
59550
32698
36165
50953
41418
43998
59230
60840
40621
46454
54100
62484
32774
47639
47344
41276
46617
55745
42441
50094
44873
31516
36979
47103
54505
42241
56308
44653
51792
37180
44919
62403
41515
56465
63045
49533
32280
30717
39920
55597
52336
48957
55505
61213
39011
55445
41653
43062
41035
49610
38356
44832
42554
44656
59907
42155
44757
39788
51242
61294
41574
48049
37879
44718
33836
41549
32212
54401
46070
52649
61719
43826
60912
30732
45689
51688
31932
53602
49866
48259
53700
34364
55779
58055
30671
47127
36315
51900
37843
51937
31358
35412
59402
43961
31994
56399
36168
62711
55260
33884
54924
37740
54075
48769
37589
53483
44339
48572
41271
59399
61078
32235
35629
34079
30685
60649
39217
55448
55909
44794
38282
40554
53720
33385
45414
48862
61928
34415
49192
60566
56388
59735
48387
58317
37572
49632
52936
44768
47591
38883
48636
37901
57216
57397
37166
36987
39340
61391
50055
33915
37383
43564
51619
62734
53536
61171
55455
34471
56874
35542
41844
38194
34548
44986
33411
36180
58395
47128
47473
60149
60798
47523
53044
33020
45810
43819
44142
61017
36151
41409
62458
58441
56107
59676
51653
41429
40766
31547
31712
51356
37158
39756
49619
61139
30676
38861
34355
37514
57254
30705
61047
53809
32990
38981
38151
36442
59987
31379
43414
55489
50278
52486
60338
54409
49208
60560
45977
60360
34586
59017
32079
32326
48709
48537
43501
60802
62156
62935
60220
43510
33230
44082
36226
42396
53488
48401
37788
53169
60170
48694
55629
32185
54561
53224
45014
58819
44950
35153
43207
36334
30620
33829
33556
54572
31983
52100
61035
31046
57284
45602
39109
48673
43771
54181
47676
39487
56988
50510
37660
35976
32385
47580
36924
32587
31056
40109
35215
56448
31661
59431
52982
46928
33709
47958
63320
44759
51341
62166
42485
60968
51876
51444
47607
60817
40854
49424
40010
55585
52939
57926
40878
49256
53791
34125
42763
62334
36571
47518
34308
45383
56037
34265
53198
35572
57907
34661
34883
41165
32901
46423
60210
39982
58196
51862
48634
35536
34821
39740
57175
32586
60003
55615
35195
39640
63308
35920
31329
58458
38826
49411
63070
37024
59302
45873
55545
40932
60952
63387
43004
62616
59457
59599
56523
51043
32188
56144
55285
40038
61618
56561
45833
40387
40526
33666
58539
32608
58224
36526
60134
53224
47526
57636
61380
56083
41048
38133
39964
33064
42562
44861
36012
42944
42791
46854
40295
42956
37316
45929
32528
56537
51716
54518
51976
47507
31602
52823
35173
34184
61427
41007
56643
43055
48821
56392
52063
42281
59235
41966
52962
44486
44443
58774
45178
60363
51361
40388
54191
59763
47957
40747
61045
47795
59490
42517
57085
52162
46777
47877
37841
30937
55870
43163
47648
54072
38080
35001
42582
46953
33583
44260
43760
39112
51977
58861
53647
42563
48150
61136
43595
44127
47701
32476
42313
55419
33846
50964
43664
49497
43273
57046
58392
55514
50103
58298
60964
43785
52656
53437
57810
36443
40484
53407
60913
43318
59766
36745
61970
61615
54510
53235
53218
33944
62126
50885
59063
36026
47591
33468
60776
31583
53068
58128
40546
55572
45511
57684
59896
32172
40811
45725
41723
55944
50859
33766
55691
47638
38857
54707
55340
39064
51857
47861
63261
31271
60486
32558
47589
57847
35293
63445
60206
52956
51817
34044
43734
57613
36311
34096
41540
36137
58331
49313
54008
32887
61226
36739
45926
39538
35050
49075
36357
40837
47206
32158
54947
35091
54023
50271
59899
38586
55424
39207
60297
34009
57160
38370
46493
35919
42317
34583
36783
36742
39143
41232
40690
39089
60938
36924
50475
36177
37825
59601
57796
47870
40407
47541
43292
41316
63191
50847
34338
40332
60984
44410
47650
55901
63185
31498
44767
43618
43411
62161
44769
44749
57462
36404
63504
61372
32180
63194
56450
51644
45878
32853
58770
54411
56907
58628
44338
42787
52128
51767
57730
40179
63341
53141
42657
32880
40428
44475
51906
48844
45071
43046
32899
35077
32882
54867
37755
34338
48271
34852
51986
31418
34353
51590
61334
35253
49451
51537
42379
62038
59721
42864
37698
61306
33927
60993
33965
39962
34177
47934
33137
33047
45611
56030
35133
45111
58050
56246
59994
36970
44290
56548
59012
48979
53146
39853
39417
44035
61917
33893
55503
53000
35770
51855
63114
41894
35310
52294
44014
50788
33400
50396
36626
56523
36173
37568
53686
43626
38222
38053
47574
63261
46455
57824
34944
43663
63065
57874
49890
49406
32714
34824
37287
32062
37595
46047
43652
31745
57354
32876
63501
35925
36281
32731
62414
61806
33503
43925
59031
61862
51710
35688
33559
54978
41045
55266
36524
50039
34134
39933
35962
33325
56922
39426
40635
45314
33428
63399
37461
61202
49987
62842
51378
61174
50220
46467
62412
37514
47176
54565
55431
62451
54970
56902
35652
32737
39939
54192
55987
34066
43897
56502
56552
56600
58614
54298
53938
37467
33485
48686
54568
42849
54274
59962
33156
58189
59066
49950
38709
51110
46832
37688
48175
37722
46442
49032
56198
63235
47851
48658
53819
56936
48043
52100
56918
62279
52996
42009
33844
48466
57198
50109
56867
33655
38573
61810
35372
53860
55881
39410
43568
52299
60479
48534
43575
42466
33782
62838
49412
62639
62324
54226
57069
45698
44242
41905
32489
39491
48109
52167
36331
49645
34911
55452
56430
38363
62382
61931
52817
39235
42946
48968
48358
36864
43421
32774
48966
62868
33862
55896
52455
58733
40966
42422
61040
55399
39383
46211
61643
56211
44826
57580
52860
42039
37256
57619
49970
42261
46955
42605
48540
35056
31758
52328
41854
46669
42098
55890
39940
49271
40002
56438
54358
59845
32521
39048
62060
39711
49571
57667
43556
62655
36850
52560
43154
56373
45778
54634
51607
43950
37454
40384
52149
58997
43028
61082
63009
38586
63014
41024
58650
47251
54739
32280
61562
54848
45798
58638
57483
47539
34589
41272
58651
55120
43484
52922
33491
54769
51235
49640
60100
55341
39102
47787
61507
60122
41147
59174
37111
48336
39969
63897
49968
33776
57055
54661
32378
45925
49667
38929
45683
59178
61740
32684
40921
43212
44098
63220
51175
61810
53604
50902
58850
36122
49954
46071
42735
49957
32493
35667
37927
59414
63435
57893
58093
48279
35152
36102
40831
48573
38601
37464
58828
51852
43706
39909
40070
49854
43659
43972
58999
33472
62078
39037
48664
57598
60900
37996
61280
36960
32657
50283
58330
35860
52877
43435
62714
61583
51980
58083
47281
58830
32672
34989
31807
32482
33454
43308
57673
45739
39967
42739
53547
53732
62295
32546
47759
40543
55659
47826
52543
59282
33678
36788
43063
53331
51661
62452
44543
41440
48637
43364
62263
53282
44785
33750
31603
37683
60400
61129
47178
47645
56421
63049
32426
39653
49113
55056
58990
50120
43551
55793
51251
53700
36814
32375
52583
36954
63221
47305
50850
50835
40969
50896
48186
54593
47906
57500
60690
35463
32103
51204
44978
52891
43719
31629
59805
36299
59371
37006
37086
33726
59496
63633
60389
52221
52536
46587
33681
56241
51051
50160
31630
51375
54042
46449
50401
33201
40605
53191
57025
56294
61949
42021
39337
39342
43692
60553
37035
52894
40820
45027
52487
50379
32942
61817
51196
51013
34996
61322
48862
62945
37017
46385
36201
34364
56599
33677
33365
38396
47048
54815
57898
62041
43161
34419
35926
63709
58237
54019
63101
62823
48734
52568
61968
41334
50009
62322
61473
43172
45866
63594
46966
54897
35813
32854
49372
53570
59368
54125
44477
34474
51469
52332
36085
44263
42020
34360
57826
32176
49312
36036
41402
36398
49296
38197
39714
59464
58577
33092
31740
51491
57730
45540
59776
43241
54969
60709
56974
61386
49524
56153
50242
31809
63699
57205
63690
56985
35716
52922
47220
60847
37246
52116
40203
39161
50674
51138
42852
39879
32126
61879
34612
62921
52389
37184
38180
52434
62076
38760
45864
39899
56229
58777
34572
54091
53633
36867
50000
52854
43426
40769
62005
49763
35199
38202
63256
35282
37484
47430
47615
62077
35273
61331
45426
61343
53625
40902
48780
54707
50326
61157
36689
33662
52322
53364
64322
40015
49537
45790
36399
46982
60774
51991
46413
43347
49164
50048
49800
51392
36326
53771
47642
55026
59928
63903
40541
60331
61671
64190
44509
35604
38510
46949
51122
51386
52627
36403
59917
39894
39738
61646
32528
51409
59833
47491
60387
33799
45195
33836
38404
45516
50248
36439
53982
59308
58068
58020
62878
37623
53207
54127
61250
59518
38254
34991
46322
33175
48417
42270
57492
51815
38164
50843
49051
42336
54657
58828
50207
59400
47717
55559
35891
38140
58746
32371
62323
63285
40038
53610
58076
33419
46898
61218
53985
40311
54013
52877
46010
47133
40178
44925
45056
54410
51575
34060
32119
58426
35751
57147
45099
40669
41219
38873
50110
46682
50532
50855
52992
35861
41781
49337
38336
52078
37854
42783
60642
36234
50307
51397
42162
59989
37615
56216
60792
39623
46795
53482
59981
36967
35604
51480
58924
42510
35788
60010
57164
52718
56303
40762
56493
57554
59304
32601
49649
62119
63173
59566
38254
53308
50025
35616
60545
35398
59648
60343
61989
45479
49016
41725
48068
43248
63151
55979
57421
44836
34343
52865
34182
34751
50433
54390
55204
58358
48681
45073
40729
61761
38094
46359
59565
45335
36117
32102
62416
32248
36110
46625
56110
57777
43495
51213
43909
41180
38239
57147
56499
40870
32638
38376
57620
33749
49283
50849
48906
47113
57119
51627
59613
46145
50912
41377
50886
44962
49904
56159
42822
40820
37119
42271
35260
42862
41086
57570
63287
57139
53774
46610
56713
37148
52024
58981
41117
54840
45662
59908
54794
45969
59121
38637
57063
40113
35301
55189
54242
32613
60002
46290
63372
48321
43709
46841
41719
45924
45478
57923
57475
48894
48035
53878
43253
53519
41149
47553
63177
34545
41592
50919
41930
57624
54793
46752
50399
32665
32452
37948
63528
34793
60628
60809
55625
38887
46126
32247
36870
59933
53192
38138
44305
36675
34053
48048
51487
57605
39796
56772
39489
37383
48315
63890
62322
32549
37070
39819
57964
42495
60005
43227
57281
58549
38828
48458
50470
59119
43836
41056
32274
58401
53578
38349
42632
37645
34078
36104
35888
63113
47815
62517
50605
59266
53518
45644
54315
32833
57256
35960
33591
52461
46512
64189
64212
58705
40020
45022
47051
54240
45518
55422
56898
60918
61590
54661
39568
33121
46805
62917
33872
64288
57885
62174
47028
60266
54104
46430
39197
35571
61183
42029
63208
42346
60813
33577
32138
36166
36914
42253
45535
64706
36299
62615
58815
34854
52242
39146
56019
34121
47378
47409
34726
35924
55519
41861
45823
62920
56195
56081
55663
63939
53051
53619
37158
54399
49892
53094
57354
37915
60592
53406
47115
62366
43293
55028
36272
59193
58920
63683
48374
48588
52925
44690
45147
64428
51827
41971
32310
53924
42358
36778
61513
56121
62660
55058
43417
62258
35485
32957
56958
58712
36660
47707
54006
48763
37291
62941
37694
62389
42302
57818
39588
48627
57023
49457
56471
52912
50754
58864
58368
49668
37145
54132
64725
61918
47107
52178
39914
36493
48544
52342
63755
41094
47400
48650
36681
55137
63837
56218
63377
51748
54206
38133
53635
36036
62462
61526
44672
48873
49076
44867
45829
63474
41556
47798
57912
46137
54622
39547
51137
42904
63701
64473
62427
39212
36851
35700
32171
44120
46619
42610
32720
47885
40975
42717
49979
42313
48483
53064
35905
47582
36402
39350
48622
40053
33039
60855
51101
52434
60734
33236
37061
45914
64805
60461
55062
54994
40189
42593
45765
40809
49613
34990
46372
51961
40089
32858
54645
63114
36310
34129
40960
57624
60706
37647
56163
52118
63794
43200
38954
39474
33804
38054
56991
39643
44918
36540
61155
38144
52654
59033
51006
34459
47707
51350
58548
45679
49092
56883
61913
58253
56384
52663
55270
35357
64493
56599
58891
38235
64165
48153
33543
44768
33326
47545
40183
47907
39089
59596
52075
49983
62318
63459
55231
44023
57773
49266
40873
56823
58360
53554
34318
50012
50055
63427
58906
48759
48636
36246
48271
32206
39249
35850
64349
53604
46094
43989
47988
58683
58815
37798
49366
34070
50085
55817
34032
52611
40364
56970
47914
60953
51101
48669
33725
57599
33429
59069
49348
48046
39606
36436
49559
64759
36124
37083
47188
64583
51730
63938
44478
56874
59270
48274
59211
45582
55227
57553
62328
40266
63550
42278
53344
46942
36123
56765
57485
64380
64592
37357
41486
62280
56706
40216
56265
32477
45551
54995
46355
56848
55460
34375
60286
57080
37616
42199
39666
54702
44312
46084
52224
49489
40780
43661
48242
49741
47834
48346
38439
50653
47010
33946
34846
35535
46538
52140
62928
58248
34739
32315
45251
55623
55339
34862
61532
38062
32996
41407
64501
44926
42276
53097
47919
54178
58559
39176
41097
52079
47939
48188
41522
59178
57202
56846
46364
56266
46837
32726
32338
32512
45646
47964
44683
33909
42255
35389
48127
41043
61001
40080
61049
45830
34120
33482
61870
57924
48765
44767
57805
49994
56508
37034
34391
64105
49832
53647
44849
62402
55403
62303
59384
39246
63914
54907
62868
43553
32695
60221
53776
38639
48137
37523
39592
34767
63210
61933
42020
61247
50800
48730
43365
52840
53678
49901
51262
36516
54315
42598
49285
37950
62868
46094
43369
61049
51629
44003
37125
51411
35981
56821
47670
33162
61195
38160
60586
35168
34676
38043
35642
61595
47743
44480
58490
50513
45186
45006
61838
42722
43749
47067
63295
45766
52695
41901
48462
44681
45633
43995
53255
37651
54264
59695
32794
56621
45111
51535
38055
51009
43084
46748
58264
53345
64657
63323
50227
46219
62366
34835
36847
47660
33213
62773
42375
63714
33951
63490
41550
64902
59213
55978
50626
61290
49760
59313
45923
39647
52341
59543
34502
34043
44764
63416
60901
60569
37520
43377
48569
56480
63852
53380
46347
45961
47003
57790
57735
50203
41297
47831
56082
62329
49336
53401
51549
63583
43054
34884
59322
40873
46253
49202
64303
47637
54410
52151
61129
38729
42595
58955
35379
45592
33875
57835
63111
61953
53095
38076
34148
42488
36694
51698
60993
40042
47724
47600
62977
64635
47560
52656
46279
50322
64967
45414
60939
37399
46784
64096
44782
38523
34290
58417
42698
56697
47802
59662
60942
51356
61450
47480
44873
58370
40470
55068
59012
63583
62544
55031
43733
65092
36759
36541
46641
54946
57515
45436
40834
60554
55013
40828
64249
42038
41765
60779
54438
47949
42763
59062
47430
65123
58474
36666
49500
63423
33017
59420
53891
64354
45644
64501
35586
46149
42499
63027
35745
38625
47682
51644
37819
56564
39521
43732
41877
61059
37860
57408
39150
56347
47021
44971
63959
52829
39792
59722
57797
36538
53096
54972
50405
36218
56392
37172
64943
35075
56693
33497
55486
47704
35698
38765
37599
43744
51867
57389
64872
38761
37399
44793
48331
33900
48904
60597
54634
59282
43012
44783
64173
35448
33993
53442
54354
35503
65068
37626
44549
39688
64083
34680
50481
59918
63780
52185
43285
53715
38141
55122
57626
46320
64422
57310
52580
44231
62340
39580
62887
60683
49423
56178
47676
32899
32902
55287
39796
49930
51169
37264
35628
48347
42247
43737
64673
49931
52289
44102
42630
33111
35566
64522
43860
53536
53881
36151
39906
33204
61321
35367
34869
62927
49527
65052
37529
47714
34309
49699
47344
64146
36173
45374
51275
62724
59895
59329
44727
54872
61871
37373
40794
40179
41430
36380
48318
59906
48248
58700
48492
58299
45439
57376
48829
36070
43046
47666
47597
46493
48304
47374
53105
59728
50777
43595
56458
65036
47501
36091
36635
43260
64088
59974
60344
48176
45854
41297
63999
61853
33676
43621
35627
59237
39886
38221
52966
45401
38914
50943
43615
41916
45037
47743
34205
47946
36589
51457
33555
50809
59439
48462
54644
46079
39714
46696
42952
43668
64556
40305
52160
52729
38299
45769
41542
54585
62686
63095
62041
54831
55285
61386
41496
59976
53030
38975
34332
37003
42738
60838
47883
61654
44615
61313
48490
58474
44279
35757
46003
59305
40553
48708
40616
55583
33935
59585
58342
43456
59159
42085
59069
57968
53990
37850
41791
41673
60866
63511
65431
64792
62030
35971
51101
54184
43068
61021
34471
39748
44222
37723
45985
42743
40765
37777
58208
57622
34382
51861
62771
38272
32994
37857
60859
45349
38844
42616
62461
39621
49961
54221
42166
35066
63723
44512
45038
63865
54902
55466
62672
44437
47967
35515
36793
53253
59409
33058
36495
42982
62658
60045
48980
64772
46245
36273
52475
37205
55649
44780
40570
54214
60099
63785
44064
45114
59055
60933
48937
41168
40285
41264
53136
58469
40386
49941
62500
65115
50763
48829
39134
58264
52689
61168
61298
63697
55498
44702
52772
50696
61116
51326
61661
33619
58360
35317
53374
58080
35716
64825
33908
48182
50521
36534
57997
64701
48334
41393
53513
33153
60245
55339
65269
48691
45925
37384
63156
54641
42935
59248
48863
34374
53941
41590
64847
37621
37424
64503
53367
34034
56145
40901
54007
62002
64210
48133
64879
42916
42349
40918
55953
56576
60565
44340
49531
54719
60261
41499
35395
37738
49110
64751
61651
64792
42036
65563
39415
41011
48339
39161
61108
61050
60926
44530
49628
40268
52784
38886
62431
35363
34951
51917
35044
51295
50037
61855
58648
48197
57273
33138
41798
59207
41869
34786
47529
51589
42529
47286
57598
64661
36681
65217
61916
60287
65394
37893
44104
52236
46043
58655
40325
48449
47874
50143
38953
44838
52572
44342
62070
63436
40520
42581
65254
47501
47430
62739
62216
65174
48996
46991
45195
44451
39162
40727
42136
48138
61335
53833
45414
49403
33851
47736
54792
52742
46535
49234
34953
45277
52145
48063
63034
33372
55548
39692
40523
42694
52072
34120
64153
41810
64230
64494
43719
60646
52558
49093
54672
37922
49748
64773
46171
62112
64441
33467
64784
48506
38334
35182
40491
41229
58334
52483
65807
51709
58812
64990
50844
65402
34907
52554
45571
45761
34701
39195
46553
42981
33710
64146
55147
39887
40849
48256
56402
35715
47803
64686
63047
65702
39887
64637
57656
34621
40778
58570
42907
45240
48752
65812
65794
51247
33415
46561
65263
39915
47170
46685
64490
65576
63360
48453
65746
61209
54071
52483
38001
59949
50602
47899
43346
65681
44259
35525
40407
40694
60253
56027
33414
35988
65793
60150
39588
47471
45139
64469
51973
49625
33774
36606
60194
52024
51246
51623
44140
40457
52524
65238
35808
41253
34031
42184
33244
39491
53728
47504
58417
55231
39295
56064
44665
42906
61269
38348
42155
49089
60457
45037
33772
64402
34167
62020
46504
37532
63774
46464
47330
44198
41305
46657
46536
63219
50416
62589
61323
40645
47024
41508
34925
54560
57112
58623
52252
49104
61269
61406
62526
64430
62577
46834
39757
37918
64455
50040
53669
37852
61882
60055
35035
37625
34726
60300
51537
58912
46615
47364
58887
54046
44857
61897
41652
61089
54672
52385
65558
34624
35561
64372
41606
49596
60305
51628
34511
51846
51652
63969
63808
49281
64872
42678
33536
48392
56316
43774
49570
40243
60619
54564
56569
61526
44389
59849
36654
45003
64079
47534
62223
41970
61434
52949
36010
39541
55282
62691
49179
53713
63064
41161
43682
48658
52114
64419
37369
35549
40513
38112
56804
65204
57715
65444
53257
41846
51995
57194
60930
55333
44734
42990
53681
45036
61550
37962
54227
49761
41980
39263
50392
53511
44138
55158
42995
58903
61343
53031
42093
53376
62046
56699
41278
41260
61561
49997
48862
36229
50498
48118
41817
56120
47171
59177
52386
47416
66095
35355
56617
43527
40472
60391
38575
58161
47841
53554
63321
50713
57591
56074
44292
54775
41020
52500
53977
53026
55876
65255
44321
50059
64708
64691
55130
57482
49223
39718
39050
49630
48931
33424
53715
62959
63660
62789
47944
38741
38055
54595
58111
40862
64258
44308
41575
55116
37826
49142
64988
34590
49980
58682
41593
52881
63112
45802
63022
50085
54323
48046
60946
49124
58676
58352
40698
65185
51745
37439
48202
61566
53411
48881
63755
59441
64808
42765
65342
33927
56535
42600
61808
64424
46025
64781
43663
43934
56182
33762
45052
37905
58733
38025
35297
40276
54857
43141
62917
53414
36064
62366
42846
58801
43453
64902
35750
51543
35537
65212
49713
65966
44901
33969
49341
37705
38995
41258
54539
52154
63606
43237
63725
38228
51551
50559
44193
47158
38985
56981
52061
44165
40783
40490
36395
57848
65245
37960
45303
41114
43877
48618
60902
59083
58195
62234
49898
59528
49474
65623
46484
37869
48752
61241
35113
48888
47471
49752
39671
58000
54558
43113
55529
34502
50136
60074
34394
50266
53995
39553
49959
65409
51788
49759
35080
49125
62601
40427
37664
51694
58110
40285
58322
56640
49740
47143
56535
48261
54023
53979
40333
57964
55983
48201
39826
34801
41186
34279
43410
57312
52431
47991
57437
43924
46830
48611
40509
36101
66287
50540
36998
47618
38384
52995
64366
62650
48370
63735
46111
60801
38798
37585
65803
61905
39652
58493
54400
35983
49365
61610
38268
64400
46962
46706
60098
40540
42163
46654
48173
49714
53869
48612
56901
61260
54910
49171
39952
39779
35658
47857
37675
58742
60524
61954
38424
48840
43941
65356
35034
42280
37400
65465
60351
53876
65978
57020
34942
34144
43780
34103
62849
51060
51947
61341
58244
54356
34065
61268
59743
34372
44605
39773
49696
60395
39689
46134
45405
60247
50906
65279
65993
38466
59157
56285
53764
37780
48784
39836
41912
49705
50503
55448
57569
63699
63569
55005
52076
34723
58898
44941
35588
56932
51889
52098
52521
64617
53452
61749
43906
36233
51819
59870
52340
55399
63027
66013
61939
57847
42205
59481
60056
59965
53990
45607
39156
42584
35463
33773
34085
56256
41447
42887
44198
49356
43408
37033
33900
50807
40735
38086
57646
44899
47168
55857
47620
38942
55770
49795
63795
54437
36743
54332
53063
50982
38727
59309
48227
37898
54645
39701
50134
55091
50426
53770
65006
48770
47040
50202
64529
44445
64362
57011
45833
52975
46658
65088
57248
46576
36978
49813
39277
63142
64888
66189
34797
54892
47572
41713
60886
63986
53507
54428
65191
46213
49073
64989
45700
56464
34347
54045
35905
51555
48915
58050
34237
56884
36439
38995
38513
50787
64611
64220
34888
50947
37270
43668
36529
51605
50675
57789
54259
33814
39194
64716
61634
57917
58998
52682
66063
37886
51639
48890
53540
58706
42883
35004
49647
49978
44648
65201
64414
37377
58390
47136
65389
47298
37579
38808
41404
34347
43790
62935
39269
53888
60832
62443
39244
66275
61872
47255
43064
53714
56142
40184
43745
65777
54818
35944
54346
55306
43102
39843
61520
38226
61937
39721
48259
45806
60414
43235
49974
42421
48268
34056
60626
63800
45695
44610
47984
60671
64967
35085
58534
63254
47063
38496
48544
53193
53336
64912
44403
60075
45599
60785
39343
65757
46173
39102
65843
37004
44054
53691
47430
62908
45525
35096
65763
65604
61341
46105
56915
43802
35618
56820
64258
55505
65593
59515
61835
47456
65422
49146
49685
48421
42389
34403
57570
47402
40387
63912
37669
41126
34301
39273
36372
63431
42577
53199
35903
58286
53476
41400
52512
64444
65067
43540
45811
49164
63838
58510
62152
55616
45354
35696
35542
34177
65703
36032
62226
54977
66697
55983
48128
42563
53402
39733
36809
57694
39272
64245
51599
37758
42554
42854
38653
53611
40777
46132
55330
59854
35885
61412
45439
65265
38550
60344
66654
60870
58684
47826
49510
42539
41753
44187
51565
55404
34517
34406
53389
39945
61058
65617
63354
62394
58249
35180
36626
53937
39652
38686
47670
34591
50574
66500
57817
44537
50488
49306
44886
37884
39230
57055
65799
42991
38873
46132
36115
57896
51094
40518
42631
50513
60679
43436
55465
56428
41144
40979
52361
55829
65892
49560
44248
48391
54889
44405
64509
40418
46714
48608
36966
35372
34452
56112
43804
37013
58675
35394
56475
57983
54725
47643
44000
44733
49247
38094
46019
39323
39343
55200
43655
63007
50994
63083
34736
42127
37798
36416
48148
47667
51139
60240
45109
54876
47910
42509
64718
51366
61838
39820
37292
60537
38986
50478
48831
56790
63474
45951
54129
60240
44630
45150
51254
59736
50356
52319
42597
51902
63022
56173
41542
41589
47738
42164
39788
62103
59612
51646
63301
60584
34641
43227
35311
34591
39437
48839
65869
35874
34600
52103
34395
34194
58005
48788
35006
43591
46675
44603
59552
45213
39655
56900
62138
43567
46089
39378
58034
52450
58782
58506
57256
52518
54502
50935
42764
44408
35319
47661
55730
42795
50538
63149
40744
36969
56916
43657
37703
58229
48248
56009
45576
52018
49850
62476
46489
55529
48599
52851
39600
51015
43860
43194
48928
61093
60596
57000
52906
52877
47854
57002
61973
53369
60958
41659
62592
42973
60795
45190
54008
62312
56201
58575
59974
66439
53904
36367
46858
59948
50508
39518
56334
47053
55270
56470
58068
35247
50467
44214
60017
52580
41948
59268
47262
56723
41134
37239
57613
56311
65522
41171
63225
60586
64495
45846
64769
46756
54095
45459
34614
52606
39888
43357
50035
59516
44348
55910
56301
35531
47259
49640
59402
65799
57255
41988
57207
55297
57472
55466
50037
45246
43425
57272
62067
38339
59923
65638
55778
46479
61920
63457
64069
42602
63179
64310
61831
38749
37182
36978
65426
37506
66948
66311
47389
46206
44344
63346
56517
64843
38142
57883
65120
40507
41585
58749
64654
59705
54876
56198
62608
50514
65324
36417
43102
52341
61349
58290
35571
63095
36309
65794
59116
62810
52806
43228
54097
42703
61304
55574
60083
48889
35214
60308
63607
36980
50760
48745
36977
38294
54577
42816
50357
40693
61466
46587
60841
52009
66502
35481
47199
43987
53479
49757
61218
48094
39241
49196
45135
35588
44366
54328
34663
49812
60826
34523
40033
59251
38159
35525
60741
64865
57084
39514
50678
61310
56721
50262
59983
57869
38039
60339
42610
53623
44126
65228
47453
41619
53494
43458
52671
34852
37281
34847
62729
57764
54409
39353
55495
63296
45743
65242
38449
46883
53284
49053
63485
55287
66683
41627
66168
66729
59262
54983
67029
62829
38432
62615
43717
39427
50099
39525
44360
47416
60251
43028
47554
43439
46531
56822
41041
34785
59150
58093
53854
36195
59665
62929
56946
60776
50623
52754
56907
55942
42468
61343
35632
39357
43031
62982
60545
50869
41961
39644
54418
44359
44387
64351
40889
56383
60592
57690
59814
54624
40470
37705
44275
65193
52779
61374
65788
47319
42565
55299
59889
48939
56626
44545
61226
46189
41001
59744
60346
65841
34817
34800
52550
59225
61089
56648
46360
61147
47288
66989
44911
36805
59310
65589
62745
48510
34778
46123
60228
46926
52981
58806
54674
49696
65230
56758
61035
44935
57408
51439
55703
54784
60001
37481
42252
56951
59901
48406
52228
35596
48451
65718
61523
56086
63421
44536
48632
45160
66182
40418
44274
55764
36023
45170
38229
42734
57378
40582
51612
59666
60995
41721
43841
66985
43379
48911
60811
64935
65119
40467
64168
36440
65977
56382
44795
53085
42541
46299
57015
61938
36503
56233
55725
66930
53363
66945
57698
58652
47764
58424
50533
45847
62490
39367
39391
66740
34718
59049
48236
41972
44719
38789
39721
35402
61826
62989
61967
63649
61157
49446
62079
53409
57461
61513
35101
37678
44817
50729
46562
43058
43918
63126
43629
54173
49068
58273
41626
64426
43849
46593
43862
42083
41429
54453
52146
50279
56326
65515
50230
55019
61901
37665
55415
52991
37000
45706
55019
53266
57721
59315
54013
53177
46199
61798
50525
66732
49891
51919
67226
50961
40670
44509
55282
50686
41657
38123
61033
46649
62637
65440
46104
56898
62157
65299
46024
41875
39736
52531
58047
64806
50323
62311
48346
61240
47799
50289
59100
62541
37798
44440
51974
63348
53444
41734
58344
50124
41028
43887
43382
36167
53984
52979
54366
63150
55757
60742
60313
47333
57582
48910
53312
53105
55624
67212
48034
52791
34742
45951
58259
50310
60381
65093
47367
53592
37731
48708
62687
52437
44380
65416
59138
43801
61957
39853
48048
64567
45749
55808
43795
44414
42512
56033
50967
61435
50302
53868
56188
59454
51420
54872
37930
35681
43377
49950
56772
52551
40227
64606
46207
66594
65770
35967
54581
42296
45446
59287
66741
48870
44397
54666
57694
54245
37640
51061
62188
64460
53022
40013
60561
60630
36753
39107
54600
53990
52808
38507
35430
38856
34924
44574
53361
65722
62935
57757
58934
50475
54473
34934
52758
66242
40413
66604
49569
45730
46140
65426
66406
66541
58897
48504
66312
49030
53565
47753
67477
39196
65611
42612
54292
37220
54182
63562
64093
52645
35593
41511
53294
34938
66360
43029
47738
65492
64494
40493
49924
66622
64022
53760
44077
36197
39485
41781
63242
63447
59208
53107
36794
53259
35170
46465
37879
52898
57657
54187
59370
59884
58218
66920
36164
41134
51257
50235
61578
57890
58246
61399
41136
46912
47357
57734
42218
37180
41100
52939
58559
57680
36634
48966
54879
56763
55158
39385
59190
38922
63373
36105
53953
51350
50657
54951
56225
62286
37686
44719
39662
51638
38030
55664
55757
60976
43352
42221
43333
64635
53733
54660
44110
64377
59931
50637
51243
39989
64621
48581
44794
59940
49419
50476
63626
53419
40277
62763
48492
39394
46998
36154
59469
51864
62191
53057
45443
65431
59281
59133
63717
45096
43823
57510
61920
63962
64948
62159
54727
55680
44593
40845
36971
62841
52249
61659
39660
56628
63664
54333
63694
57842
60609
55716
35663
60622
67215
55698
44792
62971
62479
50814
55155
65870
52564
44410
40348
50172
45899
43539
62426
55204
50856
53625
62640
40592
35616
55520
65423
48440
35545
64293
38895
52487
52767
57781
47774
44130
64344
38059
40279
36839
45882
46648
35990
47346
64827
36168
56235
62822
55369
41826
39693
52394
50108
63952
35058
65009
54409
39425
61468
46015
43704
66859
59638
37033
56088
50996
45279
63836
41265
45267
35782
49120
60794
64755
58359
37918
41932
58712
39988
56736
40471
60036
51208
58009
51028
53980
48728
57381
58042
42247
47675
63441
54069
41367
65036
38494
63252
65515
44221
47042
60417
62035
52589
44144
53047
46454
44349
50137
52719
44785
37728
65587
39451
57153
64370
46969
38743
43747
51723
50611
54301
48825
44947
46199
41784
37808
44376
64432
59771
54688
61661
49054
62386
45428
63862
45086
59609
52874
48145
60716
44172
63325
47447
38054
50623
46433
47604
56658
40367
58414
42290
58147
43800
65505
42445
67768
56745
45759
37123
37414
56757
58908
50154
56567
62507
55932
60166
55667
44744
35575
59419
43294
38027
57314
51776
67201
65130
62635
35893
55853
59459
62725
36086
41214
52757
54597
63120
67485
59760
59916
67380
57160
58154
41767
61578
53206
52564
60851
49479
60149
63852
65925
36098
66743
65236
40393
50756
62797
66947
63720
65246
43026
43259
59312
66175
39883
67451
65455
65413
47148
53621
47327
45588
40095
60738
53897
50533
52290
66325
65379
57185
56110
66862
40187
35439
65791
67664
64089
61834
46225
65652
61920
41622
46343
46527
55926
51956
42002
66994
37861
41556
38256
50337
45696
63434
47026
54118
36361
38181
64067
48470
47058
60540
54438
62068
39971
50185
37631
61925
53980
54330
52181
63652
58203
35846
58134
67703
65440
61310
48731
56098
64175
50340
36462
38362
65078
66175
53770
53500
50032
46703
62945
51199
54089
54207
46563
50600
37315
41337
41918
41084
39064
47742
63137
56187
42273
54229
67654
48907
40310
48452
41775
65075
61655
53277
67120
48137
55115
49243
49453
66926
46214
66541
53029
37624
41488
50258
37231
59184
58532
36454
36932
40190
53463
46204
42110
64097
58106
38572
61087
39779
36416
50543
48917
51533
67364
45673
54205
53783
36101
58245
36517
62498
63251
56391
35350
45610
67695
45406
44498
41846
53134
64121
43418
37969
38111
38492
63731
35518
40109
62771
54314
66408
49222
56614
45718
64216
41565
56621
49693
38634
66221
57894
63481
66690
62687
41509
40636
56699
65198
53771
66962
43744
57673
55642
46279
55135
37368
63559
52105
42490
42499
37905
60142
65792
46544
40338
53817
46396
64331
50708
36953
60780
44938
63077
61106
66037
60338
48174
63776
61652
37140
41344
51001
37336
64668
41648
60115
56078
67948
46693
42951
51581
42692
39919
55540
49684
66853
58330
42630
65249
40630
59075
61816
56452
40678
40555
38999
39906
60755
38154
63817
60446
57323
57062
54607
53445
55376
53795
63687
47176
53377
61661
52533
54960
39608
47476
47170
39053
55438
53543
60421
49711
60773
48357
35970
36633
61447
40031
52848
58803
57227
39778
62272
62271
40825
36196
50778
50190
65326
59229
65450
44020
53377
35800
44891
37625
53670
40265
38626
64081
61011
51873
37695
52623
39970
51744
64639
54293
54839
63082
40582
54991
64546
49630
44811
52769
38918
62499
58596
44061
53243
58883
38020
38650
67250
44925
62914
42945
61272
64533
63196
65866
39100
63855
49339
54119
46003
37916
53368
40543
39100
63156
51744
51870
53472
65317
59572
59562
42460
40522
44916
44377
64898
54720
49245
65090
66653
51189
64497
41585
60308
36481
52790
60255
48656
51898
52481
59937
37089
42114
35700
66783
37598
43876
50886
65672
49036
52704
53314
53956
47426
56066
55443
53290
36490
49722
65598
35508
61129
66919
53616
62575
37411
37173
67322
39543
55449
61353
50330
35875
58484
67834
42108
49789
46055
59043
48640
39925
65008
44214
68030
49238
54911
48499
50888
65784
56794
47897
50478
67896
65344
56316
47560
62245
66252
50392
65327
38012
63133
56677
59405
38871
45876
54059
67223
46625
65309
48792
36183
42061
38354
40528
44335
67911
38364
40132
38043
36907
39483
54278
62518
60086
66312
66524
44160
55290
45401
60947
67806
66389
47717
52501
44002
53155
54761
39102
37069
58035
35786
36204
50770
66808
58619
43349
50845
43393
41889
37918
37012
45611
50805
42153
58973
50198
56170
63790
54560
49237
58769
54669
59918
46314
55865
48098
47266
55793
63834
62298
38438
61211
66868
61766
44666
36190
40243
55406
54801
49387
49174
66216
48444
65377
47440
51369
59563
52800
64942
64538
37680
44448
47931
51183
56519
39715
41057
60148
60116
49448
40528
65704
56747
42561
43684
52303
48981
61672
50241
47683
53138
37741
49026
35723
53530
62515
40340
57262
48168
58908
62236
37065
64057
66882
41504
38368
36625
52200
60196
57202
54016
62384
39315
57936
41571
63246
53089
50351
42605
50940
46063
57723
39720
67823
68143
38382
46774
61706
61960
36194
38365
35986
55548
65379
53699
37027
56840
37897
41717
65825
44235
57988
46510
50160
37867
48633
37719
62568
55989
50317
50506
68355
39427
58559
38107
44377
40035
52474
35993
47695
67957
63850
40657
59019
57493
54288
38228
64811
67258
39697
44666
39094
60318
65876
68455
59474
68128
48459
54157
54584
51174
64017
45426
40038
63558
57014
36020
45203
67175
40919
42314
63592
68259
53105
62476
48365
53040
57078
62582
56386
67584
67489
48041
38031
49637
36103
65714
64317
52473
36336
64015
62567
42557
55140
46191
48779
42112
60937
50874
59014
60547
49580
67409
47039
61530
48925
42647
64674
65045
46144
53936
41808
41376
47713
51337
39572
56808
39624
63000
64282
65855
57741
37349
53467
39170
37550
52169
39132
51321
46431
64245
50968
67326
43425
60727
59578
67938
64534
47993
46736
55948
44052
51083
43965
59235
38904
50978
62638
66031
66493
65568
51791
40890
60877
39445
36222
55165
42518
43270
46784
57848
56161
54638
60978
41506
37599
50563
57283
63618
48645
43962
40865
58845
58010
40589
45809
49425
67855
40316
37059
66625
58638
59218
44869
62770
60501
66985
61750
44277
53189
45488
67486
49863
68278
63020
39869
40501
64654
45757
54593
46212
49298
58467
37052
46415
47100
55104
55892
60018
64077
42400
65725
53031
40932
43062
54372
41583
39632
48040
59117
63668
37347
65359
57056
37036
61959
61752
45983
61312
43477
68462
58780
67630
50020
50811
67272
61996
53343
42284
42831
62286
56411
44437
64130
57577
55655
62293
51220
39993
47844
38683
64906
44544
45719
57193
62445
50544
50172
52888
48578
40523
41437
55837
37180
37449
68132
42762
41647
55738
37870
61400
66376
49004
41952
63331
55292
52175
64190
44342
64702
43863
37433
59145
59381
54306
48137
54152
57901
44763
46908
68182
58892
50910
45006
56658
48264
50588
56441
53017
43352
48449
44750
53964
48040
67221
51589
47379
38673
46624
45330
61025
51400
60562
60025
61050
64790
67170
64610
37171
43272
61108
67184
38009
64615
39296
58063
67477
45034
59633
67084
64430
66475
66059
37162
40336
66008
54417
51698
40108
55723
55846
60810
66399
59036
53426
37193
58487
47061
62471
67018
66035
44006
64197
61503
53514
62650
55930
36360
65391
38857
38670
54917
56788
48784
41311
61224
54189
60222
67880
42446
49206
58801
67111
58703
60599
62624
40063
55379
62470
46874
57435
44648
49998
45615
40148
46930
38928
59117
57877
51362
40807
66702
48828
41355
39568
68335
43140
49392
44201
61764
55329
57793
46521
42251
40044
37256
57073
62782
59584
38207
48178
48589
41636
36965
42703
59211
62122
41553
46483
36583
40087
60869
62982
60063
41667
48838
51948
48560
47299
49835
37903
61777
51526
67189
66366
42400
37693
44894
49814
52957
41535
41397
53248
45782
42539
68072
45563
55970
60943
64483
59804
52370
68168
40088
50642
41573
55787
68063
64495
53179
67428
62593
43364
44237
47197
41103
41676
39258
62690
49145
46125
52197
68034
56155
46714
41245
59960
48410
40540
65437
54474
37552
59441
41941
49010
47172
66902
59464
52988
57982
44705
56825
56751
39577
49202
51487
54575
49338
66156
54816
57250
67712
66622
39613
46098
41948
60071
46986
66066
36899
55673
44450
49317
47457
55645
48280
58459
59377
57111
56497
49341
44106
55307
43344
39147
48412
57344
53169
41860
64412
66597
54746
67014
37403
46929
52687
68087
57566
56207
51462
38147
44330
66778
40986
40806
50846
55589
58051
46412
38598
45471
66566
49655
52972
57652
38569
43618
43057
50263
44522
64292
59869
65023
46705
44438
43508
67055
56194
51256
64522
60475
52343
56913
66135
62984
63086
45782
38158
63379
67135
66189
62443
36725
50865
47474
46603
42789
44781
38746
60417
56510
46386
67542
43046
47618
47563
45402
57648
56479
40510
65439
58119
62386
56519
44357
49620
46730
46084
37053
66394
47278
47858
45158
62089
48929
61720
57846
53584
64228
40706
63772
56500
52413
39665
51556
55071
63031
50641
65370
68858
56298
54379
38130
67453
48380
47324
58663
57798
66536
49222
41699
62505
38014
47301
46879
51656
47916
45989
51787
37987
41339
47058
64752
37489
60380
63631
37780
39791
58533
58475
39390
50808
55383
41073
49402
57110
67362
50080
64831
40024
53163
59035
42767
52772
63244
56225
41727
62671
45596
41662
54584
63211
54258
60995
58398
59744
50596
52085
36399
40383
43860
50050
38701
60114
55918
67769
36991
58232
66859
66553
65749
61359
48986
54890
44811
64499
49247
41836
37968
45767
67196
46797
47495
62609
48975
56127
66541
65962
39324
62729
46332
68278
58445
46332
41360
39729
40631
63401
58441
37451
56863
42193
36656
40438
44157
41757
41117
60477
50303
46095
48984
67287
52945
52281
66046
68860
66716
48045
50598
49015
56141
47796
55237
37629
40343
44739
63311
48317
38331
48042
61727
60728
44295
62735
56217
44371
42140
50203
46478
37290
52085
54643
60511
47144
54693
41834
68966
50133
47328
61557
42641
51950
45629
50655
39504
60219
55610
51901
60082
63645
58369
67365
49099
63975
65770
59291
44376
59374
59712
38092
64422
58084
37192
62335
63407
53729
39295
57544
69254
41155
58660
65150
47094
36920
63990
41968
62566
52249
68927
50900
57856
48122
57873
61568
44307
49663
56528
37725
57269
56305
61424
54424
54444
55952
50688
40474
53647
41771
52456
68795
68648
44911
67183
36530
40733
49021
49664
50768
45519
62015
41901
66799
55171
47099
40052
61989
59840
54056
47041
45885
57847
56193
57909
42727
63082
63321
69030
67886
65094
48942
54887
37803
57618
65408
69065
60920
38221
52451
52705
66152
62035
40532
64140
68341
55681
57801
54193
60026
64153
48908
64710
42531
46952
64712
40342
37665
60070
48100
65601
68770
38429
64785
53380
50688
48142
42143
57402
68920
59344
61589
38179
37279
43450
38144
58341
66256
68163
62091
64592
39913
47208
39760
68326
61175
63310
39406
45979
66734
36649
44764
43481
42078
50524
63485
68039
55330
40930
46708
54987
65883
63468
42681
49998
37212
40907
40684
42431
47719
40977
59242
48858
44249
53235
65951
46378
46241
52466
53531
59852
51958
38331
56039
68215
61514
52299
69401
66745
57977
58198
53414
48771
66375
47850
44920
47080
66313
61520
67776
64034
41890
58675
65934
63446
42929
49667
36767
49817
49673
63388
66677
47538
39266
66595
52909
38433
46158
65329
58766
63457
57710
45364
37598
55403
61413
47634
69369
67195
52237
68367
41764
69398
54377
47088
50718
47052
64219
58208
59128
60987
67095
51860
55847
53460
67416
46123
40152
46306
55378
50776
57987
52679
46439
67650
41155
55689
51229
37547
68965
63118
46544
46032
49854
67236
67236
68241
65090
49989
63678
56530
44371
59160
37812
44321
48215
37050
36929
54169
56333
49855
59454
40454
45345
42228
41677
47946
41470
60135
45272
62975
46819
66474
60858
66141
49209
63187
38971
58206
46884
37575
55234
43809
68696
53305
41414
39564
55598
69357
37766
58422
42742
36802
37882
38532
49295
53231
53769
61714
49718
43405
62204
43348
56220
56662
66867
57981
63547
59820
68374
56479
49641
53981
45647
40724
45486
49317
68407
41502
41683
38132
54413
48074
39995
57330
44910
54298
50167
54592
53121
42082
45332
42625
64371
67059
69559
59162
61859
37879
52077
56629
66846
42140
46012
58380
67277
56693
52990
50020
52973
59165
53103
41047
64192
66589
56964
60247
45698
69391
45694
61296
68511
41988
41536
59085
56099
63780
43869
47230
68722
43668
40566
50041
53305
64925
58819
56030
47012
57098
39407
55167
69586
41169
55593
58015
37254
47862
38008
56826
47391
37805
51022
68870
56010
37567
52577
58233
50934
66606
51894
40203
37640
69148
55806
66173
55888
48617
62758
65498
68412
61596
52266
61437
38092
39556
65066
49491
67654
45599
59583
55266
66347
49722
65935
53386
62825
59226
60959
67979
38866
48219
52713
37960
42701
64087
60079
62539
46412
53193
49934
53128
44030
45810
41814
62438
51397
45948
49305
54779
45674
69470
68098
60695
62608
69375
42088
36997
63462
60574
50211
47629
51873
51953
55583
53693
52522
65292
49455
59114
38675
45445
62627
64113
43088
39638
57628
48706
47780
57090
59039
60960
51033
52348
43753
42402
38196
66116
46850
55166
58024
49491
37653
51718
65610
60729
54399
48371
61317
65541
53798
40034
55695
62821
62220
58652
62107
61710
52004
40474
40273
42078
64100
68425
57979
46912
66075
64906
37121
47185
66693
58365
39447
55361
41628
66175
64949
62587
60466
61809
56135
46344
38461
51900
64167
49584
60274
43025
57672
53859
43797
54902
51124
40664
51727
58110
66360
61812
51777
58583
47069
57709
39960
43146
59035
63535
48737
41087
43978
50687
69727
48832
49625
43486
68123
39934
40002
53424
52988
69593
44733
44957
52887
40540
46261
64952
59336
57031
68856
61662
49666
49042
64946
49633
53475
52142
62620
48102
46604
54542
38769
56076
62767
43110
47266
48719
44649
44595
66634
61611
53971
40187
63844
52612
67412
41174
66364
66629
43449
39981
50979
65352
44039
58818
64103
45558
47631
42992
54402
37423
56644
50485
61842
49388
37578
58861
47369
42530
67535
37728
40102
66538
61470
66559
50084
50400
43761
64747
63025
68040
43527
60599
56609
47736
52983
41839
59876
40434
45764
52185
64181
48592
68529
68090
69397
39141
42327
58076
41080
59681
40692
53647
62270
65717
58374
44398
62436
66168
37657
50595
62588
63881
50909
54766
56922
37942
62843
47266
44049
67101
55849
63984
49054
54673
40189
45159
59618
38976
44286
48828
45142
58130
65665
58055
47610
61780
44979
46543
54414
50965
40306
66055
67845
53968
41569
37208
48695
53836
60987
55649
50390
65217
37735
43197
57251
50236
61645
47492
39905
67652
60905
52500
69130
50110
48413
46353
50882
62478
38988
60842
37897
42879
43940
44318
58036
43237
41659
68735
54302
69249
68574
44471
56347
45092
66982
66248
64301
51351
60107
39512
59643
50747
61501
38252
49918
69357
59761
43636
37758
47916
42745
55688
50365
68734
41816
46577
54386
41743
61972
59627
56184
46748
42253
53673
48584
54927
39948
59034
38565
62828
62111
48107
46358
50027
65573
54093
48281
40039
40485
39160
48662
68854
43236
45551
56594
45786
60982
65414
54565
64664
65172
64546
62382
68710
37999
54593
55749
49738
67012
59066
39537
45441
62449
64325
67867
66846
44487
63037
52291
38899
63456
51877
67698
50100
44850
58218
46960
43866
63973
57575
65462
66758
64098
53166
40998
42407
47277
48262
50170
55197
46580
51632
54011
47007
56936
43375
37363
42138
52555
41415
42852
65882
38730
64900
55418
52654
69390
69246
37439
56007
47118
42268
37646
40674
56231
41239
51274
60455
62574
65408
46159
69328
58309
68101
61609
38541
42412
68464
41093
53031
63194
44400
59236
44132
41229
58268
47127
44332
57758
67509
69607
63977
40536
68395
61972
49716
56458
57827
46977
40365
44635
68152
67245
62506
68190
54848
67557
45333
49510
55888
43448
50703
67228
42178
68012
49369
48590
41717
54575
63605
66570
55190
46800
38280
42604
50718
41903
64003
64308
47004
40242
52226
53531
48309
47866
42997
59624
69865
69910
48637
44350
49944
50806
56985
40120
51012
61346
47745
39480
54680
65964
55762
38779
47785
61794
69228
52721
64765
53961
58776
63948
64458
68807
56559
52055
60159
62752
56951
66186
53384
59556
51214
59611
59086
45990
66060
40278
67710
57007
59684
59120
67980
45940
69515
65817
41335
69126
39260
38544
51918
52809
47164
56955
48115
64935
68154
69559
56607
64773
57336
40557
57254
52982
44560
63462
55933
53807
44465
45216
69625
65596
61577
55457
49369
66673
60392
59915
45191
48930
48930
67057
48795
67863
47413
62313
47521
52026
57771
38114
53020
48787
67778
51128
48331
59510
41675
57862
42794
42747
62160
49852
47420
57775
51321
42993
61832
45705
54576
49018
49249
39712
56452
42427
56171
39450
50123
50877
59995
46312
50444
54657
61694
51633
51484
52628
39549
48523
44294
45796
51679
56049
63152
66514
37839
62578
48316
70024
66976
40870
50605
45709
56718
40038
41547
66454
38983
48188
51016
43680
63402
56857
59939
53307
59086
53830
42317
49961
57158
47773
42891
64039
45987
47865
62107
59403
58171
69099
60698
54799
56105
53679
52133
47213
51349
41310
38207
45356
57398
52836
50930
46393
48916
52789
55993
67513
51347
45116
46494
65438
42413
45076
49440
52088
51583
47099
46039
42894
40711
59268
52571
47662
50220
62092
67937
68161
62974
60526
69159
50210
70208
54139
55827
49329
53796
61604
62615
66211
41557
57210
42583
40476
48186
53849
64654
48767
58490
59103
39853
48773
62139
40611
42310
67212
67248
53284
46377
42290
69202
41984
47565
54819
65901
62055
44017
60207
63071
38094
59778
52128
62492
65512
47040
64970
42358
47570
45213
61155
53660
65678
40805
60693
48608
46258
69796
67538
56509
56417
39237
51816
60952
53883
39159
66773
62662
62993
64469
38620
42319
60956
48965
61784
45553
54638
48672
49617
38888
58088
67604
64589
53741
57838
51271
46952
37885
69400
65341
69287
62555
44330
37884
65290
42456
58951
65646
61920
42834
52577
40198
59871
68731
37876
53158
67188
50139
51188
41409
53592
65049
44548
65981
68196
39542
68584
45979
58790
48282
63293
46297
61364
61331
64615
38807
68672
64027
45516
39162
49901
51225
68416
63182
52833
68971
65983
51311
41372
67043
58210
57065
55176
63119
57228
61534
49361
54334
41828
70312
66550
45887
39561
51520
66465
58476
43009
43614
65332
58216
60274
57186
41380
64036
59028
66675
62090
48552
38630
43878
56695
51216
55200
67041
50056
54228
40937
64192
52027
40013
61771
43703
57985
42869
68196
43065
42773
56559
45534
59033
43275
69191
44449
42096
48044
54394
47686
54590
51329
59065
38607
52820
55470
52842
63638
47857
51330
40048
64388
39851
55627
66476
57987
54544
38255
64707
48182
70030
47800
55074
49127
64144
40688
56128
63169
68842
49838
57891
66879
68727
67183
67110
43236
56064
46568
53497
48685
46688
56731
68329
58052
41446
40617
69474
67574
65275
62695
51890
67943
39173
41779
50447
39940
43147
47625
57052
43322
70041
60497
41512
60005
57702
42619
52600
55436
53044
39886
64454
50251
50296
48637
69065
43536
45115
54012
47223
38539
43456
40209
56521
44895
42599
51502
68798
46110
50897
38782
57762
68468
65349
62014
67472
45218
40786
59086
41526
38190
64694
46344
61144
51929
50559
59600
51095
68050
48496
45548
60404
59177
60070
60951
45712
53126
62844
39248
67637
39451
49067
39032
57370
51159
63158
70172
63843
49885
42373
51600
40424
45620
67919
45117
48695
46528
44478
41275
69340
40561
37966
64291
68320
63162
60151
68638
65423
61253
38411
66626
66942
66533
69985
57887
68301
60620
60595
69012
53930
45054
59205
38120
69142
59141
61127
49173
61932
68838
66941
61031
60959
59477
54173
62022
59971
58917
59385
57168
43855
63490
60381
65196
50849
52066
52795
56730
50754
60601
43525
43598
57964
43756
60379
54014
62537
53001
64230
39738
67070
64565
59652
39804
41960
52198
60965
57088
54053
64082
45813
70613
53591
46887
44731
65845
65956
61052
40064
47122
43778
40455
52085
45553
60337
68241
52879
53755
67080
59816
53108
64593
60021
54164
67738
47009
41664
70028
43693
68855
66191
39977
45362
39381
49455
56858
60011
67717
57489
69402
46714
58030
66963
47903
49608
61990
42369
51668
48808
41991
44252
39498
57912
41477
66394
67306
43144
38398
69933
58799
41983
52179
43400
55442
56314
42359
65120
66117
65205
38213
65904
62243
60015
70295
54911
57960
53705
48276
47845
67485
65392
40777
67148
43095
64763
52988
43188
44577
41239
52668
51642
55479
51425
61245
60697
57461
49299
44771
49265
40206
40803
44061
63047
66689
39592
49396
53837
38473
70719
59108
51940
67284
59437
56810
58336
48951
48517
51678
42635
66848
56973
47619
56044
57100
56348
52957
58953
67770
65606
62018
62186
68575
54331
54708
50464
53531
48493
43758
57734
48428
62961
51901
59527
44642
58408
48657
52000
61010
38302
56660
48359
60367
57650
63994
67405
53526
62584
50778
41504
51785
53339
61372
46420
69663
63751
40627
59394
68313
56582
53677
41137
41336
47016
50632
39637
67885
62121
57831
62869
43281
51982
55302
40913
58902
48464
61642
50532
60221
64700
46428
41382
49674
64026
60280
56117
53046
48525
38849
52470
67491
38842
64088
57430
61845
60972
47532
56534
50718
42743
44948
53446
50906
63388
68763
63312
39901
39725
50586
49081
52714
46002
65421
55780
45285
56010
60831
60440
53899
42390
54663
54786
49505
40914
44567
42238
49130
66117
68626
40338
47133
43100
53567
65083
66326
67858
53691
57197
55564
46866
58259
54485
64899
44064
68754
46049
64451
58293
49752
41858
67464
67817
61612
55601
54779
48022
47636
42800
66273
45243
42658
49170
54803
45598
46352
54141
64814
49462
66064
59439
69003
57671
63965
38719
57970
52431
51222
68773
43914
39457
63948
61693
49044
70480
67034
41096
67417
50510
44916
54132
70881
68181
63235
39773
47846
70534
68912
55827
47240
46545
64575
71070
52547
65044
64415
52607
51485
53383
41407
46393
60708
38743
59427
63504
45079
50321
46518
59921
47972
43842
58210
51794
46162
62429
61150
64123
42368
45020
53191
53125
40078
53418
41715
57282
53274
67009
40962
61982
57838
50703
68917
62116
70007
67743
42372
69700
62074
61557
42218
59347
64514
61370
61188
57427
66461
42521
66522
40053
63687
65128
46845
42332
62631
53131
56530
45732
61945
66709
57901
45987
49484
69681
66081
65006
68973
44865
69143
50463
66595
48836
64542
49110
63260
43261
44930
40446
67880
44498
44960
46162
48037
68210
49400
65823
61498
50234
70788
61003
45769
39642
65865
62614
57246
58803
64555
66592
63981
57476
49669
54828
50811
43846
59385
68643
65179
65876
50693
49116
44892
60367
61399
59674
39169
62273
45027
48214
41649
70784
47282
59071
46704
64726
65661
52096
39246
53598
64250
42561
70622
66993
42358
46832
65258
67010
39204
56001
67685
46855
38837
46707
50337
70874
50728
54742
57283
60446
68068
58506
66419
64037
48132
58377
50392
62161
42738
66279
44739
45562
66103
63833
48170
39952
57489
69365
55001
61954
50246
44472
44644
40030
52665
42573
64352
45497
47163
67980
66258
48209
39203
47938
60904
66289
70945
41520
51687
55573
65487
39254
50277
47695
39305
67185
63416
46313
57215
47554
56238
59340
41480
64273
44671
38816
54586
59378
59903
40757
53175
67399
39192
48930
60361
46598
41336
69804
48818
53564
54663
40937
55869
49490
58012
61733
52377
51855
61296
62852
53863
50911
65235
45801
61202
44243
60061
41751
57183
67560
68328
69142
39493
50700
56700
58329
54270
65118
49547
55581
46942
70966
39839
52116
51556
57701
62928
45379
43791
46782
61498
38696
44402
63957
71086
62241
60427
41222
59560
52489
57681
50873
48257
66340
43404
45285
44774
44477
59369
61907
54665
58893
65998
67109
62486
62559
42091
70678
52841
43378
51346
45059
60158
59167
43208
51755
55721
39995
56732
43443
53895
47039
70711
39149
49460
55078
70453
42713
69694
46103
65971
41452
51418
70980
42153
45073
56022
50834
67195
42990
41167
56442
48330
69480
62628
50863
49296
58217
59434
62977
68716
68832
63010
39297
62778
42762
49000
46822
61671
64241
43117
41519
49027
54322
60134
39050
43672
70402
61382
66165
52923
40819
66922
41251
41824
41460
50708
43809
46323
42263
49819
39993
50468
66712
50529
48279
50562
52634
49540
41770
57419
62515
49753
46925
66434
66091
61206
62887
41539
41729
63182
64591
41044
45359
63651
41524
39932
43183
48183
40381
68120
41662
52835
65196
55403
48864
54828
65352
68150
40228
46578
61627
66312
52649
52459
50873
62424
55649
60624
67170
40529
51221
55254
40042
57965
51114
56032
56951
51781
55458
55283
48074
67624
41958
54506
57634
39658
56770
57963
54237
68734
55857
61209
51297
65223
46683
56075
47034
64172
47964
57214
63620
46443
56903
40646
57100
49199
65898
61579
43186
54756
56020
48689
46738
47946
42005
66456
56163
58696
63301
51206
49310
55684
64840
41825
42723
64816
53583
41890
66970
50727
48546
42630
52694
66104
46494
64390
54398
43201
45305
57866
42926
60032
52302
47066
54107
62375
53973
60373
55606
70702
71025
67813
57299
49773
45809
60722
56587
44010
46479
65942
49055
51312
43453
66898
56349
41825
70178
49663
41224
53068
56543
48071
54835
47042
48662
45524
60270
50534
70573
66313
39524
67652
46671
51952
57284
56420
56244
51956
69535
48286
60963
62417
67858
47023
64821
41800
52516
48013
43995
59927
64753
43768
49058
60968
66313
61778
46390
48393
60435
67760
65061
41628
45750
42545
52198
55312
66233
65679
68634
40719
46952
58611
64017
40249
39226
69134
59792
68562
40626
61797
44754
69559
46211
63212
51148
52631
53495
52951
43702
69215
54929
55725
56774
67574
68082
54942
48191
40491
40697
52246
68778
45036
41262
56978
52323
50360
47969
68019
54360
44630
41614
61328
47886
62152
43012
45649
71653
70267
46790
68602
68508
65216
49202
39044
45591
54400
56288
67122
57696
44842
40653
40994
55789
42993
60857
59171
52257
54581
52941
44230
55060
56894
65153
58552
58519
63280
52157
41038
67187
55611
65342
59490
47346
68371
53820
59742
44705
69024
47178
42390
67923
49398
65661
41435
42089
71047
70096
49228
54353
56727
50887
48496
48973
54001
44115
66434
45942
42201
42998
51212
40448
41537
51495
42936
67519
54336
51704
46178
47850
40127
66294
43377
63008
44406
54865
47720
53416
60183
54845
44984
46077
69832
43671
50649
69258
42967
63948
66200
41906
42921
55543
62643
40211
53748
67401
70051
49420
40750
63662
42425
62076
53062
62381
68204
56781
62097
50832
71410
63282
65287
55238
65293
44588
50607
71045
70696
64083
56408
67764
40098
42323
53130
69383
46442
63029
45244
65644
61900
41440
54471
50086
44426
42207
54939
71223
50479
60004
45617
68484
43168
58509
68545
67380
64500
63975
63284
46809
47749
60465
54236
52946
69703
40034
69731
69232
56665
53229
60161
53079
71642
56131
66034
42023
65534
54681
51240
51804
55905
47596
45629
62323
42139
39235
44971
43343
63508
49717
50239
53722
69402
65962
54731
71151
41008
57574
66076
44920
66473
66755
69931
58067
55158
70205
55191
42875
70973
48180
40275
50148
52907
56942
56476
57510
66570
51676
60719
55006
51478
42526
61368
48593
44044
68680
69005
64467
70405
48871
57500
56936
66434
41791
71587
64936
67656
57303
43679
61160
43374
50232
45958
68246
43700
56817
48952
51557
66582
57054
43699
64682
51361
47274
57479
58886
61318
70035
68235
62022
45933
63085
68557
39815
64523
60906
54991
46750
67063
53528
62448
44983
48313
68907
52264
64059
64292
45693
68600
47096
42471
62675
45729
56188
54366
65762
41365
51649
64430
51986
49195
48912
53264
48001
67478
64287
53357
56139
68376
63613
45100
59145
53363
45871
70472
60055
68769
49820
53413
51739
71876
51878
44708
56386
45920
67610
52725
63949
57800
64586
46764
42573
67030
64504
48023
46634
64479
42358
42959
71146
54502
66060
60046
71344
65808
54938
46400
58371
65112
59262
49117
67281
57220
46008
42869
39348
48984
60236
39693
70259
62473
42216
51881
50380
71413
71367
52394
66161
46224
54997
60762
64592
47266
58900
40134
51479
60080
68414
61132
46328
69303
49324
57716
48810
65057
47478
56708
58800
52465
49628
42318
44509
53057
65253
42445
64536
70382
53573
56816
45149
41362
57220
53302
41220
40626
68445
45691
56134
71225
54885
53266
52477
69413
63981
53779
48043
46721
46632
57846
44222
46739
40081
55905
41746
69206
55687
64063
54712
64811
49466
52754
50166
54987
41931
50058
51854
54144
44207
39766
40515
45205
53589
44346
53146
46346
70408
45666
48094
61069
71702
68086
69478
47782
57394
44014
48411
61490
71703
48680
69428
48402
53358
65463
46404
68644
39922
65151
62327
67442
55506
51967
55064
68266
43350
40557
70743
72143
57286
42760
61770
45101
57736
61098
57905
64402
50568
69532
47870
55227
45533
43951
39445
40461
48297
55688
61520
40326
54336
64572
51782
52978
62093
47389
48845
72034
40882
65491
42685
47834
67567
55470
66039
43338
43205
60730
44454
65471
55643
65300
53189
52187
45600
49405
39906
53123
71602
50733
54561
68311
60671
64489
45443
41575
45226
57688
66152
62883
68016
61843
50771
63892
67403
62459
67566
43978
71702
42703
44622
45462
64626
63486
41591
63353
47145
49209
60963
58587
51026
46157
47039
63488
39541
65712
49079
56889
40431
50009
49907
56407
53399
55253
59042
39781
44449
43416
69942
44439
60867
65681
54447
57213
58263
64513
52765
43388
63297
44940
40544
54655
66897
71313
57395
44266
42219
53687
49001
49872
71973
58056
71029
44645
61872
56003
44848
51638
40635
44588
40919
51351
64532
41895
50515
48093
71568
69829
57790
54478
46766
55582
60962
64726
57207
58272
68228
71036
59560
64038
44833
62611
54547
51020
66295
61621
65091
59010
64391
70125
53855
47712
43482
47796
43344
64826
55490
56607
62758
49139
57442
69718
53688
51990
54000
72264
46987
71202
59066
49565
54774
51494
49511
64492
55427
64654
67712
52271
39831
43837
56111
58740
70742
68316
72006
58837
61377
48753
39810
48553
44321
71475
49426
71420
47017
55197
63059
53565
50007
44225
71902
58679
61723
53727
56516
50499
65083
70198
71448
69051
66294
40218
70062
72113
66664
57415
52259
53217
56749
56437
52765
48101
50249
43052
61140
51112
60359
70874
46546
43293
68769
43555
47351
55345
53856
60280
39871
41214
62724
39915
70600
42561
65958
62529
71310
59406
71260
65353
70777
41666
71005
69741
58651
72250
70502
67719
51378
42306
66908
56566
41717
68944
61746
70896
54029
71283
42509
45337
52449
50054
49062
45397
55190
43689
63728
44251
70998
60914
70140
45196
47185
44127
52505
55170
67842
65295
51007
53739
41396
54962
44974
52760
66372
52543
41682
63441
59176
49125
44138
66028
62128
50499
46313
60958
44940
54235
56860
67344
60815
44228
70414
49333
61875
56992
53033
62172
71260
62670
57501
41473
49377
42721
43526
51817
53320
40016
42825
57710
59729
71790
47550
65815
50103
41629
65429
61931
56498
65215
47730
67335
45760
68078
67931
65647
61093
53101
63956
59298
40368
59870
46152
72305
57665
66741
51115
63504
46984
70124
55390
58478
49551
67577
46675
71106
43643
48125
40561
57446
70671
44094
43834
62697
44145
52951
47275
50272
53553
47278
48995
65276
58247
45223
60168
57570
45532
66327
61415
49462
72332
43388
58330
71545
52203
72299
40559
60182
50566
54729
58438
57655
65195
65854
57787
56541
54827
43239
47301
58672
44894
63563
42526
50708
57448
65425
65957
40700
54715
55536
40448
54275
69341
49766
52101
70969
55404
65453
66139
61498
59231
71787
63452
40966
47502
50857
41790
69388
57205
43398
62835
49032
70452
69676
51277
69135
49371
61700
51430
66152
58341
57638
57663
41630
56834
40980
58663
64595
43802
68519
67167
55383
71310
69705
54267
52346
54721
59749
51467
40862
43991
50716
44667
46096
64188
42554
54328
60440
58728
66408
58772
48334
59234
72355
56556
58160
66947
59884
55944
61298
64509
46657
58050
72341
69020
44493
51051
72251
55371
64092
49258
59066
53977
55313
63398
42863
55293
66651
68647
47445
58008
71973
53368
66517
57147
43085
51279
69600
46825
43864
43375
70972
63262
72548
58318
61979
47887
50525
62707
49394
47668
44660
68259
65672
40964
40141
47292
66126
69888
71800
50785
70382
65778
63651
54871
69926
48759
53518
61103
59095
55227
54207
41894
71769
48260
64246
59849
56850
49522
69475
54109
64583
59525
56983
48381
52529
70367
46521
44421
45396
65483
62586
60719
55820
48383
52298
71676
41577
60446
65485
44886
59964
65921
46728
61171
42866
57399
47329
59644
41377
63306
43078
44399
68577
50244
67500
65730
61661
57074
43067
58825
42282
62056
52807
65241
46039
51013
41603
68142
63813
49977
50033
64906
57400
65988
68381
66847
62767
59968
56587
59823
50161
59169
69742
41458
45929
41596
51866
70456
54195
60358
56764
50511
53879
43743
65481
69031
67958
66638
60852
62900
56162
70351
52964
57492
54003
55819
60645
46066
47159
54950
70494
67626
69674
53118
44099
41901
47750
52274
60491
50600
41436
54498
41893
66528
45540
57142
67303
49120
67602
68770
66631
63319
70249
40424
63757
62396
69780
49118
56136
40243
43827
71025
43968
62644
71027
41706
50221
63850
60641
65136
54694
64857
52096
59854
43868
44356
49176
47479
66952
53198
41170
44231
41122
65503
60418
72588
48340
58953
43844
40133
47534
46764
68810
68266
72219
62359
42740
67564
66708
48623
72225
59965
70547
45973
66758
44563
68171
41283
64957
55209
49558
68535
67807
58695
57647
54292
47572
46788
47393
64389
63786
69193
53119
51747
40869
69207
63062
56601
56278
55564
64992
57349
71151
46242
55034
62882
50646
55608
47576
70565
61304
52181
42232
54756
47456
60074
51284
68797
53640
69271
45276
68278
70767
58865
51235
62817
43627
60547
64601
40323
69441
42194
42105
41588
47091
63142
62659
58569
51929
54981
71533
68657
40435
72706
48534
42141
61310
42358
48251
71332
68805
46606
68333
65317
56122
43334
45827
43566
63429
58675
68620
46364
57436
44487
53447
72708
56276
48465
58839
46674
70647
50755
58481
59056
71126
49720
48472
66090
44129
45621
67595
45711
51508
46127
53820
55322
61364
70094
66437
44625
54875
44145
43351
47150
45648
60018
48947
46973
57659
68011
50972
45957
58711
64313
50764
53994
59337
44159
64038
68818
46384
57710
55660
62791
59517
66564
46514
43229
47109
68883
69906
72596
71892
59972
64546
52991
44100
66907
69667
45990
43983
53437
55675
47530
50978
64815
50790
54439
43122
48352
60904
63198
70419
47018
49926
51092
53319
70805
67637
71861
56916
48285
71443
57277
71129
47797
53333
46552
47457
56587
51200
41800
41785
64398
66013
47624
66943
67502
53798
50095
61564
51554
46726
67222
70452
60784
47937
58941
59962
51433
49326
58091
53449
62962
46318
48277
43025
44490
71128
48385
67791
66569
53043
60716
45856
59174
51496
47592
45207
68156
47862
52169
56461
72718
71144
71234
50872
61256
72837
57868
41984
63496
64006
54983
49549
49820
60941
51172
44581
51086
57491
51394
69045
49373
61986
52247
52013
58510
56389
53906
72849
43107
46654
60607
68941
62187
61942
70698
66250
56763
42298
40903
61246
60666
62243
55185
42696
57379
43478
60274
68284
65542
59502
53603
65340
69136
57655
52948
57096
47309
68637
45390
57750
47531
56676
64087
42854
65537
54425
66198
57488
68943
63432
55351
49567
59080
69359
56465
47777
49165
46003
58630
42111
49980
67922
58155
55435
72233
45273
55337
58968
72939
52631
71524
56270
51611
44497
72794
54141
59736
60343
63437
48434
67214
72343
71716
70856
71800
54353
61711
64321
67556
47883
50794
58902
61751
49957
40548
55498
51120
55663
40672
56517
48625
47514
55835
43872
71611
67821
52879
48701
51449
67897
73240
47577
67072
63503
49238
58980
43285
60976
46162
43728
69935
54085
62820
48680
56831
47569
46932
66339
44334
46947
44479
49657
48358
68880
58044
46197
71571
46112
57536
71755
44267
41736
46015
48045
64556
56985
66964
47129
45988
43894
55715
53109
59767
62411
43965
40797
53661
46396
63044
40636
70954
68380
58255
72089
44754
43232
44687
40756
61612
55507
63155
71250
71478
54027
68362
60373
69018
65691
61608
69519
50991
65290
43082
45912
53827
63492
63293
65630
67608
41296
46971
46781
65068
63746
62232
60240
72893
70130
52956
55238
65165
66668
67634
61688
64995
55081
68160
46969
70354
62590
56920
63087
59069
65492
64399
58530
49435
40792
47531
56275
45432
69108
60227
72271
72380
67965
58145
49860
66480
61742
59627
69202
53438
43093
57603
58597
51961
69964
43947
53187
71773
46251
65389
64097
67927
59580
49850
46459
57224
68911
43217
45155
61894
44815
71138
56474
53603
43253
69235
44957
54450
70524
46596
46849
43720
72180
41198
45762
56448
67419
64913
43481
57026
40841
55470
44300
72196
71850
65810
48138
68368
51441
52853
65719
57608
56459
53153
54469
48296
42962
41943
50564
62668
59844
66414
68091
66610
70323
48061
40759
66688
58173
41531
65251
55945
63359
49893
42009
63436
70278
52704
53880
54589
48646
67680
54135
68425
70223
50376
73208
43796
47740
42515
72737
48389
67822
45682
66407
67716
45049
63798
62187
67842
62172
53233
52234
46138
58103
60120
63791
62903
64824
54380
71404
66455
48087
67674
45898
61582
61507
46495
71517
40750
63836
60399
53019
64101
43490
47192
58222
71495
62253
62755
64135
41997
43039
53499
53878
51294
60504
53585
51703
56014
41896
54270
60303
69541
62922
54314
44760
66785
47695
63085
58393
53118
57560
41013
65050
60916
43400
73320
44599
50178
49593
73546
67250
66474
71918
66464
71502
42877
66057
51990
47129
57880
62655
40926
63113
42735
66376
50586
55498
45129
55387
61308
60247
42636
53593
49579
52424
52411
67785
66025
44010
54845
58628
47988
60437
51680
65329
55849
58298
71197
63092
65775
59708
47774
66403
73555
41473
43773
57274
68208
51144
52943
54863
72978
55357
49889
69448
41755
58058
49089
60555
70693
59569
51584
68214
57704
66392
68791
47313
56030
50403
68808
65536
61350
67336
67430
67197
52647
72735
45400
60038
42101
71289
45177
58387
69496
72179
63236
49931
60235
60363
58382
73143
72290
46258
52564
50039
64752
43298
54839
51124
40967
68593
47109
47381
59393
48935
57210
55542
47648
55053
66439
59158
59761
58246
72017
54671
60150
58274
51581
63756
70915
71537
51883
67894
60905
42005
50496
66927
52690
48667
42089
53699
55276
52748
63581
40987
69322
49982
52706
63924
67591
67824
73490
64720
66348
53654
49503
41644
59347
44146
62677
41393
61197
72036
63647
49134
64514
69379
51405
43462
59351
42732
59732
41190
50389
58459
57942
71547
56519
51448
53668
68513
61091
44019
46466
46878
61293
67410
54442
59216
53849
44938
59283
69988
72752
43341
59122
63177
50676
70052
41858
60900
45767
52285
68352
41734
48393
60422
48762
58779
73409
68091
56778
54692
47422
65083
44126
66919
65534
44898
62266
58212
68302
60435
50239
65676
70451
66260
66221
67246
57609
68639
54503
62258
60010
72373
58230
59913
43729
50742
67921
46308
62847
50159
55643
49828
50974
66035
73006
47890
55973
63597
45335
64209
66939
42292
57697
68497
73439
58784
44247
60548
63111
41629
69764
48918
73351
66301
49341
43993
68725
71699
62306
70590
54731
47229
73568
57739
68492
64833
54650
69513
63787
70940
71242
46461
51880
57878
51586
45786
56828
71002
47736
51509
50103
48453
48610
47865
45800
63933
58589
49756
62525
51908
57653
62610
67691
44364
65248
58688
69072
64077
54987
73267
43351
48150
73434
48978
63133
60897
47914
56017
50002
55721
62617
57768
72161
67648
63624
46148
57171
63388
67039
43900
67696
68465
60242
44486
43560
60422
47843
42155
59698
51009
54952
59000
68851
43011
47823
59447
47521
55228
43231
52189
71080
65078
71744
73413
56909
62389
69630
56413
44945
63810
52682
67872
66392
52036
56898
63940
43978
49744
68210
72372
52474
63042
48794
52160
72133
71565
52785
42003
55294
62159
47403
45670
61384
53929
54904
68980
68162
46029
67533
51374
66410
65368
55974
41263
45883
48995
47756
63218
53785
66004
71827
58947
64623
56698
44072
71027
72087
52570
45321
68304
43514
54851
50837
73428
49272
43689
54342
56989
43786
49328
71548
62109
69285
69254
48764
56723
64098
57590
46264
42938
46557
65594
66641
51776
52954
71441
61658
61177
43567
69650
44895
55381
72670
56640
57253
66960
51841
56798
43700
59176
57835
54917
43667
46996
55564
44915
65363
52275
53013
60710
46414
62083
50141
71466
57521
44435
44931
65839
70200
59323
48470
43614
67897
60554
44529
42733
50916
48896
42154
51185
59081
73725
58414
62836
57499
55546
48741
61128
71475
73463
48028
58650
55511
41396
48354
42058
46269
72484
73138
48635
51659
62239
71891
60134
62113
52055
62589
71283
62169
67469
47549
51338
67981
42501
64282
57766
68890
64567
61049
56620
62500
43975
56894
69116
61403
58295
46516
67909
64380
49628
44207
45981
66842
59534
54896
42065
70558
72868
71624
54009
69133
65440
51329
50000
67593
47654
66553
41795
47003
43699
60688
69448
63535
60555
59716
61681
65248
51955
71451
43969
41974
62625
66498
68670
58797
66417
58355
44359
67641
44121
54299
51112
63238
43935
58301
73708
52036
49481
61457
67187
72611
53718
70130
73156
63835
65323
41719
56099
48752
52688
73183
62823
69940
43612
56882
46598
49421
58158
66341
57458
57464
59998
63934
41896
49230
62451
62010
51717
45127
50263
50348
72540
43196
49928
67814
42311
49585
42383
58780
56762
72466
50870
56007
54238
72253
65014
68424
58140
73921
68399
51662
72823
73829
60060
60665
55840
45165
42245
44736
45380
67608
61494
72464
46633
66157
46001
53685
50809
69431
50592
73598
52702
46415
62477
45724
47310
68121
44629
61004
68009
49745
58074
74166
50177
49160
58617
42516
41528
49641
61244
43030
51537
71617
71120
73861
61184
65599
48441
49192
42499
70648
59716
53988
50357
57773
63549
56870
72161
73681
73315
65158
58324
71494
46489
51364
48566
43880
46430
45398
63258
41804
59135
49414
68051
71753
43531
71253
74249
44472
56584
64516
60557
62969
48740
71189
73578
43191
55727
59949
61629
69228
54535
51005
61382
50471
45779
53345
62526
49805
56244
44809
71659
46877
66744
45142
61043
46777
50641
53703
61294
51810
62598
65812
50878
53060
71401
70490
65315
50930
66249
46969
47882
64754
64808
59322
61350
42364
60911
73398
54850
55679
64481
54131
67542
70629
42190
65743
63192
70680
42505
48162
47956
51653
51484
73503
58687
44512
59577
67835
51465
44264
49652
64210
64113
67180
58800
70470
59805
50638
56919
60777
54890
47175
56783
59101
69121
66603
67497
69945
42667
50542
43931
53935
44518
54120
66608
63980
64696
70613
52670
51520
42563
65312
51609
48383
46234
47585
65926
69927
42963
59300
57202
51778
60253
72428
60772
50574
46484
67191
53681
70748
66963
54212
56175
42678
45897
49875
45867
67908
50640
63276
66527
47729
66553
71202
45086
56009
62252
72281
59282
48293
47215
65670
45224
71435
69572
45430
47754
57296
52664
52562
68430
69887
73529
48161
56940
56703
64424
42894
51062
71919
64815
49643
60675
54997
70485
65143
61421
66808
50127
73436
53948
66826
60825
47612
62817
67978
49734
73709
63784
47593
59797
48962
73960
57836
66372
61325
65916
45137
64297
50466
71287
51381
58238
53789
69396
44213
51581
63654
59244
49236
47149
45683
74220
60828
56699
61839
46341
43913
66956
65114
65829
60450
57426
63186
58087
46569
50525
54032
46471
60533
59892
70421
55704
68702
48485
63943
70649
56921
57241
63799
55557
58788
58859
46117
55306
69029
57914
47302
56060
56014
57405
55493
52843
74435
52503
49799
66995
69567
64812
49075
69491
62260
50226
48370
44608
43953
54155
65267
51610
74249
53970
43187
60190
74162
59060
63227
72702
69739
72193
54570
46767
51489
56578
44852
65761
73236
69390
42219
74164
50742
50776
66173
51241
47571
51723
74302
71126
49783
62105
72616
74207
49677
58447
58272
43041
62788
55342
49659
47280
46391
59126
49217
64388
64588
68227
62897
56431
45660
51548
54405
45906
66581
49290
56439
48273
51613
65446
54915
62916
49272
60214
65007
45744
72876
71994
47753
65141
46371
56321
53296
72968
53072
61249
42901
49380
52758
64359
70723
51453
51173
58156
48093
72438
51238
69481
66215
60819
49113
44332
74056
71537
59772
70155
51151
46581
42031
47800
61939
49282
68119
71638
53407
56303
50688
72971
60590
66104
60486
50775
59123
53875
56053
67492
63868
72966
58671
55966
73239
65560
52686
57028
65046
43077
54603
49087
69456
67990
57055
54771
66152
42160
61671
46421
58962
44107
70797
73340
42258
73446
55461
67066
48583
43193
64469
42476
57321
57836
66041
52688
52175
48390
47301
58519
72820
47528
61356
53499
56954
44923
59137
48147
71791
50535
47709
57893
43088
59654
51776
58811
72267
55896
59643
55545
56521
73656
52941
61741
62892
62990
72012
71848
72917
69959
55814
53965
57322
49410
63593
42599
45910
52620
60128
66112
70801
73999
68415
53231
74145
69894
68193
43249
51681
56308
50959
57851
64513
44886
68644
57487
62798
51670
63983
61134
71219
69057
73433
65933
57344
71611
66376
42154
65515
44466
44227
65952
68437
72208
56406
46170
53582
50997
68664
57925
58714
44836
61611
51113
51061
62332
65572
44857
52566
45483
50860
67561
45297
59230
67718
68863
59455
64315
63506
46189
43585
48595
66289
55134
50499
63186
64106
51471
43614
53881
72460
53216
53824
49999
46997
46251
57136
44051
68371
56404
73804
58868
63049
73633
55829
63237
44116
54604
63534
68843
70287
49751
68705
69592
55219
58528
48867
57790
67139
52149
70617
73148
71207
62441
43546
60381
49558
55208
55095
48385
74042
43783
50361
66331
54159
62879
62121
47517
45965
65180
50006
53809
57990
48913
62546
55722
43345
52879
43198
59706
62632
65013
59591
47077
61647
70793
47729
57397
67702
58184
46996
44592
51937
74363
50467
67975
64838
52619
53172
53264
56183
61718
45373
46198
52160
73538
74780
62768
68115
65106
59227
65455
69218
42359
63537
54236
45645
48104
66764
48065
55805
69172
64589
43910
74832
69079
57365
56736
58934
61196
47679
65349
62811
55523
56685
65827
67078
56211
53704
57425
73793
74001
70466
64390
61498
68578
66847
51337
62953
47149
48819
65000
55283
70420
71021
66797
56782
64580
67604
51150
54566
42443
61265
45092
59008
42539
71534
59806
72990
61612
42845
48375
42530
42998
63740
71461
68342
65246
50839
69844
60138
72577
53678
68114
63519
45199
59129
44620
48037
49386
58282
62585
58592
49520
73714
61333
43056
68884
58054
66385
61648
57140
49891
53513
59903
51239
71952
61686
74590
53269
59299
52133
54426
48139
56134
42919
66634
43342
51451
49035
71195
62192
52574
62473
66602
71074
61738
61056
51121
67017
63231
51107
46310
43988
46691
67182
52768
64204
43014
68448
53820
54572
67402
48100
68159
46068
44290
66064
72252
50169
67450
62609
55673
60799
54201
47846
62925
64009
64514
65997
58956
52336
49057
70651
61735
57139
67556
60176
51405
64782
69223
52426
66646
59342
47252
51321
63266
57699
52331
43187
43965
52023
57983
44360
67078
53182
47425
74104
53393
51791
52609
74340
47433
57650
56370
43459
65882
67066
45422
45270
58446
53268
59578
65438
64117
58785
66186
64588
72331
59009
62216
69369
65173
69040
69137
60823
45068
64726
62592
58408
65341
58905
59056
60718
68080
67638
73788
44642
70984
45264
73993
44456
48874
47368
67463
53827
51553
45133
57395
67141
67522
43381
69217
68682
44171
56845
45624
56678
65489
72686
45054
74588
49307
45329
48278
74513
46473
51621
70470
43840
45241
62558
47294
56174
68330
49423
61270
55073
55778
44411
49304
47437
58894
54377
49150
56335
74601
70390
60156
51357
45470
71727
51777
58238
42865
70367
47163
43254
44379
61862
61657
69061
43892
59723
52884
55313
69271
46419
55472
66720
59584
50899
67263
68682
61624
54658
56680
73134
74997
67346
51302
73509
71099
73921
54739
68852
72328
63275
46759
67526
63151
69730
43132
42841
45379
44096
44180
58743
74806
42748
45084
46376
67266
59900
68018
72230
63240
57066
61478
54417
50936
71946
52861
62692
69744
43211
71996
60456
54440
52636
67811
60519
43725
64000
56759
44388
49644
56805
69828
59785
47634
60210
71203
42785
71858
67743
70777
74183
56390
59081
46528
59422
62265
43910
62794
65987
72197
59253
69378
45440
58521
68058
62454
42947
63229
50857
59410
47438
45368
74465
44334
60975
53874
72475
57164
64755
55126
71779
58906
67095
71610
42822
73663
74687
59266
75052
43219
74154
48833
55273
58799
61798
44322
74638
45288
44736
72839
53893
54038
51327
42735
74717
42970
74066
66461
70626
70687
48390
53111
70385
45471
52732
46252
73354
54185
46811
46489
61607
51490
54402
73454
47436
65483
74817
58636
71264
60609
72264
61618
48571
56906
48223
73433
68992
72398
54488
63452
63149
61732
53698
57820
62960
73232
74848
53859
69309
43785
46298
49991
64669
43583
48689
61138
69321
62428
42616
71455
57847
51338
42818
56519
60532
64822
55895
59582
69747
70676
65195
60791
43173
59108
67984
49999
49929
50803
55338
74792
65030
45924
70947
51796
48055
70704
42657
63158
73606
68716
47221
74275
68092
55627
46742
56846
67287
55139
52173
43109
57693
71092
47281
46774
54001
72166
71382
64662
65508
47570
56386
61763
46733
44612
45856
55432
74908
49919
63929
70369
63147
51202
65183
47328
71190
43018
52523
67023
63757
51288
73258
54679
47335
71092
49364
47585
58041
58034
69630
60026
46632
64308
51088
70908
50811
69936
52792
53163
45557
59060
51040
45981
58209
55591
65886
57886
70126
45521
70635
63826
62269
57246
49879
48156
54201
65054
63739
61759
67879
52689
61294
48579
62333
65954
54524
65179
65528
66993
68051
58756
57961
74581
50048
56624
63696
75362
44314
63652
68907
59303
55229
61919
59792
57531
69434
64444
62074
44282
59149
60185
47969
72650
70544
64313
51597
47139
58222
45415
63787
59726
60761
74716
47265
69868
50688
42979
69151
51771
53819
43835
72566
44693
67977
48317
70702
49977
48317
67646
55762
62542
46324
51639
45711
49445
48842
64420
52734
64959
62926
50345
68669
52623
58419
59515
47940
48000
51912
49150
48758
70458
75050
64683
54391
57249
48695
47925
61246
45727
59591
43372
53867
72228
45207
50017
60378
58987
71558
60363
72312
75134
45828
58281
55125
63484
48583
58665
62715
74522
61887
58825
59647
66536
48717
50108
54229
51158
44720
57999
47848
69238
70848
64268
43242
55427
52190
74335
43113
59427
43051
52343
52388
63081
58872
52655
48284
57886
44414
73646
62574
48065
65231
60811
45279
53964
72205
43829
47417
43065
47066
48147
64342
59973
75279
60647
44538
56692
72881
50424
60774
54997
57121
62064
67113
43911
64914
54787
57914
47484
51904
61905
52292
60797
55776
49038
64833
60014
71890
45536
43082
46548
55966
58632
63661
69012
58910
49861
46657
51965
56568
73077
66550
63241
69328
67198
60592
62432
68795
58348
45654
57246
69878
67932
70437
70742
69336
55320
63819
59735
65285
43651
51377
72110
48101
69304
48920
62444
66132
70766
72295
46889
60059
45599
63811
49480
60831
66921
43489
62077
51801
62132
56088
59917
57222
59413
58299
65621
52640
51058
70693
74254
62732
48103
50709
61647
74901
65129
73405
52435
68633
52649
46869
44029
51074
73019
73333
57881
71160
49144
60259
48741
69974
70049
52906
74320
63962
58309
56492
62849
59936
45540
65784
72475
67409
57556
53279
52288
65944
68964
43972
64468
63701
44608
60659
75651
72086
68884
67764
47621
67139
56052
58079
58016
57496
58364
49969
67055
67416
75315
73888
44003
56384
53173
46828
69383
75322
59410
72311
45320
58324
43249
48726
71796
74224
51705
73896
72642
43709
50161
69926
56723
73958
53029
50684
56887
56073
73996
45784
50803
70506
44329
54848
53121
49129
60719
61736
60505
75313
62568
56516
71727
65587
53847
62107
60989
50387
67741
47837
61122
59616
71705
54518
70987
44106
59731
52835
74801
51087
70683
56260
51555
68983
51821
43059
65637
54529
60056
44757
54681
49053
64671
53934
61118
44955
73440
43194
64694
66276
75251
43065
64140
58856
62421
46410
56757
53975
51782
47547
72598
69908
72815
49184
43079
51431
74696
50466
53911
65394
48185
45850
74064
69350
52096
48095
71100
61174
47058
66779
63335
57740
45509
55653
68903
55227
54637
55115
59226
74486
59077
51629
73583
50815
44369
75282
45224
64801
45826
57269
52765
50978
59994
66848
55813
70772
65488
56316
57905
57131
55926
61224
50649
51764
69593
49928
59547
71747
53033
74784
71361
69389
67482
50145
65219
72376
52745
71618
58380
50575
50659
44691
61185
55291
69955
61454
48704
46254
68698
64176
72997
50466
55316
70599
66451
68162
63480
56779
49905
75111
67409
51441
66674
60805
51595
61950
64666
58535
72159
58201
63486
74136
65075
60517
75083
66019
57659
66317
49289
47102
47077
58273
66465
68035
71156
58080
65565
54047
62954
75350
50736
73998
47148
46824
64758
63687
73057
74157
53244
73523
49179
72447
54787
62628
53689
55250
54529
47300
73356
69957
67433
51916
73016
58999
50860
47606
68957
69788
48896
47668
59767
73040
69728
53538
45059
74538
65748
53049
51172
74901
74738
59718
66564
70875
72613
67099
68158
45955
54829
70789
74108
45533
60775
64894
43804
55003
68431
67235
52121
70946
63427
47336
67175
51041
45962
73610
53534
67298
50324
62277
57819
53343
71555
67016
48355
60182
72299
65894
50570
50719
62678
53518
54868
49150
65804
50301
74841
68725
60049
50354
61934
44188
71150
44194
54401
44339
46516
72238
70085
73526
45247
52050
55312
65202
48568
56223
54785
64472
55261
62955
62821
55887
61701
52807
48475
56015
66782
63537
73655
58092
61818
60683
46501
55087
47370
54988
44943
56171
69865
62198
64576
60750
57820
74184
60233
68919
73112
62900
52899
59719
68996
55059
57239
48827
65217
69656
60123
58745
61288
54530
67582
47592
74002
72854
57349
55557
46238
56525
51031
58036
45870
65482
44758
46675
75891
75022
45135
56725
45611
66287
47636
72078
76007
64582
73191
50698
50706
48745
67354
67363
60207
64345
72693
62739
61026
70716
52824
47686
69682
51213
73633
55220
65165
47762
56272
66413
67852
59278
69610
54645
60025
54841
49051
46803
52111
73965
73246
50917
58112
75042
52834
43766
54973
61340
61029
64530
49777
47331
61924
50969
67406
67060
69687
54035
51469
49462
51575
74179
48176
57263
50913
56959
76171
59000
72319
44863
51970
58478
74245
72691
58772
46123
69881
65562
50329
72245
58902
47760
64071
70516
53235
69543
67963
59370
50400
61818
56503
54686
53776
74366
44646
59353
58878
58970
50792
52885
72201
46329
45258
51763
48993
74717
53717
65388
45863
63926
64331
51082
48592
73779
59117
53464
65995
59416
47680
74583
48483
54161
63377
56754
58342
56005
65591
48756
53767
57007
68632
52601
74113
48681
47727
47522
57341
49482
73676
48845
44342
52978
62812
75781
66651
73891
52586
49653
46261
59539
61734
53667
52617
73215
52133
58203
65856
58305
67114
67048
50117
48421
47524
50699
75823
66809
55671
65061
49568
56035
47999
52791
68460
64248
57682
53260
72830
45961
59078
56245
76280
60736
47540
61494
72986
63852
65275
70783
49253
72346
51399
50334
51200
64357
66067
48946
47450
67471
45932
50979
62993
56144
66808
44432
60947
48365
74168
47113
48387
54413
57354
46847
46814
71241
54130
57464
75742
70274
43929
49927
52126
73847
66710
58620
49024
71446
68717
58328
62540
67603
74197
75780
58137
45368
53311
65730
67953
71676
52499
48227
61616
66390
55869
69819
50349
51155
45544
59346
48540
72167
57225
58588
57651
55936
76320
46443
57100
70113
62395
66276
68683
68782
45627
71727
49792
53059
58714
69555
75215
54090
44525
73090
71246
50061
60007
51664
53422
76296
64671
44970
66078
50243
72915
70629
54124
61919
56812
59476
44909
61806
50947
69438
51360
57224
75301
62222
74254
44059
65619
50765
73588
64002
49869
65486
57508
72921
72081
59176
60457
76048
69406
50537
60714
51775
55677
69129
67729
54201
63618
70685
68971
48996
67920
73677
66706
69320
62235
63496
58250
49765
53554
46199
59050
56138
48700
60335
54908
72419
58561
70058
48230
62739
63725
72312
51849
59522
65425
46386
64233
45369
67179
45872
76238
67948
45479
61307
44907
60566
49829
51845
48318
69836
64509
69144
65463
68170
67265
52621
53916
52563
48386
71230
64172
66104
64917
66622
47619
57270
60694
69447
47293
65412
51246
74739
67934
57645
43794
56623
52338
69404
62028
61933
46960
72181
71870
43802
66276
56876
46820
62928
66509
51152
67417
58828
62532
67751
70813
48162
44895
62592
62485
50735
58453
63429
45651
75984
66787
56400
54424
60369
62190
53375
70551
55721
45417
58507
45948
67428
72825
61973
73005
71904
60631
74242
72912
70972
68215
66697
59789
57230
62055
61322
55957
75732
46073
71458
60771
59438
51492
70780
65858
49738
52776
52970
60431
53535
56433
64308
52288
49886
68798
75056
48165
53029
58498
63378
51822
56694
45706
46598
56302
61417
73441
73084
55966
75293
61937
73411
54757
60532
55018
75610
63510
43904
73064
60547
62779
68536
48720
60568
55057
74096
75770
72354
51795
70920
71062
59432
53563
72547
62920
74053
65351
53914
74902
52989
74297
55026
64644
70609
64609
74764
66301
46737
62494
71260
46069
53106
56483
73948
45261
52065
48119
68354
54903
47510
45631
51951
65242
71531
58944
53225
61816
69231
72480
53515
51022
55478
54124
62523
50683
49012
75104
57693
63013
59338
74850
71110
63769
57824
66511
68596
57777
44596
55034
68476
70779
44338
70258
46403
62231
44292
45700
73713
55009
68011
76545
71843
73425
70479
66626
56289
54431
44755
51560
56015
44330
58541
44008
57511
59418
53749
65608
44134
53956
44987
63523
53958
62031
58526
48499
64621
71957
54426
54032
54372
60236
58146
56947
47818
71398
56175
48832
69578
49845
45847
70916
76490
63699
56033
74170
53733
69697
70104
72597
50588
55758
61086
58233
46280
70715
70403
47562
44243
60316
48598
55530
55848
67585
44796
71933
44264
61270
70078
65776
46559
48776
57703
59577
53174
65002
64527
69856
59498
70870
55218
54078
65277
73879
68997
53509
76139
45702
44937
49664
46815
47476
72800
51484
49703
72264
50528
61992
51301
48105
72422
48345
71688
68191
70380
55569
44027
46389
64990
63584
50972
44321
73130
55500
58352
74983
45847
60621
52373
72058
62807
50332
61176
75108
75743
72877
49480
74601
49782
46458
51882
58471
57228
55427
74798
64641
58574
44691
67073
60284
72183
52036
46309
74857
74217
70085
58335
47237
68092
55003
56879
76125
58262
58406
68997
75318
72700
49318
45170
47275
67175
57982
54557
74904
52315
44535
60471
65335
47156
58823
67633
49545
69122
61588
72876
55800
59030
71604
53809
65850
49373
74551
49698
54904
48493
63271
44784
67248
47198
71182
68751
66392
46427
44217
60711
68676
53752
68412
75277
69833
45638
44854
49393
76835
72614
50006
68953
49428
45530
47134
58958
63694
68194
55783
65620
76051
68101
67622
54176
58779
49326
61933
63110
49334
46969
64437
64561
65330
58638
45658
76694
50047
48174
61287
74410
62481
67723
70292
47571
57606
69085
62605
48029
60681
73010
63221
50351
48502
70789
54699
57341
46526
64659
73036
45887
49678
47338
60153
53153
46379
65091
55642
64188
48545
66321
48866
66501
46620
73306
74069
63748
54550
51398
66184
53640
65458
46070
60009
57114
50152
60438
53822
72815
48611
47030
54578
76706
60583
76245
51725
71905
47607
72255
76355
46438
47478
63514
59952
73384
58124
76475
75426
50643
52363
62654
52120
68470
75411
68949
71753
50044
65715
58336
74856
46430
71888
49598
51879
60567
47563
48739
72826
60759
60766
47531
49949
74107
66887
53358
61912
70077
49065
65365
52610
48936
68271
59372
60740
45264
76658
60408
55455
68031
52253
70410
75440
47922
46415
61012
74419
75526
46784
61116
72135
50797
66344
57647
46576
76005
66396
66872
68194
57195
58554
61905
46333
75755
59080
48249
47380
60668
76824
71302
63346
60874
70255
54461
59295
74323
54821
70944
63071
45015
66767
63239
44412
65929
66332
72050
67781
55691
76285
54174
72791
60953
48905
56278
61467
59141
52255
53388
46224
53091
72269
55208
46283
53125
54256
51232
76220
49962
70173
70089
53938
65522
55616
55149
63265
57365
51459
61213
46500
58709
66418
48328
50238
67633
69468
72461
67045
67420
47612
50766
72001
52077
48088
65030
50353
45784
74986
53340
58255
55837
54270
50168
47285
46143
64859
54293
51775
67448
66725
62167
76435
74283
44546
67039
53919
56346
60028
69918
61794
47065
50087
66534
54446
47235
76419
56391
53036
49067
44451
70808
49056
67477
55951
69460
73070
69030
52840
62760
44638
65818
47562
47433
51612
68085
56310
47115
52227
64572
47409
74672
74138
52068
69735
45949
67679
53771
54292
51476
61508
49638
76389
65533
72824
53243
47258
56198
59879
61712
48558
67277
57092
47715
49210
56091
59590
47771
54167
73843
59632
57087
47170
48235
63894
47334
56197
49979
68061
46958
64084
73492
47106
76145
60278
49587
68766
72629
54501
70709
64296
59235
53366
71981
52155
66747
50108
62708
53785
62981
61226
53312
71153
57035
63609
51448
53341
72517
62537
58695
58031
60437
45835
48368
76397
68149
54558
52449
54938
46893
59960
76042
74295
73097
73736
65647
71690
71050
50202
75644
50078
74268
72954
72857
62347
47624
56988
47871
61687
45419
48635
69578
53341
55143
59393
66895
49038
72728
57255
55471
62709
53961
67421
69037
74782
58472
55724
54460
72570
67128
70938
71516
61276
51398
57166
73383
54856
70430
74612
67623
72301
56894
45027
64747
50288
50379
55037
57050
58219
47875
71511
57415
71222
66291
69403
47557
47589
45290
48810
62012
57745
54317
56965
60732
64348
71660
52333
45970
50863
61557
54217
76313
65478
75944
54601
76499
58479
58283
70089
46136
62990
59103
72824
74446
72933
49170
47161
76026
69778
72694
74825
63766
76249
57553
72738
54723
65956
57719
69280
64641
65864
48246
53347
73341
51210
48016
52596
56233
68066
51054
65067
62482
52095
50066
74576
74607
73610
59022
68992
56053
51503
57971
62418
52595
59354
61837
73147
65946
69694
72525
58415
56988
63132
50567
52745
59130
69186
58846
52141
71062
49746
59260
54764
69904
76740
71942
62504
76111
59566
46798
60856
54110
63683
58699
76429
71546
49946
44999
67350
75113
76082
57176
73570
66317
52018
48657
54661
67896
57717
72313
71484
74434
53061
73532
75476
66009
53991
54049
60231
49049
63193
54588
68521
72156
75863
76133
55746
50004
71459
76009
53245
63959
49798
60287
75393
55033
55186
48253
50077
69344
50347
61515
68457
69972
75334
77336
53930
49430
61679
65997
63735
46451
64657
51775
60954
47640
54514
55209
75449
65832
62333
52825
50230
48012
50756
74153
62419
68491
75845
47921
51482
66970
44780
74299
71548
45941
61658
46967
69432
52590
76261
55537
74110
73221
57440
66111
61396
50106
61340
48383
51898
50463
72622
62849
66441
76593
70259
67520
71073
71144
64978
71831
60099
65293
68417
69425
48828
73548
68747
49858
58948
76170
71120
45172
64805
53369
48333
52645
49056
51817
56669
51791
70412
51041
67392
55239
65984
68974
63772
51115
77363
44859
52417
71445
65890
69858
47281
47637
71794
44802
68320
47967
46487
56338
49336
66624
47156
59380
57440
57559
57412
58829
63294
70785
57592
66581
57787
70293
67233
76522
49222
44882
62417
54442
48539
56597
47549
54464
68165
51663
53222
65726
45409
61623
77561
61357
76454
62524
70387
50080
52642
54334
75912
45456
68166
54397
76230
47971
68261
75602
77302
53326
74233
45213
45251
51037
77031
62718
70814
59472
50948
67912
74848
63145
63895
71218
55345
62211
51105
50256
57769
67237
47898
74818
49974
52567
55166
59180
63166
61813
71048
64358
59269
52801
52285
57716
50000
68733
76589
52536
59083
60730
76278
59238
59688
46827
69897
49977
68361
63677
65457
56420
68768
71723
70481
45388
77588
56524
70637
52596
58663
61040
51691
55352
63255
63852
57627
64447
73153
60722
64758
47147
55564
67877
57891
63250
66949
76715
55616
62258
62791
71555
77534
51296
69662
74585
62669
49090
48876
67479
59547
76862
75339
48767
74583
60210
62579
76407
63130
56678
50783
63139
72393
60479
59435
58809
70292
61237
62657
66321
59330
66950
71860
59900
75057
47148
64620
71511
45592
63501
72068
63840
62096
52339
65392
45512
53587
50619
52067
48649
71363
67665
55151
63993
45358
66524
58607
45215
53840
76469
50722
77638
67097
48542
51992
69329
75441
65457
62930
75598
53690
59030
47525
57806
49877
72441
51679
56435
46951
56635
48045
70858
49053
74344
65340
68699
73901
64874
62495
72575
76895
75900
72945
58994
45517
49889
46651
75945
60262
71381
46231
51814
69177
64452
60950
62601
56945
75962
62176
71337
60699
68379
55578
70499
58160
62868
65549
67314
64975
47953
69252
56320
73674
68464
45173
74428
72804
73910
55268
56877
73561
72065
66821
48070
54815
68606
55713
59706
48748
76444
64442
64658
48632
68801
68466
74364
59268
61371
45097
67302
69915
66553
65766
76747
73624
72315
52216
74317
76648
50823
66013
55813
58001
51102
51042
64151
52211
53166
62220
64393
53198
63881
63927
61013
76165
66454
69245
77500
75426
74438
63961
60766
55065
65994
60428
51336
70353
49284
52928
59213
63584
67515
55788
51928
51479
66834
61431
51712
50750
58171
66848
60189
62368
70248
71197
69658
58187
62722
61954
75980
61073
50334
56165
57218
65618
49965
50368
62430
54398
68722
76822
47075
53461
72634
55770
58190
56049
55751
67340
45354
53127
50957
77477
64415
65258
71201
69173
51723
53968
51822
72139
66900
65881
77610
59157
50812
61773
47752
54216
62325
45989
45359
60226
73271
46670
73196
53103
55825
70697
61859
76009
64316
75350
57228
57955
62646
47794
51611
45895
51277
70558
53568
48542
48378
70915
57425
49969
53105
49811
48709
46573
69878
62289
66978
75660
59506
56915
69048
56434
59846
58566
72848
67029
46943
48436
62752
59169
74251
58370
71104
60059
64267
62781
47842
59716
52329
54166
63997
76288
60300
49322
67786
56311
72201
51847
66739
69692
75964
45676
52873
63149
53528
45265
52853
57882
47291
47783
46129
55209
54085
76769
67447
77176
71275
64307
72890
64645
46151
56090
49685
59851
53234
60444
47233
68270
57429
58449
52554
59545
46396
53282
75716
59366
53932
53329
73530
71166
71287
63802
77095
74433
56333
46936
53160
67880
70293
56586
61490
76584
63805
48535
74368
58586
62926
63856
53200
56026
47491
57270
74319
67565
75803
67836
50386
52710
46381
69454
51910
69066
76732
67442
54378
68402
70667
73581
49980
73457
76722
67146
70320
64759
74738
65814
76072
70005
72262
53551
46369
47426
65338
53183
60074
55678
57216
57987
46363
72309
49985
77265
78083
51653
71601
75737
66146
75716
55014
61739
56089
74780
57834
71289
50590
52664
49423
73630
67572
63972
48770
69600
45787
59055
69411
47986
45380
56468
64916
71229
60423
70490
52112
57313
54744
56889
48511
53494
62328
58174
66631
77207
46120
57841
63844
57633
77411
52532
57659
67384
70860
48238
75691
67083
63334
63465
51942
73177
75011
74873
59519
70069
49407
53855
73924
52614
57645
62316
50253
77137
51218
64618
65493
51643
69457
46519
64073
60873
54887
65331
71967
72171
51608
68444
57065
47161
70953
54712
71722
58876
71888
55412
51816
63088
61289
50506
72066
70344
73450
50600
71492
72563
66713
67086
78137
77470
53629
69815
78016
63482
76562
47997
65890
77247
50241
77047
78179
57073
66190
48356
57495
63202
66452
46028
70007
72184
71342
77284
69748
49072
65272
75059
58764
77283
70006
59123
66586
47432
66450
63546
77042
61243
64972
77273
46765
68796
50861
64388
77890
59067
72188
48692
70103
75667
65589
67018
61398
67028
47671
74229
58434
55365
70973
63061
74316
76585
47887
55777
59425
47810
53882
66950
49927
63252
66557
54800
55720
62699
46789
58702
77997
61471
72156
48753
73103
49943
52637
78262
56234
63372
49515
68421
63380
54415
72098
78168
66732
69070
78286
60831
53494
63507
69403
58852
68390
59149
55053
67563
69370
71763
73329
60572
52173
53158
74900
63075
63850
67702
52914
77528
69406
57512
63409
75675
78097
73879
59407
57986
67541
66649
68122
66807
46656
76355
77407
55963
57719
51887
62564
60208
65356
72956
76698
75701
57034
69079
49293
62162
73485
76473
68190
67703
67672
59057
68723
67777
64353
72804
65645
76317
60143
61778
48218
54959
70567
65115
51500
47349
58915
57729
48491
64423
55109
72943
77862
49378
68299
59195
55343
70790
68643
53480
76680
56797
67968
58159
70424
70781
50477
72702
67234
48239
78114
60226
75000
60816
59605
71010
72812
59960
64850
73483
63368
67866
51086
75315
74239
63083
46328
52312
47586
69703
49746
71177
65815
57936
71871
58280
66312
66712
65821
59246
49816
57793
74132
48303
66651
75874
47471
66656
67846
60333
53035
76502
52260
46927
66766
47824
72459
72344
67195
57784
71695
61148
51010
67878
65013
56601
65596
76198
47019
59097
75224
47803
73782
63066
51056
58404
65259
47597
68896
54365
70626
52892
51159
57449
51368
65039
51118
53455
55604
70577
60537
65507
67868
68878
74908
77126
47369
76159
52769
76464
61545
72970
77319
50669
77667
60036
61916
70694
72976
76024
61326
66146
58856
47181
71550
53068
56954
76066
52438
53815
48737
56317
71709
45919
67443
72613
59400
63858
60731
46796
54419
69711
53418
56561
71761
77069
74761
49797
46080
45887
52018
53325
61537
65398
52224
57863
78407
47880
58116
55376
54509
72976
53369
65989
65164
48310
61818
73577
74541
55473
63859
67655
76220
47114
57302
77912
59231
67618
54799
71334
58630
56310
55737
57010
74562
77986
46866
71955
53338
72484
69548
65377
74908
66403
47462
75601
55537
69744
67995
61729
60340
76299
57497
46391
75716
45929
67925
62725
74200
58164
49501
70447
73747
56532
64781
55024
73689
61165
48134
48826
60896
72488
66012
58908
66698
52023
50959
66281
74866
55059
63037
48535
56132
49288
51605
59621
60627
51188
72847
56512
53861
48716
67034
63592
50257
47199
52630
69583
65997
67423
70596
51266
51969
72349
47867
75850
49504
77460
60252
57045
74295
60713
49608
66961
69510
58161
65360
58009
56080
61236
52460
60755
67502
68976
59248
72344
62696
75041
51133
46102
59590
47872
72500
48883
60388
77066
73841
46515
76741
56194
48181
72028
55145
58169
55971
73176
76322
52493
61616
62874
71843
54960
78293
65669
54362
47275
52742
57865
71936
69026
52200
49807
63598
48857
54079
49175
71858
72183
64421
53791
71778
62474
62338
74951
68912
64972
70456
77620
53439
77093
77982
67890
69557
57328
50864
50205
53010
72706
50565
51969
56256
69736
73345
69120
55402
48113
57547
64756
56722
56557
64001
70998
57310
69171
61227
67423
53427
46441
74222
46700
77061
75391
62979
71847
61038
73853
60135
47588
70269
67455
64979
58825
76880
65533
59374
48434
46181
53072
68802
47827
68269
75122
77036
60192
57058
46086
78104
56169
62235
46744
74029
66634
60574
53285
72645
78658
75509
57822
57824
47010
48452
48937
51929
54953
48601
58089
46233
51949
48133
68095
50186
54012
46122
55057
68046
70468
62998
58249
57138
53040
67983
57825
69469
48532
49455
46367
73934
64587
61299
74139
54021
59167
61966
64264
74879
54760
67459
62386
62696
67064
74482
61701
71565
78519
78386
67919
59920
74123
68129
69319
50015
75003
60728
52173
52966
56083
57443
54387
75780
76554
49679
69949
51644
50722
55172
59173
75438
77776
50293
73954
64837
69917
73941
64874
48177
56140
73965
67510
68376
64957
66476
72645
52104
78609
47934
48355
75313
76175
66528
74027
63569
68294
56562
71243
46447
75380
71757
74631
69964
50343
62424
68865
67095
58146
61782
72759
68320
57858
57474
53709
69199
58274
53086
58509
67990
58299
54472
78252
49060
51664
59726
66126
64667
64201
49731
51789
59781
77278
58130
50230
51267
67766
55507
69269
76741
50896
54300
77427
65665
61475
70938
72476
63773
58113
56800
46886
78703
46401
57086
55982
76200
77981
53846
53989
50124
61017
47147
64204
73062
54822
60027
53563
54137
66629
64143
77864
61113
56047
68816
67878
48635
49909
75484
52012
46315
57252
74713
54680
74493
47595
49930
72819
54950
75456
66719
57847
65739
60607
51410
76110
60538
60692
58671
50845
57048
54172
74803
77889
78682
70215
58137
62809
67640
76737
49649
64900
69407
69969
72178
62956
54823
71681
77329
69507
72964
51455
51667
62092
68224
69955
49759
68446
54825
70770
69079
70756
47686
75522
58600
65897
49680
78752
74400
77842
51231
69582
54912
65964
47395
66513
48339
49704
61140
68042
69950
65636
46892
67619
61335
48045
56275
68396
46842
68225
48603
49670
74522
73369
55725
49857
69590
51751
51011
55745
72461
59996
68248
59494
71858
56109
51293
71404
68899
55383
78574
56719
74166
61344
50052
76019
51093
59488
70572
73156
64717
50241
60152
49049
59297
48451
54516
65311
48164
58627
54107
62323
73735
51516
65675
49871
65711
49550
46647
65129
69514
51838
68700
62872
55460
70079
50294
50233
75637
71600
62707
73809
77310
68133
67816
76532
74260
48234
59395
51301
50427
57477
56001
50046
67894
58812
65248
49234
51870
73815
57368
49682
52402
73383
67846
51245
62254
53063
73833
50875
59615
56482
59024
65052
75957
57781
75539
62940
72986
56343
62146
73434
51586
65334
46555
57514
78403
52451
65152
71223
63144
71441
67431
48557
53568
52953
56020
57238
62076
50370
74180
61763
59769
48704
62315
46701
69403
66682
47329
58908
75611
53328
63769
71368
77026
47005
74002
46526
64214
65465
72785
69062
51444
63811
53646
73987
77279
51485
55214
55834
72631
49847
63217
55447
68334
46993
51821
56460
51031
57339
71099
71034
70528
49440
74480
55413
71234
78914
48334
65924
50838
62279
71996
66631
51626
52853
51188
61404
63285
61306
63868
59906
63495
52655
78423
58751
78564
47005
48764
71616
64402
71105
63751
61888
47153
51852
48175
73771
61643
54190
68984
54978
64812
69780
55849
60161
50420
53807
55297
66047
50666
71672
56870
54679
54419
73265
51806
54469
51972
74093
50817
74578
72180
64338
66095
48308
61461
64670
79038
48688
60325
75880
64374
72769
68159
79017
59393
51005
51960
62458
54045
66358
46759
68767
51092
63262
49796
73925
72046
46895
49397
52232
64869
52874
54436
72248
79001
68639
72149
56157
73861
71372
63991
63736
54066
68809
56696
77964
61354
78403
77790
55133
61104
62279
59924
68472
72622
48354
71425
62963
56815
61831
67167
66166
74254
64688
74187
77819
63407
51656
71704
57041
46956
74313
53993
49127
50451
46882
60031
51527
49678
55643
68559
54241
50210
75259
66776
50826
58461
76074
60211
62020
47689
48275
69868
66496
71526
75020
48016
77345
71383
78713
53639
62211
54620
60653
61860
76732
58752
65043
76027
47073
54292
64973
47859
62733
53467
49946
77724
58333
53127
53821
72770
73279
79076
75036
55874
66285
58452
53990
73756
47668
49531
56056
78026
63482
64059
71426
70992
73471
77027
71781
70805
76131
48803
62688
56689
64105
63044
50796
71431
64890
77589
57956
52053
46701
47145
68585
57353
75525
78783
75141
70038
77243
68354
75278
74888
49598
51699
54478
49428
77881
63395
69856
77044
48852
48805
75741
55154
55165
63939
65465
60354
74088
63728
71655
56724
76628
70270
75204
74730
68369
54417
53298
71207
71231
60116
52867
73577
71768
68714
61082
48153
76273
67112
50764
62913
68924
79105
70668
53533
78802
66753
70344
57972
53679
50943
50446
64552
74110
63052
64371
76685
48664
47537
72245
63479
79175
48217
57887
71703
47055
77194
49325
70023
68271
64730
60273
63139
73124
75423
51893
46747
60143
74919
63330
78790
66648
55081
53281
70713
61811
63996
59839
65689
49954
64007
57046
50477
65627
48889
49834
67895
53291
48442
47953
69765
66811
58401
67351
47939
60691
48231
61728
47123
68700
51931
63823
72800
74602
68440
78695
55022
75705
71668
74096
78006
69943
53371
68957
53234
73987
71196
75243
61812
66933
61281
58060
52283
65374
75877
62469
54088
60561
49985
49301
51630
56226
52423
47191
56553
68845
59763
64809
47472
66778
77470
75598
52622
70496
72693
76049
77421
62664
51498
71083
54132
61364
72681
53095
72658
70751
72206
57604
53851
65830
76821
67163
74644
53320
58321
75842
47625
70378
72545
53167
62695
64862
65633
54305
60614
75940
57181
51515
47815
68913
50059
61362
79327
72432
48825
77162
72306
70279
60804
53468
53284
66523
68555
74683
49644
71126
77155
69847
64618
64360
61196
57665
67194
47563
78756
54448
75785
74764
49563
71971
70439
77767
54439
58824
74590
67378
63417
48413
75586
64604
47919
72277
59466
49591
72523
69117
58590
68565
76516
69087
61617
65647
54875
64551
77649
71339
53969
76228
72957
52382
69015
55313
72118
54800
77798
64949
76440
75904
68305
53960
58731
67688
65399
59447
47734
64451
46973
52841
69779
50635
49596
69410
59273
53255
59190
65192
62613
74885
52303
75813
60746
56677
78394
55629
62620
77207
60593
69952
56887
59108
57321
54962
48149
74035
72389
47433
59983
59141
57674
66118
68915
68419
47955
55400
79256
68665
56197
56077
73582
75746
62086
63643
48793
66918
49770
66590
69120
71649
67182
52787
54496
73318
66281
50468
54887
58692
53631
57428
73598
76935
48536
56030
59110
55234
50448
65913
78726
51980
69937
71583
48387
72009
64478
71662
47762
59307
62736
54222
70666
76408
56455
79444
76094
73485
74681
77414
74633
75555
52239
66592
66986
59729
70992
73079
60882
56018
61533
63004
48636
71305
68128
52899
73341
75074
66239
55013
69340
72507
75029
55203
63715
77539
78434
73580
63990
77025
71233
79552
54948
60760
71387
73589
52348
77417
54619
74586
79394
63482
78498
63003
79266
60598
60475
77412
55555
76885
66961
55881
60704
76574
53599
78566
62131
74410
77673
78658
59827
65514
53866
71290
59104
62060
74317
65819
75676
65753
69279
55759
71676
50883
58693
70972
65311
49053
65898
63785
50622
49931
59068
72418
68357
71261
72920
72926
64417
79701
57090
61344
73499
50225
62490
72155
69476
74981
49867
52185
52913
55721
62982
49693
77704
70323
50607
47944
66331
62790
79766
66873
66006
78315
60584
58744
74292
53247
52839
57557
53718
53869
77975
75340
50390
72125
47930
74028
53081
75598
78015
63097
64867
75231
58487
61838
56560
56148
62792
74758
77376
59319
73893
48349
61042
62846
49597
56019
61524
48908
53491
56849
63354
68986
63375
64783
67981
70806
68531
73909
59878
53292
67728
52161
62299
50821
55001
69992
50265
54318
63864
57152
61748
58618
62081
73309
78010
48714
62564
61370
79630
48780
78694
67547
78516
79362
60242
60849
73704
48325
60779
73918
58932
76297
51878
60026
62529
69794
60950
57076
52718
58568
48040
53436
49311
77591
67344
48129
78295
61657
63235
60663
48138
73096
75943
58747
69036
52623
75592
50682
48782
69201
68684
48527
69482
62316
56169
50539
51133
52543
61205
76666
75220
75946
67902
77892
70954
64532
56380
48145
73457
75187
73732
61264
51439
73479
67486
70201
54923
68008
76505
75698
73768
63810
79933
75631
62641
73438
66369
74590
47477
47459
49854
56386
48182
61276
70564
67997
60284
62971
70636
55508
59695
76126
76237
59278
76645
64018
52019
48477
73593
54230
55661
67744
66397
57761
58661
74408
59697
53990
61078
73497
71956
67094
62969
60051
50490
48231
61504
48274
50238
47828
62471
57491
50618
64612
78536
72313
79126
55728
70222
76334
48797
51615
64108
78477
76502
73589
76526
67456
66577
59916
77264
75621
47680
55392
47534
58295
47368
51026
71804
64746
74776
56485
58999
79254
77242
54093
48475
73944
48039
56553
73687
77814
52768
48270
47422
49985
56634
65222
50559
49728
73850
62168
79191
65290
62625
51530
58053
59636
54217
64421
59839
53868
70577
57720
63779
52773
56918
71327
77808
59253
71875
71365
55990
47611
76841
78376
75083
76932
58674
49052
70848
54063
56723
77779
56723
48336
74721
58843
59942
77715
71077
63720
75120
71906
73650
50004
56819
78984
55478
58084
54510
77590
76304
69197
52691
51077
64225
58359
78331
78878
69990
71168
72857
52887
73349
71556
58093
52095
75685
77596
60602
65756
49859
70308
61689
65554
55490
61506
60111
67334
57859
67747
55997
68740
53558
48776
75799
60382
73840
49026
79543
62422
78973
76281
66802
56510
68215
54387
58827
59870
58263
72211
76647
47638
58188
53344
54721
68549
54154
51785
72095
63465
66405
68709
54213
59527
62430
71295
48232
52813
50941
58961
61157
55670
75040
71568
72115
47598
68754
50473
60054
76470
48991
69579
68374
52363
50023
60837
49456
70594
75954
75633
67659
52599
68099
75441
79470
65510
64432
63800
65967
76313
56496
77293
63983
75460
48630
61132
51908
79469
54269
64557
55735
62671
75429
60745
70832
48513
62269
55802
66734
50131
62689
53698
63675
57849
67334
50191
56608
58219
54867
48573
70357
52875
70579
73693
56123
61832
56744
78773
76813
79491
54242
49159
65428
66289
67856
66455
62747
75329
50934
80103
54691
72638
55487
67397
53464
74678
53141
66823
67139
63452
62832
77590
77504
73451
57899
63913
64051
74636
59101
56915
62839
78458
50022
68416
68759
58340
55880
71612
64833
78867
54969
57844
52599
61260
63734
64001
72328
70904
64729
48674
54335
62978
52910
68681
79962
70273
66115
77018
74301
64151
49214
55983
66280
79512
73139
68703
70951
64111
70134
58048
74248
75838
65198
57514
59794
58949
65067
53246
66484
52229
60410
63463
52604
60069
56246
67680
79498
78996
61984
57079
66243
67696
54386
67792
54346
58151
74225
75244
70060
64860
76738
70059
64602
55308
57086
62608
68445
64625
70921
74565
56901
62246
48671
61151
56418
79501
72239
51810
54327
74862
62445
59784
77612
78560
70179
48318
68995
60525
54087
61040
56973
63345
75603
50566
51486
76995
56273
69935
63550
65943
60981
66013
73761
51363
55408
70545
53082
69249
68546
60760
57419
70997
69072
55829
73440
78767
60406
48770
63101
72371
63710
77938
48180
51063
67666
70489
59708
74668
73038
56845
55710
72065
48730
60878
58162
73412
58390
68229
55498
64330
79383
65609
52653
52882
68081
61991
77127
71845
55445
51747
64286
51776
73182
60026
53000
73781
54886
66602
57756
52751
69534
79540
48358
48117
48670
56609
58719
56273
52793
76867
69403
55729
74453
67133
78661
76653
63097
75590
72137
50058
53928
69545
76624
60254
69998
53008
73585
67701
73016
70915
56101
53556
58089
76460
70524
79036
76329
80349
67727
64017
51200
66900
60598
55932
57253
63037
52219
72493
75152
74488
67534
59941
55510
78621
47866
66131
59062
50365
72151
56061
60527
79595
74433
58978
68437
64891
78538
74654
49956
57866
53932
67533
50836
54847
53250
66163
65070
47951
63159
74012
77149
49863
65214
71231
60872
52358
66051
75624
62687
58888
69282
50838
55220
52971
76120
56034
49421
75435
54326
64610
52663
75697
60829
75597
66333
70540
64358
76384
70681
78974
79457
54400
59401
71738
59905
75168
71718
59372
64597
67301
55057
65914
78394
52744
63151
79369
66512
69629
65591
53700
70954
67282
70281
53464
75594
69337
64194
58819
70988
65289
80653
79055
78305
57506
62396
59609
71935
51728
58007
66903
51671
57618
60531
72090
72968
51227
58631
80208
60178
64249
67836
56908
63245
57012
56899
71562
61851
67769
61099
76141
75803
65847
69811
66380
78879
66762
78492
77357
48928
67927
56259
71888
77425
68151
55342
58608
52082
57239
49765
72133
48134
75038
57219
57293
57159
62417
65932
76236
57976
62260
58369
61202
74298
66994
79538
56060
76803
70719
51924
71101
62413
48444
71251
68190
70155
60059
65898
52740
73185
70467
78448
68722
63380
76726
52213
73166
71488
68081
53517
76200
78793
49300
74732
64312
54803
79170
53939
60135
76918
63051
75402
65810
78444
70536
76015
79370
65677
65159
70477
62303
55486
79336
56529
80478
49829
49159
55929
70616
52320
80092
75118
77093
50038
63263
80787
50793
64013
68783
69214
54806
60510
75316
62439
66994
55911
69123
77374
60379
76255
54851
64770
75656
74863
61006
60719
49297
58911
75610
56120
61810
69647
60505
56150
48716
70503
78110
64543
64812
75920
56512
71514
78736
50853
78659
75026
60711
77604
66165
50409
61401
57834
71191
61871
61703
68958
79677
70451
77844
52972
80632
57945
72228
55221
58417
54125
56099
51588
72920
64183
65546
57348
51775
73552
69213
80433
49344
61492
79096
55309
72358
69527
64012
73876
63051
59517
68197
66545
57213
66181
69102
69106
59430
51205
75126
64698
78892
62044
62900
77750
64663
69764
58249
66258
52722
56295
58758
59884
67059
53108
69294
57480
54366
79089
79485
65990
49958
72851
57897
56466
68053
62156
54055
55323
77871
75876
57073
48262
50194
73931
62471
78819
75425
55982
61491
55136
79010
67272
76818
72892
52771
65787
57296
79871
65892
57247
50483
50537
56561
68890
72411
53160
77071
73648
60616
67150
75865
58269
50716
80001
53163
52065
77858
59380
66879
80476
74384
67607
73494
56730
51465
48523
63642
67312
49638
78297
51073
48712
80438
53091
79860
64825
68355
63899
70641
51419
80856
71026
63982
73177
69247
62996
59071
58055
63503
66002
71353
54454
76583
74591
66072
74246
71540
56128
63646
75644
66169
66942
73853
66452
73103
75678
56439
62489
48426
56018
56644
78322
71007
75377
57908
48959
73635
56997
60693
56229
69078
56164
60759
70373
61056
72609
75374
72116
58970
75971
54648
60615
74512
52822
55840
58925
60229
64000
59074
48353
61399
55223
64464
74400
49765
65074
78452
62456
70927
49053
72310
77474
75645
62097
77665
74257
66851
51011
76001
69195
63683
64764
76400
75000
55603
68553
71217
73912
70496
71283
67356
59066
71059
80049
79452
59019
65523
66973
53237
76843
48716
51813
64170
55398
61198
59715
71454
62305
80793
57519
64057
52596
66999
53971
75469
57911
69226
74047
51834
61920
63977
61662
65999
50380
54501
76328
75697
52571
65296
51610
78849
72705
73440
70755
60793
55706
66192
66913
62167
80894
70249
67147
57150
75990
79935
51504
69081
64174
57406
54816
49345
72779
63207
74025
77601
60990
67669
81029
48792
76473
58565
64273
60382
80802
61013
71425
75435
79590
62476
78034
74964
62736
48667
80513
61623
63002
77666
74491
79578
67714
73782
54740
71375
59041
54882
58171
64347
48697
48747
58414
48599
54861
51737
61162
71893
50997
71730
77734
77319
63729
51593
63872
74589
56254
75575
58296
72558
69351
65065
50972
68889
59870
54235
77763
48748
72587
55394
71422
59076
54244
80304
63884
80950
76734
80916
73229
61486
48866
80896
73657
57174
76900
64783
69970
63674
61744
59974
52311
73769
53478
76699
49275
69598
49384
79027
55126
64864
68017
78064
49241
66982
70248
61611
80135
74879
68276
80830
75106
80689
59091
77126
68772
60000
57830
64679
52784
49970
64143
55248
74440
70577
73150
78528
48640
53873
62408
77896
74739
60786
66490
67603
67380
65607
73964
69093
49928
79224
55001
48672
50642
55078
50989
62348
65486
53997
77344
76375
76290
79119
65795
62555
63858
57038
56088
66208
70292
64537
76967
59426
53507
64619
57422
63956
79735
70385
60057
61412
72693
66027
63443
76865
58435
79188
76827
51803
59039
61637
76218
56362
49840
70807
53683
63601
50877
48712
62108
65092
79133
51231
55725
78280
65007
60435
64023
71226
49419
69098
73366
76082
76856
61598
55626
58153
67999
56068
75203
74041
70271
61359
61787
56357
55843
80915
64968
53401
58641
49894
53745
64691
49285
67020
77057
71361
77341
53810
77754
57677
79830
54650
77837
65623
49207
80985
60135
78817
58060
57726
67661
72625
80086
53109
75179
59474
54849
72138
55913
73052
70358
53617
60096
51445
62386
71781
72908
54424
51447
71824
58338
54037
54209
57835
54819
61401
67676
62438
73809
58224
49332
62986
60386
69960
62220
58333
60243
78520
49395
77830
65727
78656
62068
74417
78512
74259
78222
63285
58165
56530
72164
64756
64821
55195
61620
49027
68610
75330
71949
64012
61745
76510
71741
55792
76970
69000
48777
54448
60155
57695
51234
70925
52722
72400
68180
50030
74602
80660
65791
77187
65125
54521
53323
69928
58971
52966
69272
69260
69842
67097
60084
66962
55599
79668
66129
57975
60108
53240
64694
73142
53578
69200
81332
62248
58153
69777
50396
70768
80533
80640
68847
55958
77955
71317
65430
80626
69117
68862
53587
66380
59322
75239
55736
74049
55282
76153
80855
63720
68208
52256
62201
69302
52969
51090
71571
67743
75148
66829
61557
51838
63962
81119
74821
78263
65464
77612
73516
78875
59075
55788
65743
58892
55267
53299
75393
76769
61731
71349
75190
72332
78784
76169
51899
52089
71807
69421
61349
75706
81476
72907
49032
61026
59105
53178
80361
64046
79404
57416
68213
68203
59220
61879
67827
70419
60533
66437
62839
55354
76905
67569
50392
55464
53986
50106
69989
52168
59061
56106
66516
79553
72313
77907
51323
56546
68433
63129
58563
69443
57862
73584
65753
73641
68185
66663
63910
64171
62615
62054
52994
77075
71021
64051
49700
55431
71678
76347
79965
56169
63027
71056
79367
77819
60242
52270
67000
50887
62675
75906
57275
57406
54639
71213
75200
76191
52857
79365
67282
74010
66417
66396
73610
66870
80855
56966
60034
54128
63293
73877
70925
72228
67488
72807
68645
74161
75256
78051
54693
78041
79118
53375
68025
61542
75406
74245
65682
78355
79453
73368
67678
73385
61484
53490
79735
69481
78670
72175
77530
71338
75974
73295
57564
64451
57253
49591
77848
77355
66451
54010
64172
62431
57771
52631
58789
55044
77708
54403
64695
71374
51372
51752
64050
73632
54768
76205
52017
52853
70522
66936
74772
66430
75971
52977
80177
51212
50921
52105
61383
68529
65866
56060
72499
81058
70737
62162
72295
48992
69264
62252
59799
67992
69647
80061
64565
58439
70628
69655
62240
71969
63492
60968
66329
69428
79705
70148
73590
72393
68117
62437
81178
66699
57413
75119
49572
68587
60073
67385
62183
59586
75203
63370
64155
69688
72494
56928
53841
49382
52529
80567
76717
72247
65684
70919
75983
49940
55474
64271
63762
58304
63952
59601
77305
63232
75181
49886
56422
79488
67162
50643
56845
75378
72524
69412
50985
66680
64688
74520
58477
73156
59646
70677
54590
53373
53457
77598
71199
80997
54518
53658
69485
59066
60099
52311
64588
54618
72362
63438
81377
58666
68878
56745
61122
57271
55636
72578
51882
70686
52030
58094
81522
63274
70260
80570
78908
69309
69732
58740
61426
76913
79948
69933
69615
80766
79253
78974
67067
75231
52323
81097
72829
70832
75882
61889
56300
69595
69123
78381
58503
49395
74111
60905
69702
56672
80059
65837
61712
64445
60148
54545
65326
55422
53981
59729
68608
52694
79599
76622
52462
66264
68609
81494
70306
71132
67096
71973
65652
50724
76672
72876
55334
57535
73244
67601
77266
62638
69370
60918
71712
70214
69674
69374
78012
72149
80081
81293
63752
56712
53113
77520
63246
72332
61099
56574
73400
68980
55232
57053
56131
75227
59380
55431
52465
73034
58300
59758
69374
62812
68698
80798
72150
74015
78766
71746
71045
56766
49743
75114
77935
65117
58330
78091
52801
77637
52618
77127
74535
62529
54025
49647
69440
58951
81286
71495
52815
62555
71944
81417
53171
76721
60418
55468
51865
51986
68903
59877
57968
75136
68479
60527
61341
71709
56507
71688
49264
71497
50630
63420
58967
71435
78236
79205
58194
53938
59999
81523
52135
79804
59560
75241
77783
63478
77083
59304
58064
67301
55358
61680
61540
67173
62603
70180
55290
59024
75459
81357
57220
81121
80006
80098
70321
71321
78113
73799
49763
51810
61607
59283
71779
68915
65859
79126
70484
52851
70348
81691
65253
73569
54426
69226
80971
76211
74136
51729
61167
63869
78491
61540
57699
73301
51954
74051
79515
59317
70463
56731
80730
49313
71301
57391
60394
61065
71041
62361
66064
79728
74814
59787
73535
78670
50660
71515
59148
52403
64208
64447
73186
79022
62698
61909
73719
52717
58931
71014
50302
54053
73118
81003
65823
81077
58913
76240
57764
76166
56331
56697
75765
53045
76952
75139
75846
79220
62403
54476
79247
49325
76891
49845
78396
53225
58969
63526
71974
61937
79729
77267
70339
62898
72167
65470
60057
55782
77220
63997
63737
57329
69513
58046
54505
50697
80643
58760
57954
60570
76256
66500
69820
60137
75361
61051
56678
55031
66448
77153
61146
50344
77779
79635
56272
81956
54722
56989
62130
51070
65334
80447
70993
67476
61090
59249
64726
57398
74407
53284
63995
62346
79842
54603
66939
50350
72969
66202
79046
76192
52534
77709
59130
70747
66690
78253
81423
63299
74454
66575
79953
51395
78078
67613
65044
59957
80895
50072
79779
62978
64171
81886
65401
80138
61810
61033
50356
56134
67707
79513
78278
64427
51188
69811
60270
50002
77478
53801
80871
78807
54988
69404
65119
79103
56613
79135
57002
75165
81480
49982
49464
62390
73272
49983
59204
65507
77368
59431
74575
53239
74976
62976
78285
54498
64625
55002
68126
51157
60262
65808
80831
58023
52043
70348
76738
63352
57810
50893
50811
76692
81956
75368
63869
55705
76917
72909
68037
57053
51675
53132
72244
55306
62048
57432
63043
69899
63318
64522
62706
76844
80874
56041
67585
50300
56828
71208
52067
69494
57646
63152
76016
49633
69691
74016
58458
80885
67723
49938
74594
82111
74756
75169
50763
81095
79138
51496
74895
57327
51530
61003
66002
69278
58715
77884
53012
60958
61575
70711
68650
69699
49505
78415
56687
66126
65846
56173
76215
49936
55713
57494
54404
58451
73818
57196
59517
56181
62799
79864
50715
50518
67318
69542
76454
74101
61665
66961
74592
51285
59539
64513
82176
74022
76946
72498
73569
55969
59837
61784
71036
76596
68320
54239
74132
56415
75398
58871
58800
75102
65294
59472
51278
71944
51457
79394
68950
76535
76707
70513
64333
69609
77768
77967
57547
64870
69865
67298
69167
68771
74871
62183
71569
50343
52079
77687
62200
69548
74287
71242
50893
73672
57992
51641
64656
67276
76820
76744
60362
66925
75466
50787
78147
54689
78799
67816
67188
62540
73871
65254
77119
77340
69645
58405
50142
62385
69239
80358
70938
80130
66302
82283
80061
58364
62437
65466
71753
69228
53463
77471
76778
73502
79741
81648
66474
65094
58960
53268
61668
59680
53676
82118
58363
75988
69414
81175
53835
77980
68384
60850
79968
59176
81051
76900
68710
73538
52044
57820
79073
66478
56305
61615
55199
64084
63205
53663
70890
49825
81138
50460
66306
54058
56935
81419
64970
80530
67691
59847
73409
67502
81041
63845
61748
64744
50861
69693
79538
70369
50405
64421
53185
69211
62987
71680
72911
77141
49706
67320
60267
77687
78174
72455
50101
81329
50409
72764
76307
62752
59012
51772
76070
71985
57843
81799
79869
78088
72924
72188
53384
70691
65753
68768
51791
76346
52172
81563
52579
57962
80499
72579
61845
75155
82236
63709
56807
51199
51034
79073
64576
81476
71704
78462
71012
72043
65133
54942
59682
69201
81617
60075
71376
68686
58192
67666
59892
75541
69085
62087
57156
55259
50408
65481
62929
55740
60979
63911
73855
75098
60385
71043
60344
53191
69584
60054
76641
53413
55592
67892
50445
62347
77876
71505
60017
63659
70769
71237
55321
75954
61669
79308
60505
57328
68274
55377
76421
54457
81387
76908
65124
72971
64678
65449
54243
79728
50259
77451
55047
72486
64844
54736
61477
70526
63661
76023
53333
60034
65637
70144
74276
75482
77197
65139
78473
57585
63737
64931
75291
62291
80397
70708
69248
68186
67538
59611
62505
55049
77897
77413
75836
59704
80384
61179
62162
62705
74722
72868
61795
67355
55123
68363
80254
60757
65661
79491
70590
54565
82148
64584
58105
58962
61505
75783
68538
56462
57229
64161
61426
58456
53852
69165
53994
81697
74348
80700
80252
62126
82302
58208
72323
67517
68964
50415
62352
72683
76380
80900
71135
51925
55196
70855
81801
78462
61998
53998
54522
71409
72190
70276
52902
59687
77106
58857
77560
79146
69049
54555
70795
80763
58663
57907
81053
80305
56000
79667
68033
75364
61394
57598
58067
58441
63049
80808
65073
77982
54653
62448
60712
53449
69966
82443
64429
49980
51059
82340
79950
63387
71439
68384
79976
53793
75397
61990
60569
65088
80782
68959
72056
54407
72073
60282
51332
55241
72210
72052
50523
68988
78805
56854
64301
79199
58276
52927
50799
74848
76744
74083
69332
50876
73109
57300
81273
68968
74050
57408
58207
51888
61431
75515
74783
82462
62502
71039
80089
61341
66591
68274
73582
51678
76511
55399
51695
66555
62249
78374
57941
70234
59609
63792
63090
63189
50292
68030
73767
71703
62723
60810
64984
75849
64546
71568
69405
57071
53332
68886
51642
68108
80281
73706
64210
80525
56387
73195
51287
69604
58885
72138
59077
59124
69965
78098
55056
61485
62163
62310
82138
61688
50546
53002
81130
78933
75832
75430
74714
61122
66233
62534
79119
72032
66472
73124
76271
67665
60840
56746
67917
82020
75359
59187
53032
53236
80844
75026
81046
77581
54235
80725
58363
60113
80439
77259
50558
73754
65632
53187
69566
67937
58365
57623
55488
74719
61299
64617
58157
77809
67766
80557
50106
69825
57952
77799
64231
53027
66304
75062
55020
50109
54964
78866
78320
76907
65274
75474
57469
78050
54467
82545
58417
72339
53449
56721
79542
50130
52771
59584
82164
66103
56086
52219
53892
69700
68655
81264
77160
80457
66958
62856
63994
53893
77445
58405
79651
77966
82786
52009
64205
81907
80264
57911
71323
57887
76229
59325
62679
75648
79071
82738
82348
74729
71280
72860
78997
57909
55796
68950
69141
80686
58913
52752
73129
70573
53879
67095
58363
50690
80663
73687
75096
80533
67288
50846
65636
62414
54168
61858
56588
69939
64720
73798
51133
69072
61547
76697
68819
81372
50649
53535
75861
53145
52063
56021
56799
54140
64945
67695
68831
69518
73154
73188
70916
74258
55515
80684
57076
79720
79595
57672
56638
55089
82718
51332
72079
68788
74416
60409
74280
61057
69124
61013
60303
51539
57328
80863
64133
62011
77659
69045
59961
66555
75531
78424
74427
68528
69560
81771
54195
59573
82021
69816
67411
58307
59632
79988
57738
82269
60135
50372
57211
54123
79005
65152
76589
52773
53885
66870
55172
58418
76447
60530
71792
60945
71321
81468
52068
73913
53144
67299
58378
71548
57519
52729
69941
79153
70510
73887
77335
73874
68279
69891
54196
57315
65485
53030
73366
55253
54702
81635
64706
78249
63139
77613
71660
60568
77845
71320
77799
73331
65698
63770
63839
75655
68720
56083
54474
56771
76737
58764
61852
62237
51144
73660
78266
72497
63932
57809
57650
78891
73770
58605
71209
63208
56975
70766
52501
62040
80678
66674
70956
54823
52991
78234
57627
53404
80977
60943
53244
66497
57105
73667
66178
54724
60355
78842
53367
73885
61585
60424
62057
66801
60570
59228
62368
58422
61836
69309
65619
50713
66421
50388
58395
77084
76502
65515
52391
73348
60666
78068
74930
57714
73349
72653
72498
80208
83024
66754
76498
73582
63092
55124
79267
81901
63909
76344
67854
81373
66242
83107
56846
66210
55465
67781
76188
72860
51280
59283
53610
61703
73490
82378
71891
50463
73542
55857
55826
57992
74518
81182
57267
56046
57743
82235
62024
77545
68084
66954
61021
56355
76120
69799
63150
71356
69227
62798
71319
78317
73621
73756
59595
64492
55105
78490
71241
69904
55932
69495
82316
59958
56766
64533
78338
76387
52231
64328
54208
61355
58414
50522
57204
76625
82038
65874
81563
50479
64611
74613
65524
69208
60620
70926
61492
50941
73264
67947
76539
80781
68942
74792
79879
81184
52719
54448
67752
63766
70663
68352
59763
62459
54012
76206
80955
76718
59206
55594
69181
74947
65080
73797
56987
59173
77853
58863
76044
77312
65671
81989
67793
52958
80100
79051
67563
72720
53586
52725
61067
50767
56245
76269
75466
65955
75014
59024
67738
61828
65774
69305
74236
73791
62355
60611
53108
66972
77234
58953
80058
57534
69358
83248
66995
59722
74343
70120
57247
72652
51599
58094
70292
75094
67897
50582
58155
78442
77043
74759
60537
75033
78998
52359
72257
63085
81947
65017
70503
50949
60848
73123
75944
58111
56843
64053
72585
81179
54015
81927
53645
75036
72781
66211
51115
81266
50876
65411
55807
62487
82284
65052
78784
66231
60775
61723
64370
80403
52089
81134
69469
72871
80962
51078
58941
68746
67209
79195
59451
69783
71635
63409
54300
62666
78644
69658
66745
51692
66150
77117
76463
67699
81176
66773
52823
55972
55944
69373
77305
53754
65876
67242
52284
68555
76174
54137
82657
67881
75022
82091
77233
81415
66060
75117
82356
72604
64494
57949
58532
72205
61022
55371
55457
66886
65184
80956
53286
69928
61218
60597
65084
63722
53589
76854
63214
77241
68028
58628
62460
55458
55875
55851
53716
78770
59089
59844
55485
65116
59424
83060
75350
69914
65741
81461
52031
54359
59563
72793
61718
73357
57949
66764
72869
81323
77604
62105
57433
77753
62709
54191
70390
52926
51919
78822
56970
62434
57163
71997
80800
54736
60789
62821
76981
75358
62426
53380
52720
78704
57826
69939
68877
69401
77664
67016
73115
66308
70248
70363
64871
54035
51041
76547
73016
70469
73562
62433
65980
70877
51362
80992
61635
77505
66962
75834
65195
58656
83374
79039
69659
78935
54509
64210
74741
66326
70996
53812
63877
65470
63177
80389
59135
60686
74023
76423
62504
74239
66702
78886
68947
82156
82941
69557
57999
59894
77346
66555
50975
60583
79984
83054
75050
81110
77939
77118
55732
77514
71520
65685
68813
81570
56305
67870
55816
59123
58991
83396
56623
51892
76560
66236
63285
79447
79492
66501
57196
80953
59595
74670
54520
61500
53833
68889
66692
67250
59164
61568
63028
55934
64685
56181
71642
73333
83333
70958
79724
81419
81763
74816
65974
78123
51083
57771
55628
51046
51552
81175
72131
77392
80693
71261
72480
79655
56673
53321
67985
73654
61329
65695
58715
57977
53347
57691
81684
53762
80688
59197
66578
66459
71720
74117
61219
52525
70309
50940
61822
55905
59833
70707
75770
72964
77577
57103
77950
72880
59359
66437
62393
59817
83066
69027
79635
79621
57769
83152
68323
57360
51352
64596
59618
56558
73961
52507
71392
60034
51462
72885
74165
59791
51382
71074
66683
80157
53743
62669
53242
69663
82924
53334
58980
72274
58494
80788
73539
56424
82855
60507
59311
74598
64869
83322
78532
66379
52684
60040
52819
76018
76631
82145
61400
66361
56192
66027
69036
67427
79246
82590
55420
70843
67503
70723
59642
80762
53830
74363
62930
60139
52614
62084
75232
51917
60736
75704
53920
82937
55033
61782
52966
64581
65088
66949
67023
51623
56127
52630
67063
57502
61327
75658
52460
82381
68945
57556
59107
76521
70778
52832
79530
69334
72302
75219
63966
55565
77777
64533
56670
65601
80025
68877
79359
76866
68200
77995
78210
62241
83226
74028
70595
61845
72089
63129
54322
82589
62201
64401
77703
72295
79297
81737
65970
67697
67974
67793
64529
74990
57535
69529
68582
77163
78548
73011
66824
54450
72824
64602
58585
51695
55865
55604
82295
80657
53589
63188
80183
54899
72400
56835
63055
69564
83139
59712
72402
76804
81399
53765
76002
55608
73650
74572
80673
54463
51665
79186
74088
58717
66839
71323
79292
76888
73669
67126
64893
70106
79979
58178
60129
53399
76541
79281
53921
58543
54313
78924
59890
57814
73448
60407
57527
62642
69716
60471
60405
70532
83385
72945
54407
74251
71918
74101
56851
68774
57062
60602
72252
73400
62594
60139
64537
71760
69033
58403
81894
83722
64155
64630
64250
75312
55170
62768
59385
51749
55883
70497
82763
72452
78515
53145
52173
74372
77989
78576
80838
61727
74947
66889
52764
56947
77635
78040
74696
76008
61692
65250
73095
80019
53952
70084
64978
67930
55021
81975
59153
65625
76095
79314
68108
77957
57576
64721
71842
53903
76003
54548
53437
62476
82565
64619
78725
74194
71253
52240
81108
70053
83741
53109
77546
69395
64321
79936
83555
77724
53328
54164
60006
70166
77017
58515
77086
77136
58496
67617
77934
61942
57936
67050
82656
82868
52563
78502
51423
69022
56160
83868
83495
62928
83509
54116
72569
62545
71366
75762
52371
53566
80596
59856
57951
52772
71872
74923
81259
65197
71074
67857
60569
70783
82326
79737
56344
74337
73302
81028
61586
72351
78862
74370
58023
68784
59499
80952
61083
58903
52213
68833
76875
80519
53664
61810
74598
55114
74909
61218
61401
75236
69750
52010
68235
74227
77658
53193
68171
58969
53942
57996
61703
71069
55813
53196
55614
74127
60392
61304
71607
79403
83321
67349
75124
52160
70620
68866
58850
74834
68632
78081
73042
79932
79141
52723
76716
54809
71751
76003
57186
63973
52122
74054
62628
73568
68333
79489
70867
70579
53971
67244
59959
68182
78328
76438
72692
63793
83122
70409
83514
65538
69336
52047
82621
57086
75735
83188
54629
82107
60674
69838
69958
56141
77354
76091
68050
76976
67695
78250
74829
54886
58197
53085
73090
56416
82971
65389
71605
52002
60232
69134
83160
67875
61574
70420
65794
55154
53427
71606
61724
83359
74294
51602
63966
72921
58255
57074
74490
67156
71730
69710
80534
61678
75670
51986
52480
64017
78473
65952
83101
56795
53958
81049
83491
78460
63689
53593
72968
62176
56290
57792
52283
72847
77961
67896
71441
58577
71921
56051
71298
51477
66528
71029
77461
65171
60861
77651
63513
66865
79851
74042
62102
57763
68181
69938
70275
82647
62282
82724
65465
71312
80268
62106
71720
53585
70819
63943
68297
60796
81783
59847
73427
58811
71966
63528
64306
77471
83955
58792
66101
62343
70376
82496
71047
72388
58653
78434
54880
54522
77745
72064
79356
80841
73176
52685
59981
82861
53037
80199
72429
66851
68682
68597
55894
73998
76182
58221
81749
83032
68703
68506
78524
69340
67113
81084
83288
57732
64069
64176
74274
55214
65957
63858
61625
61397
65774
76512
80912
75629
58575
55745
78180
69134
63634
62981
52082
70613
68336
63054
81382
71432
54570
62128
79126
62712
55381
56501
81392
74284
74997
63653
59953
69051
82126
64516
66777
54266
73463
62811
60123
66647
56880
57660
56344
65157
82293
69760
55438
76506
71380
82899
56781
70133
65659
73843
71851
71587
54293
57908
57145
56580
66647
61128
67318
69097
84181
77373
60226
73089
63515
52423
79893
79413
83961
51648
52464
57552
59422
63469
52244
75491
76520
54019
76275
78952
77947
52841
53476
81061
83985
65856
77082
75347
64401
54177
79063
82688
63842
69925
82141
71090
53377
66731
84262
60621
78545
65877
55764
54070
78259
64724
54379
72889
75991
73446
53566
70056
52050
59932
79143
64965
67312
57825
53115
75362
78283
53688
70717
60359
79388
72133
83602
72148
77906
74895
75637
76776
78689
59908
64684
67585
75613
74686
66555
62756
63047
71300
75415
53503
64295
70932
65757
84173
59226
73759
70212
72058
70190
83862
76177
72455
59052
78116
57674
72497
58293
59388
82028
52045
57937
55764
54112
83319
71235
75057
53548
60651
64737
72934
73959
77235
77346
74967
54127
57219
82937
52227
58718
53217
52193
83906
56633
79752
63161
78922
72171
73487
64211
81528
58738
63174
56392
72398
73689
58849
69518
60856
71270
70872
76364
67859
56084
63245
71276
74479
77891
55216
64370
59796
56495
77279
53773
71876
64415
64530
54764
62528
73055
81591
51667
52110
52207
77337
82414
60152
83965
55174
59493
73176
70161
53681
61488
75283
70664
69717
76333
52452
65219
72475
61552
61659
77856
76734
56282
79141
79145
63341
63469
79373
81036
75633
59614
59075
68940
83215
79852
64604
54709
72880
80369
68123
59029
56383
82999
78575
77481
61651
74636
70716
68182
59278
67993
52702
80793
54725
58479
52076
73281
68704
54371
78521
60508
72324
78876
72609
75503
58224
59114
62722
63210
52133
57689
80648
72282
82250
73735
58030
78305
74702
65714
73345
66147
52943
78229
57511
65283
52283
76533
81441
77646
61877
59127
71501
83381
60730
52148
76207
64065
66820
64399
61168
64898
69294
65479
60711
71625
57754
65864
56408
84119
84112
66503
83258
64084
79527
55053
64830
73284
82793
78483
74700
83128
78386
77648
66768
66945
67801
70607
66677
52394
63890
75396
63536
57191
74771
64096
69889
77128
61942
59811
80630
82354
70239
78578
71152
59792
55518
60585
60329
57670
66455
82546
83702
73446
76960
78103
69706
68775
60074
78996
54140
83859
58596
72817
70346
79487
56860
64078
51997
68928
64295
57024
69007
69660
84100
55387
53802
76671
82748
59664
59378
78831
59660
58810
75302
57922
70598
62451
82628
57359
74741
72236
62027
63586
81600
71165
79044
82100
74513
60601
62467
52762
55798
59974
55083
51900
83527
66091
61296
65417
55177
83691
74273
75305
58386
60306
62437
71475
61038
66445
72005
75937
55810
62654
61546
53377
53999
53200
84008
57325
60729
66248
71740
59964
81705
72157
69330
76922
64239
66186
71499
67862
52108
66785
81468
60379
63727
59170
71354
76321
71518
61324
66773
78661
83480
79987
69986
75094
82233
68243
76542
72209
51933
78244
63567
81936
77704
65327
73613
70718
59846
61343
75585
53134
76046
75163
54349
56557
81900
77715
76077
60277
81248
52121
60028
61667
79233
73075
52410
77899
64869
68334
77644
71946
56901
78453
67780
70141
66525
77793
59491
66800
76306
74643
78044
81497
52695
77760
61531
62791
58705
57357
63942
69525
58169
77660
74563
63075
67971
73701
52730
69318
53053
72072
72476
76479
56761
66145
61988
67178
59630
83358
80989
75128
59164
81037
63908
74975
60335
77305
70255
54480
76134
55223
68366
77546
57268
79484
64561
64685
79719
65522
62635
82481
53895
66314
75893
82200
70529
58003
69878
75713
57220
56844
57985
82110
57388
72886
64288
79497
67678
77550
77456
81778
57459
80314
70540
83420
56728
65698
79439
57513
84084
82369
54356
77811
63244
71707
66912
61949
56804
55345
62914
58473
80999
72403
71129
83371
59529
59958
58072
68285
64939
83270
76998
72980
62143
60733
64969
79060
56236
78197
67235
74560
55796
77178
78973
74100
65684
77156
54244
63318
77612
76900
58641
69322
75871
74140
66925
83749
59261
69428
70228
72933
63839
67498
59673
63903
56467
73065
59467
81976
76986
61598
71223
59736
73005
53063
69806
82972
67303
72588
76297
77579
69023
60499
55145
56652
73780
72719
54340
64534
55374
80344
73501
52327
64835
69825
78738
66809
77367
80230
75164
69746
63368
59844
66067
64474
55145
63310
71792
76115
62924
81725
70103
72452
70534
59687
63829
59991
62637
79827
72038
81764
84549
56396
53946
56493
57116
65332
53304
70411
68595
62555
80964
78312
79582
52368
56125
83887
57838
80311
77642
83585
68876
63772
67927
57642
61224
79879
76634
78931
84628
75409
57307
69624
57514
76981
76467
62749
84149
62890
63252
72637
77327
83312
59081
70916
80262
52394
75455
56766
76292
61099
60613
62734
57456
77267
66192
84835
58063
78364
66050
73128
72367
73200
75436
69819
53957
75070
55441
74017
79829
72396
54316
80632
57554
59343
70581
69164
74311
74169
56737
62190
78069
78418
72808
62050
55229
83466
58250
83864
83137
62605
83412
60606
78279
55193
57567
67732
60382
66572
82395
53280
65091
72002
67466
77986
66693
55965
58767
54730
59368
67429
60649
57385
68615
58579
81339
57318
77502
77416
67150
59314
65351
57475
62296
84989
77987
69939
62847
57962
68412
84810
65561
54657
82376
73651
75062
57509
68976
57605
78560
67653
54578
81239
79265
74326
58500
76375
66630
82688
62778
55190
80099
57751
69801
72486
80663
84430
68621
68711
81809
77095
74792
82206
57555
59566
64556
57543
79158
53991
66523
66093
67119
75269
67821
67383
68816
55900
63410
60165
55186
66841
69368
79419
81233
69425
68399
69021
65944
55447
68811
69341
69151
72626
81386
61360
58770
75022
64311
70439
78740
78674
66574
67901
73220
70514
62945
76973
80767
52517
71386
54022
54054
62362
78785
82688
84385
61030
70945
58641
57188
52930
53158
57916
74800
66803
62410
75050
82909
68105
57520
61819
69720
53708
81488
66910
60648
71924
58069
63839
65205
58264
75587
53889
83594
81897
61277
64141
67546
74016
59590
70313
73985
59061
83302
54316
80077
58322
62735
62385
58685
64263
74337
80491
77704
74303
63211
84408
72033
58099
60050
81144
67450
76445
74295
73119
79175
65392
74132
56713
71172
60742
54375
84878
83705
81626
78547
79447
63229
55095
66819
78191
59193
81776
68112
77981
59694
81042
67109
60786
65018
66007
64481
84766
64214
54044
70908
76936
55012
76693
65070
61597
67112
81088
80460
67815
67027
55703
78005
56930
64968
74250
64236
63628
72537
66220
79238
72380
67921
56493
55367
84916
76088
59912
55688
64377
61906
78333
73947
80739
71401
74178
68850
81008
56908
73078
69821
67549
83480
73046
76755
75256
57398
76595
82451
75568
67365
54308
71307
82798
53242
57976
60825
66472
56741
62446
72271
76211
63861
81961
64284
84568
70879
74590
76201
52651
71803
82256
57858
84376
74831
54398
58614
60095
75088
64922
55744
57218
58406
75582
62183
63835
61744
53723
55906
63603
70088
56306
76032
79217
70344
72326
60679
73104
74828
54737
66587
79093
74426
65078
85090
70463
61696
77175
61670
69215
83997
84008
54587
67498
73699
54115
58465
69420
70907
53950
83691
53568
61481
82554
83041
66142
78545
66045
54244
81203
85179
82562
73744
67319
57107
52752
66087
60923
78004
80552
79979
63105
79782
56771
56267
84433
56292
70652
55490
56201
55139
78089
61309
63797
55121
76783
65340
63519
82586
56182
73978
62825
84401
55003
54608
56408
74637
52934
84375
75507
72690
62075
63565
68813
55025
79188
75961
70687
60850
67695
70098
80153
84081
56484
74846
73594
55751
65722
82007
66143
73515
77786
55698
54872
68280
58435
53155
53697
80433
82496
64763
53072
73538
77655
82259
81642
64776
59844
68430
71867
57044
78886
75097
67205
60460
59767
84438
79672
81427
68929
82555
69828
72075
76815
71412
78891
78679
73762
69328
67546
57605
69222
68250
80953
56108
77733
63558
65153
62707
80377
59088
85454
60626
65159
64799
75381
80541
69482
55343
63383
65214
66030
70767
71414
63169
73983
67176
75528
72471
74721
59040
74570
84499
81185
62654
67287
74809
71115
54766
82233
64952
67805
78471
60799
67893
78588
55020
65423
73674
76390
56240
56254
84559
62248
71933
68766
61400
66449
59702
68375
85374
60646
65243
85178
72547
64599
53677
68689
66288
59442
59155
65723
84577
56663
63933
62967
55684
65772
83079
64638
64445
80465
62624
74454
66382
55638
67307
60772
78293
60588
70821
65666
68118
56474
54089
78033
61179
73201
84912
60880
78809
69954
68733
80558
66037
57934
56248
76125
79687
64446
76729
68584
74366
58133
55112
53254
81988
69858
59650
80111
56770
71994
61951
60270
83047
79973
78769
65592
53989
71640
73999
69756
75645
57187
64243
61627
81789
59052
68545
69082
77831
72412
83530
73846
56339
60568
84976
76407
84919
55859
73226
62184
67751
59938
65162
62470
74744
76208
82909
61334
84265
66547
74770
73084
66147
66814
80703
75914
70144
56664
53536
60822
66891
80301
74242
78031
58502
82628
77535
81233
74802
55729
55499
74486
80778
58444
84878
67183
66641
81377
64403
79764
83917
73769
80641
66041
72980
71801
76327
60354
64646
56634
67357
54968
76955
71577
73896
79772
60383
62847
61535
55227
64570
71620
73740
54466
62325
77984
65109
53972
62714
58978
75420
70874
80091
85604
57379
61210
66582
70718
63604
83980
63000
74042
72960
72552
53119
55304
63494
78724
71204
80051
70838
68829
80473
65748
85655
71667
74095
72710
53286
85339
80252
63641
58560
83983
64090
70795
74177
55816
63475
54963
76526
53007
59836
67648
71184
53712
84864
66146
78306
75568
64351
58439
78893
78816
63766
58697
70450
65586
76417
71526
69192
77356
84318
77296
76230
71132
56915
72837
74275
64490
60723
74306
72284
71284
79485
70964
67990
54293
78373
66063
76805
72007
75671
62499
64268
59372
67322
63883
61606
75047
59313
79784
72196
61808
53288
74702
81272
83688
76493
78908
71569
53737
68700
73042
62344
79842
77664
61182
74458
82018
84215
75384
71735
70770
72405
67631
76187
67624
59019
54787
81339
74361
75273
79284
59554
55119
77154
56218
80796
75739
72144
85399
85075
73005
78328
53835
79672
53506
72559
57478
74020
63709
67964
74499
64575
75609
84256
58451
70690
79805
85587
63255
75064
71633
75409
61042
66410
58352
62613
80574
70651
67935
55653
65150
73392
58077
61070
77716
80437
66427
79281
55477
55228
74670
74046
69401
78311
58531
72320
61559
74472
56786
75994
81200
75239
75990
73296
58059
67491
57212
60744
68257
68189
81946
68498
65753
65778
60450
67239
67479
75079
62710
77102
60017
77289
76542
61893
58915
59125
58105
60157
80003
53814
75152
70822
60599
70286
64817
79438
79781
75415
54810
70404
63659
79497
74932
83554
78480
63839
83491
62154
69819
62773
85787
74991
85155
73461
81141
69783
67463
73010
81154
68256
60511
78420
65055
58433
77330
70134
82057
68499
79337
75148
71667
70992
71236
66633
70614
70618
71052
74304
82441
57215
58728
64201
81809
78843
55860
80422
84922
83774
79535
76390
69991
81264
57331
59274
72358
73267
69035
73447
74375
77608
84608
56779
80175
55220
55508
78691
60968
61956
85939
76252
62715
77134
66566
56009
63489
58714
70154
74437
68982
70466
72449
79961
66255
80758
68392
76320
62029
64770
64488
67624
54995
75284
67152
81052
70133
61880
72131
55200
71761
53991
76526
53885
79906
61632
85757
69118
77330
79893
71439
69658
64592
75305
81895
83154
79843
78008
68068
83549
81982
61240
85299
61571
70932
59743
73283
82759
81517
77541
71289
55496
64250
72843
70950
62057
75941
62044
68790
57648
72557
73523
77866
85356
54897
58749
70856
74139
56138
81216
72720
72842
66462
71517
80371
85694
71922
58898
60224
67347
73408
69314
61535
62115
66250
76025
73793
62441
75693
77483
59287
62759
64953
65980
84034
80388
73216
60101
60683
62586
72621
62742
75157
73967
65432
84983
56975
60834
74263
64820
59950
78153
55062
83160
77019
79097
73834
83512
66089
54597
55906
54835
60937
81578
71327
80569
60993
84267
71974
66442
65562
79672
76724
57408
77401
56276
80722
71568
80753
60407
62504
66509
80887
65329
85910
80045
79190
66449
84097
79440
70852
75973
76267
85374
70261
67202
76743
71985
54542
66087
53771
78163
59740
79773
82438
64200
57926
59777
66036
80047
79104
81029
54992
82661
75138
82451
78953
67019
55097
71220
62392
77642
54780
70833
82801
77076
76609
59768
67288
57388
54161
65600
71382
76200
75833
71536
72012
79030
69955
64061
58023
74205
70564
75283
71093
63365
69559
57143
62903
64442
82922
63658
73399
56109
59320
54096
71707
82299
62167
55377
62843
83634
58546
62144
63920
54802
73753
85115
61485
61968
77623
53842
77971
63905
66501
82795
65663
53940
67454
85988
83878
73216
69843
68283
84517
55297
69599
78571
56594
68413
67485
71640
84311
63436
75609
72941
86208
54295
71780
73860
67922
68320
54284
84486
66271
72323
71115
66387
60119
63867
81343
74084
74337
74791
79706
65583
64170
79822
79963
71114
68477
81634
60413
82132
55317
70273
56942
54801
79407
62785
81026
78164
76643
84781
80809
85410
79027
70411
81439
75924
76901
66785
67426
62717
82446
63927
70889
57549
80112
65693
61203
62005
57477
83184
67166
81932
64348
76250
61657
67954
67620
81688
72668
61619
73991
62208
83446
56686
58681
75202
54567
84470
73936
66030
56655
65528
75478
81462
60135
67678
70044
76918
58863
53876
56658
80369
74023
54857
69845
83165
59778
79449
59592
60195
76248
74856
80102
79456
63195
69041
63382
84271
71500
53824
75712
61866
56431
68509
70880
83246
57020
75434
71001
76127
62167
54478
83723
61036
60098
71763
64039
56981
63314
61453
81474
59114
81375
58941
83369
81237
63040
67252
70389
75738
74998
65596
74975
84254
83368
62771
70741
71206
63952
81785
55501
55650
69555
76685
75481
59114
62870
61170
72955
58887
60719
56792
78523
54261
70490
74744
73208
74727
69645
66752
74364
73804
66190
59056
65491
61777
64995
77316
61788
60583
76171
76435
62624
70278
55915
72951
84451
56306
79883
71406
58105
81469
82434
80640
78939
67533
84399
73570
72826
64031
78890
55323
54611
83212
71802
60517
74820
83787
69129
80726
80926
79928
81749
70591
66939
73427
70887
66389
82258
80396
68745
73998
80328
81470
69812
54990
62793
68601
58440
60995
73688
82948
63103
58637
73379
56482
78628
85027
66011
72725
74496
79474
84162
72801
61590
64199
76806
80978
75024
85230
57933
74176
78200
61980
70417
78098
71723
70794
60334
73217
84619
64099
68281
63903
69365
74720
79252
57751
66291
70833
68671
79030
69042
85152
77681
61610
54966
78705
68840
72970
70860
64524
83453
59287
84288
82654
58491
54722
80721
60284
86449
77678
83938
65929
82886
67318
55666
73947
70989
66162
72782
75993
80665
84534
82693
81703
85075
82076
61213
58758
86217
59140
70148
75509
84361
70680
55881
73756
75695
57173
65804
59115
75131
58823
68532
71039
79271
85011
54752
64581
64759
74171
63391
81761
68113
67998
56291
58193
81807
84926
72499
68813
74835
78918
61089
63474
69146
58316
85756
60064
55892
62675
70726
75297
76084
72340
76136
72715
85763
72958
75813
60007
61369
54779
61773
58130
63694
70645
70963
74340
60750
66969
73824
63760
79916
70362
73865
77131
63704
83769
62911
55089
65043
78148
82918
56420
58115
56157
71784
85750
66178
82365
71723
78729
79036
59833
84416
62132
68345
65091
85981
63913
64951
71091
75789
85525
82172
66760
82342
72008
78570
58089
65787
61078
71828
74673
66260
86269
72976
59819
78875
80904
83662
63066
70104
78834
55079
56189
75104
73999
84025
86416
69832
64104
56563
55190
81824
66469
63340
65558
69598
74289
76153
69476
67353
69016
78718
85793
59384
57140
58756
80645
80873
83208
71308
60124
75030
56300
75299
56783
68757
62699
80951
68325
65758
84457
80681
56010
55427
58760
71715
61134
60699
82509
69036
55600
66175
58623
56442
76445
77370
63056
69255
63732
54074
73664
61543
82764
67020
77757
79064
55096
60359
84239
63131
72522
60678
74099
68738
58069
83996
70534
58315
77559
57156
67557
54444
65751
86423
63891
75055
74028
78978
72091
77376
65791
65910
54774
55044
71601
68577
83886
55917
57919
70494
85060
68364
59333
83496
85584
67878
59201
83925
65895
73481
70298
69697
70977
79776
64225
79560
74779
74566
70102
64952
57435
73432
58542
78341
83315
86286
62483
78655
86023
78347
85357
79810
65874
69938
84320
74029
78278
77116
70549
62741
63218
70279
57278
85498
73897
78769
61396
55417
69985
61542
85923
78020
62937
65142
59785
78928
73727
59691
55419
72653
67856
72409
72520
61787
81665
74934
68898
79611
82206
80108
83802
86339
69617
68333
86123
68183
62565
68103
80954
82196
82475
76344
74140
71822
72029
77635
67865
80829
60257
77315
80112
67955
83729
79872
66138
81041
77848
58688
62483
58491
66975
77920
71191
82377
80938
55523
70313
56128
61116
81865
61594
57088
68418
62051
82632
74750
73262
55143
61669
57269
65891
78400
64890
58393
62033
61607
60715
63949
86881
63095
78652
76437
72851
56253
83796
69646
81765
86287
84097
64157
66040
73248
86397
66725
71022
61073
57904
58877
60310
57609
66165
72609
69579
68743
66081
79783
67353
61431
64066
60789
64418
65540
62372
77362
79680
83758
54938
59770
78188
85020
67578
83542
78943
78387
55146
59499
56694
84071
74458
71025
64731
64081
86866
85735
71778
55170
71406
78853
71089
75032
64551
81907
85924
77199
86611
79928
72432
82649
62319
57205
65030
75440
56093
82003
73786
85291
77545
74938
78884
77199
72656
68932
57670
71016
77059
81137
61680
78297
65512
77084
82529
82737
63842
64941
84527
77502
57426
79249
73961
58086
65886
59239
58618
82291
81905
69244
62416
66607
80002
79866
81470
85937
55322
85084
80927
59510
68880
68901
82749
81460
62743
72402
83313
82282
76924
71437
80395
79676
74408
79651
79475
65406
71660
55992
64017
65807
75902
64186
61803
77928
67774
66707
62605
58484
54974
62883
83118
60835
75010
84717
68880
74554
74372
71952
60200
56045
66555
57466
82431
65199
70237
61912
56536
79049
66211
63184
75027
85545
64204
62195
61265
61181
59428
86253
74713
75137
68294
86015
83515
58133
55904
58800
73779
68499
75830
59327
70607
69343
74346
70235
55508
82112
72826
81558
76127
58094
82186
56600
74184
71020
69860
67856
55243
74007
86845
83825
60650
86144
56122
83546
73741
84727
83634
78037
74348
75240
72246
60101
78766
73835
56910
84250
84306
81174
74246
72263
83279
77333
67241
70390
65527
83837
80077
62202
76065
60382
64143
63109
83079
75544
74528
59291
83309
60271
79745
58310
68996
74977
65674
76300
86797
71350
82481
66846
78401
79706
63497
75218
60913
65128
80649
66003
74602
55559
78991
68247
62875
79993
82596
86162
62330
61169
78210
59050
81315
85669
77396
72170
77634
81701
55100
86394
69172
81131
68762
76495
67177
63283
59276
75295
62605
65549
63921
63256
82919
82608
80435
85457
58241
78865
82948
76801
71305
61876
84327
72303
74743
82626
57523
86697
76144
77661
69203
78073
71018
74288
77842
66197
68754
84042
77206
66582
81514
74540
70185
74795
60727
65824
62400
56975
77082
85965
84789
82744
73341
64777
74200
64978
75696
55790
79910
61803
61908
78896
68056
81008
77049
72109
86816
80088
57219
64070
64303
85151
83154
72686
67578
73334
65314
70912
65342
66233
73903
82134
55489
79009
86045
58007
58844
77755
68632
59984
86582
81304
86584
69703
74194
68550
77095
80524
86092
56832
60933
57552
62815
77986
70923
57978
70315
57184
77167
66296
61109
74806
73864
65619
74032
66210
82995
63495
78971
62226
75893
69137
65642
58008
59490
68169
74313
56037
66109
57330
79390
58997
64224
86928
79151
66823
86110
78585
73156
83024
65512
86959
84014
86256
74477
84845
68872
70565
59269
71424
73917
77503
59408
74584
84043
61396
75290
60639
84806
68020
76931
76042
83743
76447
72924
77357
83878
82614
76819
69011
84174
69296
86611
70606
66992
80590
78374
74572
80083
78353
64221
73003
78251
60842
84529
85070
58207
55474
86314
67249
86224
72731
81984
63737
63958
59111
81601
86096
77260
67223
61810
79471
59216
58343
87161
87036
70980
79800
60538
85271
62744
68686
70401
60464
57932
57019
57888
61211
81712
62619
66393
76390
56047
80386
58813
63210
63691
80819
73558
73120
56490
70035
64963
79286
65746
85341
68130
76002
55537
82326
66611
86519
83552
79044
71865
59830
74152
87259
55076
79334
64838
65272
76398
77479
66987
77649
55619
69123
74375
77164
86372
64966
81223
84112
82509
55183
86236
79994
84758
76584
75455
63056
81815
65299
58674
74203
84175
65381
86728
83696
58503
69336
62247
71471
67634
60955
57613
60401
60184
60780
67985
74875
80819
56425
76972
78968
83033
76835
83703
63142
82716
63349
84150
71631
63727
58772
81430
77307
78858
72422
85171
85988
55695
76824
76381
82090
78445
83819
61724
66504
65412
67662
62577
60743
71947
76082
64479
66097
73007
67482
67242
81225
61949
77425
64735
68601
73346
55969
61844
71564
81713
77281
55921
77469
72069
66510
57456
58063
70375
73022
77280
77503
69329
71121
56752
79927
63540
55241
61418
66213
64023
66075
59262
75211
76673
62661
62785
56503
78490
63331
87093
65782
74509
77309
80651
83461
72624
86052
67302
84232
59239
54845
66402
84158
75078
69916
62421
72117
80885
57301
82389
76474
72793
63438
62714
77204
71536
62233
55268
79858
84861
71937
61056
61601
60518
70883
74120
72962
60250
69440
82761
74428
82358
56591
86441
86446
58154
80216
72040
68136
72472
81150
73382
70490
55612
67805
61094
79372
78226
87572
81617
61328
70516
57508
64766
86261
64515
57403
79088
56958
75721
66378
61216
66386
67485
73821
60605
60789
64710
70060
58610
58871
73827
61165
75623
63852
72202
72045
83978
66716
84399
85599
79887
63867
84167
78708
61493
61531
67246
70060
69708
55648
66630
78443
71668
57908
62178
70351
72871
58365
80482
57665
73978
60812
76447
63818
61727
81367
56329
86440
75951
82602
66446
69794
83366
61337
81342
80536
60592
65849
70957
77534
82595
65680
83993
59083
65356
72393
69965
76556
73070
74028
63557
78654
85000
83278
60563
58301
66775
58757
77954
73142
60444
64927
55032
87428
56735
69588
55457
58169
84724
72184
66633
82298
85757
60150
85642
77457
72368
60537
83112
58301
73498
79084
75449
54988
71844
62885
60681
80364
57238
72029
81084
77247
74201
75492
69557
55725
59905
80914
70583
56958
71563
79105
66762
55080
76898
86905
67297
56293
70568
64172
82617
80777
83380
86820
84484
57107
60759
60153
67271
68482
62052
75335
80385
62954
68975
70623
85389
56774
84180
64061
64841
74128
70396
78011
72568
65935
83419
71940
62565
66801
83901
85194
70986
79129
76099
86972
64111
74554
58536
62898
59542
60453
74313
64811
62871
77407
75365
65018
66632
75383
85025
62524
79775
58774
78287
85901
74011
87640
64111
81532
77407
66522
84086
85564
72225
55061
87503
78492
58434
81514
85280
84536
70974
62333
84046
78577
86215
86855
71747
66204
64429
64615
80367
63479
63745
75705
72844
79841
82554
61226
72999
60106
57367
63179
56156
85608
66310
76836
84833
69547
83909
69578
76102
65780
58247
81204
78202
65666
82137
74954
82578
74540
85893
76863
85062
63318
68535
76065
77756
62494
65630
59822
62730
59606
84181
81898
63990
65719
87491
82670
65023
77523
63808
80515
77730
71244
65081
59631
73430
82628
85781
75535
80089
83220
61336
67238
78126
67649
85512
61173
64487
62124
77711
59276
81184
75656
80865
66911
86476
64657
60446
77340
87476
63483
57594
75196
84668
60073
58395
72281
83304
64160
71875
74303
82592
78267
73646
57413
68272
58528
78398
82526
83347
67058
63701
69227
74865
80329
73858
78163
83046
81247
62433
66646
77445
63244
64316
64670
71965
82548
59382
63767
85562
85247
85802
74369
56175
71305
63375
70084
61139
59995
81567
77955
66890
58458
55544
67571
85510
87679
61954
61934
59213
74375
61138
57411
55420
56300
55374
77393
60748
83475
77970
78036
87636
66247
79763
63486
78543
66790
58114
63434
59296
72538
68980
68237
59283
75851
73919
65997
86246
55443
81831
80215
66568
61299
78522
57484
71584
64132
72824
60924
85457
66032
80055
61750
61116
67809
76614
79581
76871
62010
74193
62207
62237
73094
85252
58787
85239
86061
62707
77217
79897
81646
76986
81335
71711
84873
59744
75736
74745
84668
65538
78535
62773
58993
85805
60901
72828
61494
71563
79688
57184
79853
83906
59404
66389
80581
81817
72430
84476
81513
85597
82198
66216
76919
61571
63797
87323
82483
69774
56528
76176
59517
85811
79836
86527
83968
71355
56970
55452
60845
64938
71012
71584
70504
81054
81817
65101
57600
80761
83861
75564
80229
63938
62933
74650
59413
87625
76282
73858
82648
64010
76316
84076
70573
59988
64608
67255
57092
67115
65229
69666
55853
62186
78171
87186
75281
80941
58957
81423
74272
76525
85185
57615
60298
71661
67974
66039
56498
81237
86573
70623
73952
84893
81507
70805
77877
83373
82814
59877
83941
59459
69205
74776
78496
73876
77653
84411
62801
87606
85201
69794
78859
68669
85914
75820
58176
73125
81360
63687
71989
71920
79863
64695
70578
65295
85069
71188
83454
59782
70747
67090
66315
56268
86219
59782
71661
82928
63353
56997
60048
61058
59341
79886
61611
61873
80199
57611
70384
86961
88155
87827
86150
61536
58752
56468
79544
57896
68228
84208
65775
61991
80418
72133
62685
86925
69078
76146
85756
77382
79344
77527
86839
81114
77800
59996
87526
65937
79601
74804
86272
87770
74448
57315
55692
57069
76015
59645
67929
71344
78765
73009
78063
69591
82937
71559
58821
71248
69919
73958
82101
83166
56033
68057
57516
85252
74186
86418
66982
63012
80319
81456
88026
71656
60119
84541
77617
70625
70765
68475
61181
70254
67187
63200
84456
67296
66824
75231
66090
81627
76365
65769
64000
65791
72309
62260
75865
65224
81436
68539
83410
73139
63194
77702
83428
56227
66071
82219
61532
86658
65057
57749
77580
73515
83323
77316
58305
77704
70777
73557
55925
80887
77065
61060
76741
61427
60628
74351
74661
67056
67974
76508
65618
55942
59241
76990
73096
80594
81465
58292
57334
61978
65588
81107
62703
55983
79728
69285
80482
63000
85361
70257
58124
86124
61691
66237
76524
78592
69157
66322
77815
59970
68783
79103
82702
74469
84117
73312
83245
74303
63716
83169
58597
56815
63693
74429
86028
79554
75512
88268
77235
56024
85787
82364
62552
70402
86474
84638
61533
65391
65169
79013
69305
67464
87104
74795
81902
65816
72582
73973
67387
86704
69569
60344
68114
70986
68117
85212
78796
63788
58043
82047
82332
61967
64668
74685
84673
61057
77599
83759
71936
73352
66111
68273
58706
69000
61664
58985
85210
70502
75107
66821
70169
57582
58488
86851
65125
76658
72243
75959
63383
80820
81251
60873
73221
58375
64799
58109
67248
74160
60577
60791
58814
60818
74072
68798
81194
65547
63288
56768
58298
68633
61269
85782
63537
79297
56496
60042
70854
83889
86864
88022
87766
60452
69013
64687
69334
60678
80842
56834
76939
81752
61945
75390
80765
56791
75779
63058
66473
79576
65519
57400
74358
78199
83587
79794
77802
69104
57873
70803
82974
75085
74644
77762
61679
85058
77308
64827
66551
56661
59333
75606
74940
77377
76494
85836
74534
62621
75369
79607
68151
56761
75694
79833
84726
56777
80918
76640
70572
64069
57925
75880
75603
70543
81190
80386
84300
61911
64829
62324
69968
71996
62521
66945
80809
76083
67273
80106
84386
84781
61617
62004
67132
62580
69405
74412
82722
65366
75061
84649
57823
57222
85745
61713
64847
62911
71215
78878
83795
83626
56835
87906
61129
71938
71758
62217
74172
81654
63890
75871
65495
69327
73476
65426
69920
85714
56035
86712
70883
71784
72457
59923
81131
63100
73152
77204
76024
82725
59606
69535
79470
67717
79604
70926
63563
59633
85803
73336
60251
86609
64208
87731
80559
65738
69002
60055
75851
70811
78761
60933
60959
81733
64185
70184
76601
84975
84055
69883
78136
67336
78660
61964
83460
84270
62136
68735
77244
76111
88057
59989
69872
72206
67115
61679
70417
63080
56426
62157
77093
82327
83478
69276
73919
73270
58734
65392
71471
82087
85089
82510
82166
57522
79776
79085
67965
61038
65528
70077
78598
69221
79327
60713
61154
73971
72525
71705
83428
88303
61389
68540
58647
75149
82643
82564
74412
62339
82000
74354
85814
67947
76676
56467
75546
66409
64531
58827
63552
78349
86364
60625
86031
57467
77830
61819
83353
83401
81371
57660
78866
75176
61402
56555
63879
58439
56967
68549
69068
70004
78982
73654
66999
77573
60264
61140
87691
79478
84677
83500
60855
74195
56715
88514
61633
64472
86421
62931
80253
80728
62848
87389
57986
60891
84154
82402
63454
62859
86491
57448
73737
56913
77625
85956
86296
69179
71094
64536
58931
87329
78301
84891
76105
73608
73518
67736
75010
86214
59829
76986
86774
67687
85474
61830
64028
87760
76436
84521
86405
75042
88439
76404
80714
87137
57744
81701
76739
88022
79894
64360
69881
85681
66436
73629
85598
57587
70892
73052
73916
58251
68494
64694
65132
67519
87721
75454
83912
72142
67985
80201
56290
70356
79362
83953
58743
66029
82100
77408
62494
69789
58415
88011
79301
75376
87521
73660
58462
61405
82286
77845
80854
85104
69191
65618
68679
59433
74622
88590
81006
66591
73177
67272
86111
78440
76837
68328
84087
67901
67020
70141
60563
69978
77738
61513
87935
62372
66333
56703
87730
76302
76635
85195
62008
79805
68873
67091
78063
76907
85001
58493
60662
63241
58259
56881
85091
84904
66695
80224
78388
73881
77313
70277
80777
67283
78894
71658
72976
57750
76127
73326
62656
82254
56668
62343
58314
58810
59131
69763
66764
76621
60401
70419
70216
59349
72423
73481
86358
64090
68561
68961
70805
70217
64123
68734
60263
61906
69476
71095
86366
77710
76496
56338
61937
80741
58905
71759
87156
76463
81734
87593
66631
69529
74462
75480
67917
57290
83967
56538
83103
77383
70314
79091
66946
81044
61537
69747
60055
75549
58100
74935
58194
78036
77208
82930
58797
61978
88121
74542
76830
61155
64785
82317
69574
88085
70778
87253
86763
64562
78592
57131
61352
76599
60859
86559
81635
70084
88284
58089
68480
85884
87173
62450
58836
85167
72670
79767
84829
70455
84581
61481
63152
77471
84869
61752
60338
87947
59499
83473
70667
61011
59413
74117
65496
67826
62891
64236
73376
71711
82195
64618
66698
59321
69056
75377
69581
65128
74698
85127
66151
73858
87876
85834
58386
64043
72138
79793
82036
79041
84569
71572
71062
64375
79715
86895
67223
78655
67363
80227
75426
59886
64047
67965
61469
82074
80972
86843
80931
87367
79749
85068
85557
61379
73087
66712
84012
62927
72455
72576
72306
60031
59885
88679
83058
64740
79125
88177
63821
59880
66251
68490
64719
79224
72023
60075
85153
65257
70097
66904
59840
62612
68919
78958
87597
76484
81853
83995
72423
88531
83556
87854
59926
83855
64206
70545
78217
57314
80209
83987
78178
82099
85322
58219
60176
81159
63412
78970
64638
72556
82937
80849
80778
70551
73479
79475
75193
85836
58535
83420
63529
62078
87818
88386
66503
61112
79013
80922
70081
75195
57408
60894
60479
73577
85833
75534
57166
87777
78445
77685
83484
58092
68714
59821
63595
64920
76574
79845
76864
77602
79588
73186
73691
73753
85025
83012
73708
87745
86810
82187
81412
58294
68105
84313
84810
82385
62831
77945
60271
60751
76459
88097
87012
63024
75980
62964
68426
70110
78756
86603
81194
61455
58653
58421
62950
87788
59601
61117
88815
84595
71124
66411
78649
82714
88788
69133
87020
79797
77925
85430
83293
65177
66966
57096
78908
84482
88776
80815
66319
82866
65216
86830
69598
68571
74234
73950
66096
73535
78912
58163
79159
59542
82044
88130
70216
65840
80587
74624
61326
58587
62674
82125
83710
72967
76885
75953
88461
75560
59397
68069
70305
72284
71322
80917
81862
86094
74786
85988
61603
71002
63897
57393
70444
74738
72377
67736
73753
61248
87571
75068
60310
65804
80735
81860
60988
61153
85009
85412
72256
76395
72237
74654
69866
78116
84315
82568
85065
57136
75326
57679
69926
59780
83970
88124
81206
82766
61492
86390
83347
62097
72919
58057
63853
71696
65716
62629
56573
77422
87537
72298
78011
83091
81637
81890
63697
79698
76075
86031
71887
77384
59125
80168
87968
57351
62115
61918
57277
57716
69781
58339
69536
66669
82749
57261
77436
68015
83320
64888
88363
76279
65310
69514
80744
80488
75735
68026
59710
61485
68657
66099
60608
67423
76016
77686
89083
86313
69798
67486
68393
60714
85891
58600
77608
78362
82285
86898
66602
68017
69203
60483
85165
82884
82111
57740
81070
74930
76459
73773
75033
78590
68758
76411
62341
67645
78551
69697
88606
76083
64816
75781
78818
76089
66726
60812
63761
72929
86928
76192
88030
73693
58351
83728
83307
61981
88061
63737
72436
61496
73993
71236
70475
60173
67713
85616
81028
74410
85841
72593
78321
59501
87915
71065
78417
76904
68519
68311
58948
64010
63950
65981
60162
75772
86769
67558
62797
81738
83456
62040
73892
56771
59544
62214
81594
71586
74267
75673
80678
72814
85254
66927
59228
74526
66175
83684
82652
57729
82990
81361
70569
70365
63566
77651
58109
86487
60420
72910
78395
84370
85999
73265
64549
66075
58112
78203
87631
84997
81804
74622
83667
69456
65183
62946
74311
65936
75156
58990
67052
67402
70114
64387
82472
83106
87865
80361
84279
74035
82894
59343
63005
82751
65267
65804
81887
83464
62954
82091
77042
77693
68347
58279
72436
59673
80580
67827
77466
81929
76753
86717
65514
77965
89196
77044
87722
65696
58038
89352
68376
60891
62199
81649
57051
62103
73779
86898
57914
58962
68350
66463
80268
64852
62096
81309
87791
60305
89116
85673
64573
77522
83038
73307
71996
82960
69492
77612
88597
85024
76526
67639
64008
58262
71208
60476
77405
78307
83160
66026
81310
62400
69603
86366
71427
66768
75893
80615
65070
76928
82256
84748
73496
78387
57956
69584
73292
64668
72352
86836
63827
82026
66569
57086
84847
66091
85513
77241
84620
61290
82441
77053
69747
86811
63042
62704
66625
76090
74447
71949
63511
71086
85255
63012
85780
82547
81163
74146
81792
59640
61851
56851
66890
68294
67118
80101
71861
73059
81729
79215
81230
77174
78063
76082
64801
81195
78786
77150
58412
57817
72649
84376
69652
58595
58858
80890
59415
60380
85882
66139
69954
60398
68619
67793
62180
60540
68997
74101
57154
89350
70265
76134
78988
66125
61105
65297
68112
81592
82444
77231
81326
80375
70025
61966
62860
76774
63137
64661
59915
85684
88282
70787
68601
80964
58777
65655
88840
80595
80439
88117
65662
81116
62552
74663
66095
71736
72824
60194
74152
80010
73415
72939
80814
86234
83511
60410
80871
86144
60883
68605
63702
73540
89170
61088
68621
58563
65004
58892
64157
57109
61548
86189
82386
68780
71047
78393
72733
77183
73580
89582
70226
57192
84892
71195
77075
88523
81916
83169
88716
68729
81448
78395
89186
75220
73995
88892
86501
82995
88237
85656
78477
87688
88139
78438
85156
61504
76461
87844
72768
70762
73908
64508
69236
80924
85555
75845
66759
72722
84223
81485
77029
60825
89674
76630
65685
81579
78380
88286
66027
68956
64899
82724
67519
78453
89597
88295
77406
57182
60531
67697
82046
78657
68985
73172
76920
76652
77875
87668
88497
62199
61290
85445
62041
87463
84190
75606
62809
88595
57054
72207
74886
83717
63511
82103
74523
71715
78250
86968
88166
75215
71553
77863
60097
66635
71394
86015
59076
89633
65348
71597
59065
85442
66914
72914
85584
64109
64655
84548
61077
64594
80457
66902
75294
84984
88080
79961
86409
82140
83833
58978
73766
58203
60542
76878
73968
71121
78360
86788
72642
88323
85264
87802
68295
77754
74001
67835
84019
58801
64515
76839
82992
81329
72596
79163
87835
84731
78103
69394
66545
63974
87954
67692
81668
68553
77842
85743
68851
68123
71746
72555
69080
62681
77628
62306
84163
77864
72863
74696
84840
62780
85474
88327
61972
84600
73192
63558
60390
83671
72404
73195
85819
74890
89630
58718
86634
59107
76519
89616
64690
71537
83593
86461
58224
89709
81779
81902
83861
64084
71220
78529
75608
88790
64725
86252
71720
58095
73836
86272
64741
71252
78062
78315
60495
79376
72517
89281
89023
69743
76194
70588
57877
67611
65045
86657
75505
71301
72539
66468
86566
85382
61431
77679
69483
72775
71556
67551
64084
88926
83529
62960
67201
58425
70414
68634
79894
79808
70446
66076
82026
63542
64750
73208
86788
80480
82957
77375
83651
61930
58524
63886
87900
64774
86032
83801
72458
70486
77974
58855
65664
72716
63142
86430
59683
77648
58587
57729
78710
83682
69122
72951
84437
57856
63857
73422
67943
73866
57754
76159
70990
72036
82143
86196
59936
61468
73896
89095
83355
60876
89779
83725
79508
74050
89260
66195
59697
84575
85502
88871
66392
70845
71656
75995
75111
58772
63443
76869
58150
82143
58339
81098
84218
68026
88524
76829
82267
74255
69607
66306
61063
77169
81029
64344
85112
64328
59267
88918
77588
89135
64030
71189
61605
59034
65801
87374
58504
61116
87229
86118
57897
79272
72721
70823
64559
70582
89354
74449
79859
74280
69620
67025
88375
75789
59569
83664
71189
85606
84562
57967
83765
89992
71908
74577
59459
71105
89484
67035
64672
81214
61655
67895
76888
77100
73547
70047
77141
89118
64578
81880
85202
70575
87800
57852
77074
67432
67042
57725
68433
86756
64577
86631
74235
74545
89592
67557
64284
69498
66970
86535
83735
58595
78024
84162
68508
59829
83642
84025
81620
89019
60699
66106
74462
77292
89882
84236
62847
84297
80574
63336
83989
87305
79993
72133
70605
84468
65793
81113
89622
87309
71003
66908
65878
85363
64824
62735
60891
82313
77701
65789
63252
89941
59710
89344
65793
80934
59011
73864
74216
81786
78317
75928
68682
79134
65058
88849
87317
84631
81319
77619
59931
64449
60662
73569
85187
78518
82641
59428
58622
73457
80597
79987
65661
67508
77394
79666
86562
73126
61274
66040
66996
69569
72216
67861
80854
59243
69731
60628
66106
61411
86931
81917
72722
77023
77972
86942
77511
74868
62009
61451
75502
65589
69074
73508
59768
84383
65024
60374
75048
83381
81864
80613
88139
78823
75239
73960
89763
62520
63077
88469
72612
88224
67181
83006
70883
75183
84060
67996
69835
67188
65560
85708
69009
63389
70051
72087
74859
60895
73200
84470
77053
80793
57845
85205
79124
63924
68609
60440
73879
63437
64336
90076
67003
63382
73181
66815
72053
79737
90231
89314
81973
69759
58647
80493
71377
76657
62321
82004
67519
69949
88009
70809
82056
72346
74760
60755
72569
66287
67343
88749
86428
74353
77387
62001
67815
70540
58761
81735
70322
83845
59660
72952
61039
85597
73181
89336
58517
87544
74851
90084
85469
74879
63795
66248
88753
70146
71721
67044
61153
83298
87480
86192
58777
79982
57982
79645
86416
83788
77084
74782
68993
85787
71236
85351
78047
73686
76564
87156
81093
83323
88482
63694
70956
60525
87000
81802
72288
58647
70786
78866
63157
68307
80549
75304
62581
70154
77586
67879
61470
65948
84028
88204
80586
88962
90183
75190
65775
80050
69985
78570
67912
89154
68693
81818
90131
66001
81245
59879
82557
60195
78648
84324
89691
61707
64637
75549
80410
72590
61231
63192
88313
66885
69265
62874
61301
69123
66364
69997
80901
73912
88430
65121
88072
69781
63909
72913
70908
86385
69485
70887
80368
69484
86646
84834
79164
59858
58857
70551
71279
87362
82428
82614
58505
59663
89029
67663
74859
72678
65355
77845
74635
78769
69603
78049
88812
60604
74426
77050
65102
72726
75694
83859
68514
86331
70754
62357
61120
80623
83345
73631
68956
86893
68258
58187
85814
71617
69501
70068
63122
85619
71838
87349
89320
74085
83303
79987
59356
69374
85179
82077
84592
63112
59336
64754
59001
82903
89892
77700
57936
65068
60956
62268
83657
81497
61513
66335
80233
86053
68964
67279
75475
66289
87898
67669
61828
60828
69283
63261
63680
76197
65744
89154
68556
84367
79204
74765
73054
69258
89317
73912
84818
74063
79411
76407
69278
86604
89624
65721
75656
75009
81183
86186
72215
76458
67498
66813
85703
61470
66623
82666
76672
66295
68643
79986
80073
86515
64042
73706
75578
60570
64461
72887
84271
58913
63613
87383
87236
89999
66359
61089
66045
64798
68185
85069
88388
84708
80308
80566
83481
87218
82658
58847
82437
62781
65497
82356
76751
73851
74689
83859
73459
77136
60931
77067
89936
57962
70563
63460
77089
84586
86735
70495
70958
70468
58552
84670
69956
64744
82336
85255
68834
72482
60212
73222
74293
61118
78109
71825
74566
72177
74706
58896
82803
78836
76208
69436
62748
65522
59980
68134
85918
68388
66568
59771
70021
63035
81892
69895
70397
60926
79767
70521
81034
71476
74207
73062
87545
61892
80149
70032
82327
63259
61444
80487
63392
63438
59643
79056
87546
64640
58145
63526
71715
77319
70153
73598
68457
67786
70534
88112
86873
89965
63425
72083
86649
61617
69512
68103
68410
70805
62697
79161
68904
83138
66048
63394
82532
66597
76301
82769
78164
59870
59593
74219
67225
86873
80891
71664
64321
65978
88902
85311
60222
75391
74309
73437
77847
74592
90330
65010
70622
65914
67010
81940
61538
58285
87917
83144
85669
63555
77581
70726
72337
77266
59886
88957
81638
77667
66821
59735
81271
60371
71371
69950
71574
76922
72524
71391
72397
65291
83578
67374
58831
63163
86216
74410
80301
67750
61940
81122
60237
67438
65060
79160
67865
66085
88373
60645
67828
68205
78928
89661
70258
75229
84414
80180
80200
61095
68349
76066
80897
75640
62739
75715
72435
83616
65314
65922
72562
81011
87869
61175
68419
63727
90490
59310
88147
62623
77128
70186
86185
82110
87299
62761
73370
58016
64454
85546
87356
65102
89473
78125
74013
70769
75083
87482
61748
87921
65017
79140
76823
89053
69871
89615
83311
75790
59190
74032
83881
59143
90319
64340
75247
82592
79431
90276
59991
76004
80012
85287
70746
65719
82687
81544
80775
70076
70602
64282
84600
74613
65140
84505
58886
71596
76979
65843
87225
66578
90497
68422
64130
69415
62065
85100
81069
70745
60228
67381
90641
86896
69559
75571
82826
77609
77728
70844
90281
81697
65849
62955
76969
80117
62908
65768
75685
62632
80944
82793
71689
69701
59010
66425
63559
63173
58583
73081
60619
85554
84769
66404
87600
69901
70896
82263
86964
87790
88972
76624
84457
69738
78400
71733
82350
80441
72952
85529
78686
84888
87311
66492
70215
58349
86114
72528
76894
64426
81577
64131
78384
72819
61703
74681
64284
58499
90079
62617
88512
88396
82666
77260
70833
85341
61318
75777
87919
89481
61777
88629
77720
84294
69879
70961
59995
76371
81224
71764
58928
85918
68238
58258
76998
81764
80925
60093
59709
74906
68651
69123
69270
76684
75234
64441
82536
70084
66996
89943
90068
60717
78831
65987
75450
61048
69009
81618
60205
74431
69469
62476
88357
63592
87854
85167
73844
68429
85900
69367
72956
64537
80253
85661
85790
87797
67741
75933
79990
85349
83313
60477
61637
83820
59897
87371
67374
69623
60548
80806
66470
73849
60616
89088
72870
85970
79666
73185
62754
59509
70267
64239
63167
59850
68476
60270
72769
63697
78659
64515
81986
82953
66406
61629
82986
89744
89239
72021
74587
87691
86905
80565
83628
68296
81843
78264
76825
66466
82242
78641
79545
86821
77843
85294
80624
82035
76241
68990
72421
82534
78332
61808
67382
68983
71739
66270
79851
80095
71923
83562
78249
81660
60440
89864
60200
89333
79427
68285
59111
71073
69637
89254
70943
88997
71548
88123
70133
75485
81955
86485
70643
63742
87278
79982
73401
71033
90263
76968
85488
61602
61490
67857
85120
72209
58376
81830
84995
75336
82594
77974
69753
88983
82468
89672
58429
75325
64477
74398
67640
71632
65051
84348
62548
62943
77892
78980
64563
72661
81186
60452
76834
78880
63359
82387
62024
68755
60658
59287
59427
68105
72440
73931
86070
65356
64070
61471
72699
60213
87134
59104
69151
90644
71521
63866
85230
75345
72740
64827
63757
78932
70277
78681
72807
83363
67584
66871
66921
69450
81021
87524
90738
81792
80236
68836
78213
65159
89876
81460
88130
63188
89128
70536
63508
75888
82844
88791
86699
68510
79030
89625
86701
83646
84328
59472
68776
64369
81629
72645
85068
61182
68690
64916
66007
70133
89127
88682
74704
76562
72502
59534
88312
76131
70243
84766
65150
90541
81524
88732
89714
80653
88612
87721
76412
69339
85618
58639
69326
81875
64831
66053
61783
85111
72216
83375
78137
90287
66897
74469
64126
76467
89427
66357
66054
63274
80438
91179
81348
88212
83859
88527
60715
89573
77971
72304
67042
72818
70220
63392
88255
69905
59470
59520
66291
72828
75640
67902
65410
73463
64273
78811
60663
63283
88084
71218
88917
59505
88778
59702
79440
76778
74398
77179
73661
78191
73774
69880
85576
86861
67998
90635
83045
65907
59697
78781
62345
75735
64026
71496
73625
87061
83855
69334
71331
89689
82464
73100
69836
72064
81735
71879
85129
85626
71488
73381
80658
67315
87322
87496
86292
60210
77071
88662
85926
79681
77073
64580
72063
68430
88997
78549
59494
72529
80116
59741
63209
66031
87583
67915
62034
80542
63188
58726
84183
67339
61727
59991
75793
82873
81794
79976
81840
61418
63815
68235
72812
60610
75029
69278
77631
79786
72130
70381
87249
74739
90472
77049
61748
87995
86715
81272
62417
69653
87193
62876
87970
61540
65507
82328
62370
90376
70540
80993
77698
82237
61167
69809
61598
61503
67174
60242
86831
61875
67096
90777
66498
78146
71442
63281
85225
76167
64154
70169
77104
61995
61375
74736
67922
63822
71477
84337
85677
60457
84320
71994
72180
70386
70319
65233
79396
74752
84523
83688
67513
86576
63056
82144
79905
72327
62491
72077
79217
70937
70756
86841
88663
85289
74606
65259
86607
91281
69309
72425
69146
67173
72999
80507
89197
60627
60718
88818
64230
65101
77197
68073
78659
83435
82961
82123
88278
84746
87722
72085
80436
68666
60098
82141
88878
74071
69325
84244
68354
84213
82466
82696
76498
91393
69385
81836
79956
76454
68373
73500
61644
67950
78260
86236
73783
69034
85252
59744
61641
82451
90344
78034
85658
87217
85084
69391
78749
66300
70917
63731
61393
69954
69900
82646
82363
86344
90925
64598
86803
64564
64779
80215
60862
91050
72647
60489
64764
81462
62160
79274
77539
70378
63741
85195
84492
67656
68569
58838
68492
72290
89406
80144
74021
64575
89893
69468
70590
75905
74172
63489
79377
91461
87993
68524
60324
81739
62702
90297
89082
82007
72478
70830
58890
91350
84240
69384
59376
70853
65505
90427
77539
74703
86686
59380
74599
72885
70675
70049
67011
89075
71389
60979
85686
81313
78791
60450
67686
90775
68179
59058
78745
86228
77718
59766
68903
62241
81737
85266
83888
80881
66334
69956
69002
61324
74832
71718
89853
88428
72574
75437
73907
61671
86713
85622
61034
78095
77276
74946
67052
75735
60699
60095
89665
65655
73183
68361
81699
68881
69074
69744
60594
70548
62517
63996
80745
90593
83322
69678
73809
60716
91407
73609
70004
65701
76152
80977
84629
81752
59040
62355
84510
64850
62065
68965
72282
78854
87970
83055
80612
71151
76496
71338
81504
66934
79313
70504
61544
62229
60741
84629
71625
59069
91245
82236
76016
79989
78657
69452
64671
80965
66236
68253
89829
91474
78715
74542
68172
74826
86662
87217
90964
66818
86126
86345
67616
85854
77464
84370
67696
77682
71384
62946
88527
76006
69953
83150
89102
88479
85052
86768
66032
85915
76504
69608
61991
63005
68961
79009
78975
89611
67636
61142
81754
91540
64721
91604
63836
66325
84274
64641
66407
79678
65884
62621
89802
60017
59187
87880
82869
80234
70802
83652
80881
62757
68507
73085
87501
88572
74060
65094
66396
82449
63059
80358
63965
87787
61988
77267
75131
67172
62536
65597
66871
81602
77816
89422
66338
79396
91626
72113
72911
82208
61547
89681
61448
64682
87470
82275
65472
85815
87140
61606
83273
66851
73356
86249
90567
68688
79501
79567
66533
70417
74370
72911
87494
69190
59861
64126
67391
60104
69903
74001
84035
60935
67566
82205
83870
68081
81337
64930
68070
75798
85968
77896
76975
77834
67207
82664
59903
85259
70708
82510
61442
79588
84615
69182
90366
66065
80410
84660
69512
80676
61513
63088
84729
86376
83780
84658
86044
70851
64610
84035
78377
84705
65721
71092
86007
73614
79851
70378
76141
62564
72002
83419
76090
86951
59136
66706
79557
68205
61424
65657
74855
77314
69441
71383
85465
69770
89748
68248
64232
59624
85588
68429
88688
78303
71750
77171
76167
66679
82017
79864
88825
61859
71647
60155
86773
73504
63124
74708
68357
76704
73343
66132
78403
73256
64927
62285
73163
91319
82439
83029
73068
75304
62517
74952
67747
60249
68512
79884
71625
91021
78224
72985
89483
83983
75314
69432
62619
74521
64492
66570
79269
65011
72942
60109
67973
80479
85770
61659
76727
72501
76229
61299
61710
81995
78510
91836
91817
72087
70638
76295
89380
71064
74017
74069
78859
69361
73316
82969
63892
81240
64943
78143
78477
77230
67174
67692
89747
66927
72490
59528
68741
70989
70133
79738
70456
65304
86630
71474
82540
62177
77401
76781
73727
83807
75963
71604
66913
61842
73373
85798
78152
73637
67206
76664
74149
64281
80398
89530
84438
87584
64936
75612
63773
84039
80576
64496
66897
65112
73734
61489
69075
82303
72713
72261
60100
63915
91655
83775
72821
77623
67843
76264
85791
85962
75033
91839
83669
80508
88847
74046
83894
87866
71212
61023
85607
81259
75853
86111
76993
77267
60469
73666
89798
91064
90661
66967
76762
65860
64172
60157
59440
72491
66497
66022
60034
75662
60431
84763
68101
87070
86160
81281
80028
67460
67677
62106
68939
70145
74437
64590
86767
86353
68508
83948
61229
84950
84437
78444
79273
67314
68692
78327
64376
72885
63741
80041
65239
87224
61969
78997
63261
83016
83386
86281
90350
80327
64484
89364
88754
63312
79439
64326
75077
65690
87778
65207
72944
65567
90179
72010
81561
67453
83108
81715
68918
77596
71392
91063
60296
88337
86470
62259
81413
72514
76212
77408
59670
70859
72809
84693
65410
78497
78612
64718
79146
75637
76464
85547
59896
72412
63124
91836
90386
86956
86342
76219
63571
90537
85905
85146
62459
68193
76247
84736
78501
64852
77736
89102
89466
70488
72082
85222
59557
73020
77115
91246
63494
66988
92078
78929
64555
84564
74227
64327
72572
69705
91106
64663
80821
87972
88376
61658
81818
70256
72939
62465
85222
74438
85691
70809
77444
66614
75530
59470
75521
74857
64749
84398
83778
77573
62083
74544
73074
86225
80774
60277
86079
79386
78367
79565
64070
84053
77311
66045
88523
61189
86443
72256
75950
88031
82455
83595
77978
68140
64631
71189
61312
84336
81490
63511
90180
68425
78808
65744
80822
66713
90229
65485
83395
70119
62886
84839
64237
65283
68620
91533
78328
61929
62143
89540
67046
64744
67812
70763
72742
72708
87426
82756
72457
74136
86417
61232
91253
87616
71764
75578
59613
86005
61929
79063
75376
83066
60447
74092
75921
88824
62855
79121
72584
82149
77518
86677
84087
67113
91721
87234
69007
66692
61906
86242
75395
87594
88787
90754
88381
73649
69792
91253
88785
78125
70922
80668
65711
82586
87857
70629
70172
85882
77977
81426
85475
87486
80000
65724
63559
64490
90479
70167
66877
90741
70928
70647
78552
74862
82495
80275
75781
84838
69987
64137
60280
80521
78591
63267
83686
87310
64644
61913
60021
91090
83818
66071
91249
65087
83582
91200
82240
64115
83326
68338
92056
75934
67299
87436
66799
89516
78846
69613
73267
69925
70470
73599
71868
70225
63729
65909
85887
71839
75201
65104
67716
78663
67617
79528
89754
89135
70512
60713
62281
78348
74141
78300
64776
73161
70388
86695
66992
91948
73783
79128
60721
64695
70385
64862
66691
62156
88071
75416
87264
65045
73872
61523
91953
60707
66790
83277
73670
91477
89597
65407
66121
91900
84212
77147
61941
89276
67818
80979
82435
80438
80659
76954
76389
60899
69899
78382
62647
76355
66922
91926
62835
84536
81560
62184
75108
87212
70627
84879
61277
91002
92366
62283
67114
61836
86700
88057
87751
87105
81006
79765
60112
91153
64698
77309
85817
71795
70205
86008
86847
72446
64065
63350
78750
71119
87426
75034
67077
82220
85821
72437
63687
62566
64139
70805
80595
81412
72173
81982
73702
83741
66856
89463
87295
67078
74067
74952
80148
66606
73518
89283
77315
80709
62389
81985
62923
85412
81653
72174
61436
73193
70943
80136
84844
68065
89563
74595
65580
85164
81374
75953
75194
85019
81599
80640
63864
87389
76038
77956
76125
68827
83079
86679
79595
71008
62190
89598
67169
78461
88218
88174
60977
59948
67503
89934
88756
59827
90470
86975
88605
78283
74152
67546
74924
85506
84188
86328
62756
72542
88061
74936
83326
90691
70383
73596
82911
83862
81171
74037
70600
88355
66585
88993
77708
80188
68885
64338
65032
77219
88021
85424
61582
71083
60530
67649
81186
68505
67366
70952
67817
79184
79453
67820
71390
67630
73487
75131
85703
66609
88908
69231
77928
76382
75545
70287
67318
78435
85882
77465
61646
82811
71632
77119
69479
78994
67941
67695
62341
71594
90438
61399
72112
70781
69713
71849
68325
87651
65934
80539
62859
70007
72387
89651
86696
90869
76610
90177
60245
69863
81158
85677
86640
60673
64510
66162
75408
89801
75689
72427
77886
88315
82659
81486
77922
81451
62975
82806
62203
63660
87829
76005
64019
84401
68765
64777
87283
70578
65085
72638
63379
74769
67552
91413
75348
81918
90888
86355
84465
63640
80485
67133
81843
68180
72614
86419
63973
84899
80783
77019
66696
61135
81996
77407
82504
72486
67077
68473
62894
74075
70066
69646
60054
85801
75313
77657
87012
75321
77717
70122
78195
64070
63682
83182
86606
80511
89911
61104
83747
59949
63786
76896
88308
68757
90586
64788
88080
67616
73761
89612
87874
83129
88904
64570
75592
67959
86560
73473
75398
89468
84046
77886
80124
61469
89575
66949
64630
85059
66877
85677
68866
88848
68344
85390
60839
63942
91240
80649
92500
75493
79897
64841
65559
68244
87208
70473
78991
89666
68054
88470
85412
63373
71643
68695
90229
64099
76029
76426
79506
63079
67936
73360
91244
62358
69920
85996
74762
78378
62621
66120
83965
74174
61206
75192
88725
86964
64378
64579
81237
60628
69498
80032
89253
88629
68835
64061
84935
85345
89387
84614
89356
82868
60233
65379
68168
72965
61386
75522
82307
66953
82722
90328
92657
79603
76352
83938
79141
87264
86373
86577
69761
92275
92469
84389
84721
81724
72207
82425
82649
78175
82330
77823
77899
70386
77472
67117
89982
87206
85792
64089
61307
71594
66718
88257
92442
80076
70334
67662
82477
71394
89105
74778
73979
71784
90415
85551
62448
78954
79366
73618
78226
66213
90481
88448
87223
71401
88845
80887
92405
76737
72520
75128
80731
90198
61882
90124
66398
69009
71097
81797
71702
63104
75047
62726
66987
88059
66959
80837
71434
72583
88944
82704
75740
78202
68569
63886
86712
87648
64566
73160
85911
83870
66666
79847
71305
76629
83742
90303
72359
77705
91224
64013
78153
74883
80463
80893
63865
71283
75902
80880
87975
76378
67831
86139
88478
82471
87034
63155
71350
76832
74182
72872
90187
90500
65199
62767
87663
71791
83313
80101
79068
77053
62404
63600
60460
75186
77104
91144
88909
87834
90147
76855
81199
92844
82241
90076
73407
85236
69883
60278
61721
83698
89955
73119
68601
83645
82494
87255
78963
72555
78171
80515
64485
75829
64804
77621
68393
86743
70515
85038
77327
78134
67239
73250
78602
80453
68342
64827
62249
65065
89605
75360
71241
76188
85173
63926
92042
88207
84800
66151
85503
64531
86918
76707
81322
87929
64929
83685
79015
88248
67263
83832
71847
86032
80433
87865
67744
84717
61631
75934
63171
71182
72255
76279
73391
76518
66918
65012
76772
68675
88541
89448
74874
87597
63639
83532
60435
66833
79459
72711
62222
79903
74941
72941
91645
62192
89322
86277
61785
74348
65860
87567
60789
92395
92370
76997
67249
62874
76059
60258
79344
92961
62012
63841
73036
72066
61753
80007
72968
69444
76945
81699
79045
83410
69397
67477
66809
60702
70905
80141
66718
72329
85804
60821
81703
89863
78053
72018
77496
67710
88959
63238
67222
70256
89222
73178
66013
68058
70162
74843
68209
92252
76115
62658
85046
76441
93038
79480
67716
75233
85127
61657
81365
90382
61727
84793
63425
62635
73121
69156
88877
79452
82999
84458
82623
78713
74978
83547
65429
81661
78794
73680
70198
71327
80339
79211
61384
90942
90992
85151
75652
71810
78268
69106
64616
63425
65991
81665
83755
80415
73261
89541
78966
75258
69358
65814
78673
70533
72569
74349
75740
74930
78602
79086
79423
78934
77622
77222
80355
82056
74949
90385
81123
87113
79551
88543
66493
78955
73673
68855
65870
86955
91570
69309
83709
86561
93002
77200
83254
68570
87155
71063
61466
64195
61562
90558
72820
61384
73383
81403
76015
91966
90386
65238
83847
64638
70073
86568
64318
82131
60880
60707
73232
63895
93016
88978
66344
67992
68851
87138
67924
68033
75767
79714
78263
87286
86209
71751
69310
68415
90444
64243
73557
86057
85506
74999
92762
84073
81105
75862
61009
72387
70274
68492
80218
63530
92742
78542
81249
61225
76690
61076
78997
69249
78381
86869
76315
72468
81032
81553
64259
89345
70733
77077
91003
83985
75066
83579
60482
66386
63024
82416
85088
70657
80007
67642
70421
77741
90533
79609
77327
63898
66255
92460
73695
77668
86846
92408
64174
67812
73846
77477
62252
85847
71891
86250
73674
61373
74853
84586
79913
68736
81918
79998
92370
86614
69256
63285
69415
70760
70812
81561
61850
62388
86609
75060
83996
71088
77650
76755
75992
77360
60724
79498
77090
90249
70662
71416
90794
80887
68905
68556
89334
87868
90210
88456
64271
85898
83757
90246
79226
77475
68180
87096
67689
64575
89537
63411
85555
65198
77456
66415
73218
61118
71529
71752
66251
74463
61197
91081
73348
62853
75054
88490
69009
92878
90500
75415
73343
88421
71965
81972
78324
72358
69109
79453
87782
67075
60614
76210
63244
80806
64801
68435
75666
66135
71614
68072
61969
81057
87825
85989
76222
80176
79389
63244
73954
90750
70029
87347
86666
70063
81665
67143
87167
67769
77478
87953
75128
88007
84745
63544
76687
78304
68397
70407
63218
62659
92891
79217
72923
92182
81209
75730
81602
63424
69022
72440
70097
60820
66213
85730
64152
60975
63360
71367
69890
81187
81807
89691
73863
68693
84017
70733
63652
88739
68827
73236
74120
75210
69991
80107
84241
62343
87726
93210
64502
62973
64856
61560
65350
85847
68339
78126
89617
80046
66883
84413
65380
69677
88025
75075
88187
70259
79847
74490
69427
82744
64083
91137
73918
84276
69642
75359
90266
82236
72855
86341
91076
85167
88820
71315
76841
89872
83104
85406
75869
69364
77553
92976
88975
60959
86700
80593
82365
77034
61907
81221
82980
68840
69566
86102
86523
91848
61293
66516
61792
83837
85021
81881
89235
92317
65561
73809
65378
67591
69075
76218
92388
90825
81715
80681
66922
87873
85807
90510
79027
62082
86428
61496
69727
93432
85316
66204
63142
88656
80952
84818
77130
69778
91752
87136
78026
68240
84592
70843
66521
84356
67765
65291
70414
63989
66737
60847
65757
90074
77963
69633
60870
85506
79595
81115
69836
76979
63244
85594
78889
86930
67347
92897
92736
80578
77983
89953
69331
83792
72609
61144
92278
79567
72558
80664
65092
60991
86546
76490
62928
77876
73191
61618
68959
65076
66919
71733
67156
76128
70975
80664
70635
87638
91300
83082
74282
63575
78826
91493
67861
67493
88403
73137
65570
63279
61477
65386
91628
77168
65023
69250
77867
66709
66156
90666
71652
71134
74937
93006
87517
87110
62468
66654
66388
80486
60822
77396
62192
69527
81267
73459
71160
67671
93486
66636
82371
83438
62722
74119
92528
63825
90911
76000
73687
77126
68930
63216
62910
64457
65672
70446
67665
78510
74628
72117
86988
76681
81551
62024
73339
88779
89695
63635
69604
88621
83164
63923
84035
62034
89134
76537
68662
92071
90139
65003
88250
69263
78224
62860
62294
92861
67709
90334
84630
89568
63462
73380
80571
76166
63544
85612
68273
84026
93145
70349
79169
90608
86530
84206
86664
90020
72657
88391
79272
90685
87962
66988
70333
73911
75391
88199
82195
61825
77888
72037
93590
66340
67924
92852
86409
67622
81720
62666
82299
88622
65287
82474
75895
88168
68171
78083
82812
66859
60946
73210
78124
75482
77893
76841
76232
61448
91958
85608
62300
62175
61304
62923
91703
91074
78835
67948
71070
61233
80951
68458
61634
75501
62737
69425
61423
84573
91996
91388
74245
60977
86298
73369
77356
83781
87236
86380
73156
72904
78558
80311
66203
75165
82381
74521
85347
87297
71661
80468
92259
88687
72671
76883
92780
88256
61216
79467
62991
71831
91872
68577
71949
80380
67345
79020
81935
76103
78782
84349
70295
88896
68766
78077
84791
70788
75497
82517
90113
81963
72042
61684
69438
72103
69334
91532
74851
77295
86620
75870
67904
63454
68221
82104
63355
72661
71198
93628
89661
67240
81883
89186
86059
62392
80799
65217
69016
73308
74353
92298
65272
74374
90257
87253
78744
86179
84420
80160
80013
63682
83948
67988
89067
61689
88027
70283
77879
88836
84073
68432
91166
93488
61380
83493
82534
82552
84744
74123
93734
62957
80912
73405
77618
68955
88459
82302
90842
63273
66898
72980
91348
73601
81145
78485
66678
90289
88227
66657
88616
86737
76827
66288
69914
81574
81441
79566
63794
79815
68098
84963
62793
74238
65388
90616
72086
75249
78975
83575
69226
88322
65063
64370
68382
72819
90794
77799
64842
63438
72317
68931
77880
62084
70492
65060
67737
78036
76185
86627
75894
88046
68533
91218
69481
64857
64557
74562
68364
75154
91542
75593
68530
71158
62700
78402
78165
64993
77352
82452
74960
80664
77584
71736
69966
81252
70739
88693
86531
85376
79061
78062
75802
80693
75592
66911
68846
79556
83452
83876
62588
88452
75000
88955
70681
74188
77385
70538
65888
91667
88218
89508
81263
66390
76805
66632
65619
84667
67881
76138
88256
62067
91773
89718
62469
69092
63459
64915
74304
86280
62593
75813
92878
74512
93900
69269
83206
83022
62181
91476
84263
68433
89897
76573
93582
64850
76548
74875
74797
83407
69637
77964
93240
86389
84280
88836
76833
69699
89264
85876
92103
74477
74595
70093
75499
63358
66363
73760
73699
72002
69481
90535
64146
79843
66301
67337
81815
76242
84403
81882
83909
93672
68368
92513
81875
61518
93102
72351
70741
71322
63701
78220
88555
87866
62026
83364
67001
90134
91756
74658
68119
69745
87164
79500
76681
84496
84285
66031
74225
89503
76221
69996
88579
71248
73842
65907
92922
75973
90248
66895
70793
67888
78714
69219
88341
93369
66784
63667
67617
64032
90248
90278
85258
93603
71367
67082
71156
78882
64273
90200
91908
82305
61640
84025
93648
75342
80466
88650
92435
75939
81518
63260
80038
91214
79816
66688
76203
79408
66251
87041
86795
63203
64950
86705
71204
84128
77554
91689
71611
64607
75171
72395
83256
86591
84093
67402
80402
71977
67288
67949
72072
61872
73735
81935
77970
79932
62694
91755
62487
88680
71603
62614
77664
72616
69151
76109
63181
68911
63908
90353
78534
81168
72216
89552
87797
90275
89731
91558
72114
65066
63534
88164
81855
88500
74748
74799
86070
76098
73213
80556
83135
87081
62273
93051
68102
82359
75242
83969
91245
64281
87941
62571
68862
74876
93595
68079
72355
70003
91266
93781
68505
63641
83065
83127
66338
68215
93429
88965
69498
94120
76341
80843
68621
62010
84252
81335
62439
87640
73024
83542
79980
75302
77119
70302
61513
62701
63826
78769
62122
89464
69668
73824
78510
81854
91620
65518
93975
65985
74136
70167
68167
87989
87221
88145
73320
87909
86253
91218
74218
88787
69705
94162
77874
63006
90999
74130
84624
66729
88677
74653
75122
70010
72463
93902
87512
73440
72341
94098
62216
69977
93328
92143
65667
82354
72870
78534
78903
64112
83548
85077
93430
91247
89900
82943
93479
75465
91864
64336
77244
81401
61949
87612
89444
85569
82667
82087
90113
62793
91316
77099
90716
89864
64643
61717
87575
74215
83247
74160
92644
75300
92432
87751
86517
72821
77330
63077
62644
83951
75783
93663
85939
73509
91458
64532
76006
67732
84321
61684
90128
79423
68202
67135
62587
91286
66586
79247
70380
65692
87417
77721
81878
63817
64690
88240
61902
81965
91426
93835
77887
81239
72623
80711
68191
80501
73051
63919
64097
67901
62488
85692
67821
92427
71135
64600
83149
94155
80380
78183
90857
64025
71852
72456
72309
91815
84201
72472
69993
73951
77957
83961
93489
81610
80502
72081
88998
79409
83825
92053
75838
93442
68794
72967
78207
76020
87354
83197
86714
74350
88274
87205
71157
81574
73199
87686
82473
79110
72030
88840
72110
74707
65634
86583
89331
88080
65796
78532
91506
85152
87211
70220
93411
74924
90348
70365
87216
75076
88739
84407
65962
62025
73539
66383
73722
70282
79978
67738
90970
65325
81337
84359
71557
82513
67810
69838
70891
92401
94210
74984
93610
85003
64050
64094
91834
62722
82520
88903
69991
74050
64580
75788
71941
76066
86008
71023
71903
85518
65350
68556
69232
78821
68001
68510
80854
68000
82477
80708
69251
75061
68632
66054
89654
71354
78125
87123
71721
63182
67238
70988
76428
62517
87106
78215
82995
91330
78232
87820
81036
89466
85419
93860
79827
71158
87230
80468
88969
72457
92266
81188
75554
70819
89581
86052
83198
74485
79557
67761
92058
71382
67454
87029
67336
67942
82120
93101
70300
71409
69324
67631
92905
82198
82624
62379
79851
80936
64185
90801
94086
76756
64449
79347
73775
70404
61994
67917
87018
64260
68642
78850
73588
71139
74375
73289
78273
90141
91132
69640
63401
66934
79420
89311
75742
68905
82350
69992
84769
69954
88890
67005
70837
66889
82012
63803
73492
86048
88438
72582
90338
81198
63083
75469
93727
67774
80233
94032
88480
68513
74758
68639
84672
84507
64143
64804
72531
92669
61852
62051
70107
87054
88552
71809
68607
66735
81504
69251
77112
85951
75898
92377
91598
72637
65224
91547
91651
88108
78285
79378
86413
78652
76559
65914
83786
86694
78445
66822
69936
70616
81331
62757
69763
71506
89708
66564
80458
72528
82424
78164
79875
92585
63454
83789
65686
89335
62051
76019
64904
82168
62811
87448
69745
70196
91967
83362
68784
90336
80000
66702
63837
88835
87323
76853
77695
82391
87150
75086
75903
85618
88905
86325
69853
84389
91209
65771
62242
88869
90721
89437
69398
87016
94650
74985
78130
63442
68285
90654
73304
68241
93038
65475
92098
74694
76539
89627
80697
69221
76692
85352
66439
79710
89726
70062
93486
94077
69219
86969
74586
66702
74733
74593
88341
62918
71827
93965
62138
83806
68530
70774
91052
80257
77279
93870
70727
91752
63100
66912
91159
68548
87945
82265
72776
66396
91069
84551
91742
77559
72405
94657
72487
88956
86061
85896
65005
89944
89997
62221
79855
63520
74821
85555
75795
76663
91772
81237
88789
77619
78533
86155
81539
72891
86003
80425
92076
62387
83759
67209
63958
77788
78407
65803
67695
63029
83017
92761
66566
73063
82001
91120
67515
71007
86687
79068
72436
62013
65516
84930
80722
73325
73470
74276
82660
63507
69755
91361
65178
89517
76027
67067
67836
93684
65888
72605
81179
65282
74090
77917
87496
69818
80006
92350
68869
81509
88295
74233
85945
62361
92376
93693
88488
92255
81489
69812
85409
75924
71880
90760
73209
76432
93513
80934
88377
80134
80073
85889
77588
78891
85176
70170
82332
93723
84437
72832
71349
75384
81222
74514
81353
92500
70632
93196
64957
87377
88036
91842
73508
68870
93315
84006
75443
87973
80963
86160
70645
79067
68906
73407
63552
92152
94042
78875
63976
81488
63974
69180
71602
70881
84452
63920
82060
90422
63427
66041
70523
82315
63199
74454
89044
88113
70483
73412
73135
63028
66062
73411
83609
88380
79658
65373
87689
65713
63097
93925
70934
89634
86624
82173
75494
91368
68840
72538
71530
81158
69394
90060
76488
73044
92779
63352
68633
69853
71905
90984
76757
76677
93909
79431
90763
94703
62321
88933
76758
63645
70460
85762
69004
65113
90347
76744
65336
67028
88187
78233
91595
78478
88188
76171
63374
93429
83376
84785
72795
70097
68820
67357
73229
78047
63166
88738
81205
73404
66216
69855
65039
89605
80588
70904
82356
74685
79665
80295
65424
64239
82628
72180
78615
84884
87722
63296
86452
84150
90069
80008
89346
68054
66261
93928
91455
86924
86513
66398
69630
86893
76151
94673
63259
86833
75344
79186
62452
75542
92887
84385
76502
88959
75244
91635
92854
91617
69699
87282
79138
89311
87042
69126
66167
64436
70284
62419
71251
62674
64663
89091
63565
88008
77957
83013
91364
69225
86769
88213
84662
79147
71048
77503
75763
86733
73754
88862
89104
78653
69616
82602
82368
92600
65889
85554
75040
81459
87968
90853
92721
68090
79576
82967
63372
83863
91259
82498
80209
88565
66007
88907
86113
85701
87274
77831
82381
73761
70519
94974
80526
80239
91225
78959
80758
82825
68376
77716
82278
64539
94650
64806
81346
72780
66779
85796
95010
70304
71168
72145
68170
70684
79913
85500
62301
84140
84645
67715
91981
71363
75306
88858
73110
86593
73765
70217
68140
86681
88143
72884
79793
78899
66689
63391
70124
84239
77513
83121
78967
64684
72125
93432
70071
77608
81679
62766
67089
84904
72802
91963
76635
73210
82524
62714
65681
76665
88573
79936
80330
70449
70703
78875
85098
80196
79774
64343
68504
82317
82121
73799
92403
73090
84058
86466
77184
78175
74674
84331
81639
87169
62409
94005
83168
78095
71221
87591
82664
83680
76936
63069
64056
71065
77279
84048
75767
78358
79544
75095
62383
84748
68356
69997
74238
90348
65150
86580
89998
79114
79674
63290
79942
78846
65153
79739
69314
89930
70620
84008
75777
64062
79471
69799
73566
65049
88200
90075
87746
72049
78200
67237
79639
81621
74146
64427
87296
67248
72913
93272
85447
92272
69327
89892
94359
69352
93747
84757
67563
84979
94586
84101
87878
94043
72281
81703
74021
66809
68434
79173
84273
81437
88966
74827
91834
68144
89290
63113
88929
74391
67580
70197
82452
69083
66456
71087
84544
89607
63622
76041
86849
77394
76086
67783
89118
74750
65263
77283
72563
63104
65892
79637
86958
82657
93321
63313
79742
77412
88228
85392
94857
72809
75943
76243
76382
64401
78525
90981
68522
93731
87843
83041
79790
86447
63801
93813
75248
92657
69337
64741
85553
78583
80359
67539
77472
73350
73769
93373
66125
82107
62809
65607
80864
77806
93049
68923
71819
72667
64871
83150
89917
90116
83889
66597
73753
70993
91050
70423
67622
91898
63678
81973
73032
77478
63490
65031
63087
72661
79375
91545
82958
92795
87825
82486
81103
93421
82203
68212
82565
93441
67774
92785
86881
75889
68569
82779
72554
93313
77490
82998
80423
70882
94022
65497
69790
94677
82654
74810
76675
88468
94691
79596
73129
92397
91635
64230
89788
79664
73268
91014
66098
65867
81385
80086
88703
69684
92483
86285
89224
89735
91257
66393
87899
82289
76059
79835
87069
71884
91555
80115
78403
84619
72525
76223
87046
68953
85544
83422
93968
83581
64365
85626
87420
65281
84496
84101
84733
78867
76182
94274
80477
67243
86822
67080
89898
69230
90338
88131
79788
86995
94072
77499
86809
79236
65011
64281
86028
81159
65496
94887
73524
75421
87406
62807
89673
73834
73309
91655
89925
66775
72314
88067
77776
70709
68834
79307
79100
94627
87366
83223
77618
91953
78725
76825
80493
79173
92544
89090
73381
94526
77610
66759
66703
79704
77022
63013
90755
78799
94198
70115
79293
83784
69017
78679
89033
84588
92116
77867
73785
79062
84204
87649
86681
76591
84211
68501
63653
80023
78234
94594
94393
79687
87110
78792
71816
76917
67174
90861
85009
72568
79875
65697
86223
70701
88216
74054
65840
65689
65061
83631
85065
62928
66175
88104
89544
68629
68330
89015
66090
66114
77289
87202
72494
77931
76629
92977
80009
69054
92845
82357
75995
85421
78765
72393
71394
88144
87330
79064
67309
74244
77308
65248
84116
75353
85157
68213
77991
68139
71825
89864
77668
76046
80407
70249
71405
70128
78975
84619
75257
79609
91740
68744
76489
87222
91164
64740
86622
87159
90333
95510
63465
77301
72066
70212
67715
68664
62982
74063
85790
80312
87313
68623
81083
71619
79305
76768
65758
75038
78827
75101
67135
88047
68122
78187
75715
85722
69239
63354
78250
73067
89457
89351
66314
79796
75487
93797
91004
82231
86348
83134
90389
82694
92049
68949
84632
68904
66730
71181
72169
83775
78274
66351
90821
95336
92816
70248
72113
93795
80870
69393
83760
72692
77959
89011
64313
91784
65594
79051
70888
78620
79132
69834
78452
90715
80698
82272
89441
72710
69215
80378
83703
92569
64043
73610
76018
91180
73829
66950
73339
63895
80274
64563
67927
68825
82887
87075
87903
62907
70587
80636
80944
74672
64544
71036
78627
92160
65332
80570
89472
76581
81555
95407
69870
70005
73039
92660
76334
86786
84034
87245
63497
84671
71843
76647
86663
65764
66776
73054
78434
78995
70539
68226
89274
75963
66816
87771
63242
79933
75430
81899
71515
95565
66796
71474
74936
88091
94037
67064
72673
82099
66255
81478
68676
86050
77377
81206
90408
89307
91491
66156
84780
67161
95698
90341
89584
76805
78436
85232
79378
84825
92344
84857
80732
67910
87314
91789
86843
92883
67686
84763
71539
65800
95411
95224
91410
68618
70547
67110
87970
88455
88847
82518
66723
90708
95415
77739
68409
93013
92915
91073
85025
77214
82068
68590
89577
84439
75438
72648
69985
68325
83114
83175
72269
80839
83607
72684
77916
70845
75201
69313
80990
66480
89989
69667
91569
86990
69219
72798
70652
63605
72021
64344
80160
65362
93535
91089
63340
93642
95592
91113
63505
69016
83016
78563
67029
93368
75042
86056
81931
70788
67060
70543
63938
80926
94316
70363
71997
64013
66814
65670
68515
80171
76851
92093
73976
95422
94788
92587
91212
65509
82151
90106
82994
89142
93033
67735
73588
91045
82173
73398
68101
84391
72020
66839
89655
79768
69485
91527
93742
67674
89775
92585
92565
91968
71221
94454
84879
87594
71273
92163
91377
89841
68820
75010
87726
95237
90676
93580
69779
83028
85711
67998
75828
67182
67848
67553
72742
65255
82480
71470
87918
83453
91550
72017
67898
69755
85506
86797
74959
65502
91382
89441
73155
81333
90326
80906
78956
91726
70866
81225
91800
67214
67393
67302
88190
78113
82488
95349
84469
93908
70236
76504
93156
69182
75764
66821
76282
71334
85571
81418
81055
90657
77076
64590
71466
74491
84118
74265
67156
88152
78698
67414
70380
95771
75515
65688
64717
82951
95758
87900
90638
79908
69018
71566
91768
86117
63449
87630
94013
77703
71071
87539
83686
65852
66027
76624
81294
92553
86971
84023
72014
66413
78373
69436
92920
78531
93860
87227
72456
85353
72112
94493
82647
90018
83345
84054
75282
69561
93044
92850
90219
91368
75455
78546
72590
95607
80546
66801
90455
81960
71150
70509
89666
79059
84267
85122
75811
77902
74469
87384
89367
94095
91718
79424
77498
81429
85994
72762
77210
91012
89326
86972
92396
70799
67658
90286
79486
92954
94817
87993
79597
76192
75479
89281
92696
85459
95395
92848
92116
79491
68709
84086
69858
90305
88313
85838
85022
65604
83532
91714
74744
96012
92782
87793
88104
94276
83177
90000
79774
74349
67666
75311
87736
64697
74269
94525
95672
82869
95413
84303
76661
90411
63437
92189
75857
92999
78576
71885
75114
75512
83552
93557
87061
67993
95773
93659
90504
64977
92996
74623
90838
94136
73626
75483
81185
91195
75625
70121
89610
73665
85387
64486
88173
73743
79300
90710
80204
93544
63829
74568
76040
67321
94669
93403
77015
93813
75299
83457
72818
71421
69122
70787
73742
80706
73572
83013
84622
89837
88674
95180
74743
65343
83786
84477
79908
79604
72435
88359
64955
88430
95565
78660
76127
84239
93756
70524
82215
68839
91303
82155
66639
92559
82892
69284
64302
65876
78550
72950
82792
81816
90801
81902
93285
70518
93725
77596
63490
81317
65537
90778
86918
79263
78850
82251
89303
92674
91477
66657
83950
90166
90065
95266
63624
96080
75593
90603
74782
86582
84248
66421
86040
77060
93181
70487
65598
74159
70186
88780
76143
73705
82327
67767
81045
72772
67228
63972
89560
80537
66751
87697
72722
96171
68043
76077
81027
71176
87842
86623
93895
86576
70995
65098
64772
74233
75247
65296
85096
66354
83865
77972
82387
73095
82013
84357
89808
80804
66115
81304
76490
90014
65059
70932
81021
95886
71866
89492
96170
94079
95742
71688
86799
80266
69295
83966
80534
93503
82991
67616
90573
75079
91795
83965
72342
84552
90362
71436
66592
87561
65565
73965
75285
86487
67368
81651
85013
70695
67273
82656
79204
65916
76422
89839
93407
87179
94291
85784
89397
78237
65124
75663
95571
67894
68416
93326
94496
69108
68631
87892
72299
82361
73045
93294
71201
89613
88439
83765
70084
72637
70173
81560
91416
73160
73569
83739
64544
66428
80232
79392
73032
91613
69686
84581
90084
83014
71111
73167
91865
74835
77403
91238
78746
92413
80657
72864
75095
75015
78519
70882
63601
93338
81121
92740
88624
92716
66360
91285
91320
80550
77077
86943
71481
87237
80207
86443
73319
65472
76369
69448
65834
73004
79983
68681
66966
84509
65146
90637
90653
72591
87185
66307
69379
64004
85307
70508
85011
90222
67763
81763
77457
66126
86659
78363
84847
72990
81236
70249
86467
63725
78085
75906
76153
89161
73466
69893
92741
96097
86199
74044
81628
68203
66733
90271
67684
84804
85331
80793
87593
85590
91769
86927
66961
95935
95450
69663
73298
78256
91120
87461
81634
65810
87564
66820
77104
72048
88741
75939
90001
71441
89840
94901
70141
69220
68786
94398
80763
64418
68435
71762
96218
87470
87859
69920
80290
84032
74561
90160
88138
88386
63689
88169
85675
64890
67981
95318
81333
90218
92184
64810
67425
90996
72271
74497
71142
71746
80457
92776
74544
80485
72032
70432
70798
93244
72072
89119
81579
80664
78048
84184
75199
77469
84871
84924
69126
92012
65457
64001
94322
69887
83962
76962
75677
76499
79866
78503
92417
93389
89881
96422
89707
84695
85412
84362
95149
89034
94241
68755
76947
75664
79072
74910
71449
73866
77779
87207
77275
85039
77983
85388
81613
89846
65267
84243
76332
85878
78105
87599
69045
74956
86219
80511
77844
66622
82503
68888
82079
82462
74150
93828
81732
63984
68201
66058
73920
94671
64853
68656
66322
85260
88193
88703
67120
86553
71085
88198
72952
83877
82645
95778
92777
77065
92422
82684
65299
86499
87409
90962
68300
69888
96446
82427
87717
78464
86178
74661
72477
80180
69556
65378
67220
73547
96124
82019
67586
83502
71885
87298
78312
73128
93781
77574
84359
83530
66931
71971
87633
78606
76104
67009
83357
69178
82961
80639
95902
91527
92852
65526
82582
90499
83608
77634
87367
68660
86458
86719
92586
92926
71934
76944
81636
94150
96451
86374
88438
66904
67513
79870
91316
80646
74743
90604
84088
86930
87624
65944
83735
80719
65478
82310
79764
76162
66987
69850
77844
94478
94051
71963
78994
83025
76518
82231
81364
94281
92996
90567
76958
86779
87425
69269
64805
69909
94116
72027
85702
85714
67083
78286
70648
94238
64257
83675
65152
74747
78995
68913
64484
81699
72863
85759
87585
76270
91949
92415
85152
91511
70402
71859
80231
93178
88179
65519
71309
94337
64120
65943
96240
82368
77313
89002
85290
87101
68493
74367
65472
79796
81656
65871
82333
64441
92564
91124
73663
83871
92796
93680
77105
76185
65829
90801
88633
90399
65078
90900
84946
75923
95898
74791
83804
82469
77011
66355
67219
84980
74897
72442
67518
73589
70787
81469
77352
81945
76397
64385
83668
73002
87419
69139
83309
76534
68309
90186
85372
71472
79987
66316
89054
72851
88627
81555
74868
80328
91432
73841
96284
85898
64821
76498
83680
92680
75995
67842
70254
80267
96080
93487
91336
65112
85201
64367
73533
93144
84280
91653
79256
83702
64721
73440
76183
82889
89962
82532
88735
91763
81321
73581
64941
93001
69795
65681
86416
64052
95145
72358
90966
76118
76901
83076
96004
70385
96551
89100
92298
66181
72057
64618
71925
64825
83193
92566
80871
76156
66664
87329
72004
88556
73982
90158
71471
81783
73216
65215
73781
67264
94357
73778
80327
91332
92630
82187
89838
87741
67364
84467
95034
72007
72894
90113
90620
72385
69266
68153
81332
93430
68436
86098
95181
96764
64974
79549
92296
65629
75895
80866
69431
72309
73542
80557
86699
87323
70600
87625
90607
72068
75633
86827
79159
93795
79920
65875
89875
87125
88901
72654
65000
82301
96855
82304
90529
65643
83649
92960
80290
95811
96046
66180
89853
70683
66405
65311
69353
96164
86630
76744
76144
65293
69301
96700
84071
87076
70902
66791
82595
78527
78010
77151
94058
93786
72601
92722
81448
64257
94849
80225
95843
64881
70989
86316
78833
75386
74905
95888
95081
89511
70101
72975
82647
65313
95641
78767
92852
78033
73784
82757
74517
70341
71832
82419
76066
85717
64833
81904
84170
84870
64435
86407
77493
67118
86525
88675
71290
88153
69259
73225
76051
76908
66112
80294
73614
91528
71877
92939
65028
65201
68384
84214
64207
75056
73864
86163
91640
86581
94583
93250
74991
75713
90370
87963
71295
70851
82022
66735
94976
66690
86243
91793
64719
73018
71629
83222
70907
86538
80096
64984
67649
85005
84692
87681
75835
93896
88625
83014
66772
64452
69221
85169
88575
72059
75027
91044
66985
82297
79791
92827
72171
88507
65352
79153
89989
64859
68260
79590
89224
79983
72338
81439
78674
80686
71804
90222
93631
84052
88892
64532
67742
90824
77360
94916
86882
65148
85649
65962
96282
80021
86784
88748
81828
88781
78178
90864
91677
77333
87790
80542
70555
90238
67204
94695
85279
66137
94529
69446
94661
89757
81232
84741
71742
78474
93955
74756
90240
67724
92194
78262
69052
80482
94595
87916
64657
89727
66266
81110
84351
74929
81107
77766
80798
91648
84318
86840
83856
93145
71242
81808
81588
78444
73238
96290
65180
76370
78596
88567
79042
81267
65646
92110
68214
72487
79453
71522
85275
69531
70488
66539
91795
92791
82042
76263
80376
80061
78792
69658
80013
87540
68801
66004
82676
71815
73526
81522
76449
73064
73819
82471
92046
95992
76319
68605
87600
82731
67769
66838
70059
93415
67203
93496
81474
72878
76300
94345
88081
72829
72296
84630
88574
78580
73163
72346
86253
80310
91735
85246
77619
94995
74033
81436
95309
90853
64474
96840
64723
77495
70589
81681
69287
84269
66564
74180
95602
93344
66992
65330
82769
76040
87529
71859
68043
67871
87698
66155
73479
70339
72993
83660
82747
75420
91054
90972
80488
66304
69705
66233
77381
93715
83601
71642
93304
84787
79747
81559
87308
73619
74639
66924
68896
84517
82673
66682
84444
94910
67646
91598
83882
95349
94525
82662
82338
83788
88569
97137
64837
77074
67092
92503
81519
75143
87134
71161
79751
93634
86182
87226
84473
69328
71633
91838
76518
81822
82473
68594
81946
73240
83959
75084
84286
66451
70739
85076
76110
96360
80443
66531
91214
68322
65507
91690
75065
68955
78924
95223
90171
65441
66328
92468
91423
75679
80541
80560
95755
73017
79928
74019
79467
85367
93923
87404
67115
80102
80906
90652
73001
94523
65179
77368
97002
72250
74845
75067
65164
94678
74114
73819
80635
74650
67199
95501
88936
92999
75803
85195
76791
84671
69062
76309
72376
87841
72237
81590
83161
90422
74251
96072
91162
64780
91458
90106
77952
77024
73258
83601
68174
78657
72489
81325
65585
86131
71300
91470
67003
93970
82036
72854
93714
66551
77693
65745
65258
75104
76539
89522
77744
73034
66558
94943
92424
97058
94295
78513
88186
92317
72691
89652
76904
83429
91240
74358
85060
86261
94926
72446
90368
89158
75728
89498
82373
88235
69122
95070
71911
79481
83574
90857
87321
90604
74634
77802
80605
89798
91651
95203
76351
83769
86112
95277
93379
78343
66664
88381
73628
82920
89862
92965
69150
94252
83542
96093
69750
76961
73216
82884
82585
72887
87493
78562
75642
96226
83543
64880
68736
77632
86126
75034
82231
71292
94744
66691
96070
70642
83536
73866
89761
72724
74451
73420
86527
97292
84015
66921
75663
79779
88093
75788
96742
65121
67088
91685
64828
97269
79374
73337
79065
67544
64959
97245
72906
96302
80836
65342
72664
72685
80201
92901
86459
73792
68062
94969
71050
91438
73090
87878
79990
66935
80129
84540
90296
71102
84097
84283
69832
89837
82007
84494
77520
71638
65567
90549
73824
90646
93195
84071
85603
69183
77947
89815
75090
92982
91086
71863
91559
74969
96888
94330
88213
95717
82261
84063
81142
78103
86590
89259
65669
91538
79577
76597
72013
74369
77237
95272
70497
73213
83350
79877
75470
82737
82701
87783
92622
93116
66636
79115
95038
84054
87865
67727
65874
81079
95681
78970
96392
78517
72815
87293
85722
75948
94013
90361
79672
65314
73898
66752
74037
84395
69388
72224
90369
75531
85032
90526
70551
91291
82688
90367
70455
94446
94188
68365
69655
90547
89836
70807
74070
69853
91197
72378
90673
70914
82730
65119
94073
71937
79653
71941
88388
87784
70422
77505
89316
80405
92915
82306
97045
93339
97169
76186
81530
87015
83130
71546
83531
82083
67967
90813
92488
87514
76495
84585
66801
93021
69705
68209
85240
94054
70479
92798
77559
68476
73820
76270
73311
69782
66199
93469
89264
93827
69032
69604
70128
80521
72138
65888
84310
67917
67105
68853
75334
73714
79183
78994
91522
82053
79938
65590
65182
71065
72527
91827
96692
65838
67973
78770
85338
86744
80443
69367
88273
76061
89324
67814
85631
66078
96069
86086
74399
81786
92539
95558
86584
74095
68834
89533
71243
97602
73916
85686
87889
78561
96590
77612
95461
75208
75066
92178
79293
81185
97544
66967
95198
77615
86278
64935
88336
72684
76114
81845
81808
80625
85045
94648
68358
73879
65202
65139
69046
89692
78687
88314
85498
66184
72564
72050
81904
80656
85538
87832
83824
73658
96806
91013
71233
92034
87453
84784
80524
68924
81946
81716
94608
75644
84726
85075
70296
96179
72679
66363
75306
95386
89556
95753
97666
86996
78824
77580
89663
87759
90854
66763
71259
89835
74940
94025
68704
68830
88666
82567
73689
94039
69572
94795
93703
66785
67174
82720
85718
70922
80297
68766
73231
74949
70083
94443
74959
68110
80083
77186
79672
90828
83501
92467
88678
94971
78834
74603
67237
77322
86757
75958
88545
94082
77945
77954
85598
75497
74543
67622
84393
96998
94494
93987
71630
75686
83155
67753
75467
72829
91228
67165
71237
72913
89760
94297
94074
92212
74482
77428
72055
77264
79589
79556
89482
85768
65121
66914
69627
79196
84470
82285
78071
81805
73585
78674
72141
68098
94381
94282
68189
71275
79020
89892
76492
71332
71398
96836
87421
89820
78049
94956
81213
82678
66050
72122
82878
90927
72099
77938
70727
76802
75622
67838
87721
68937
91592
71091
69237
76964
70393
85718
96876
71454
93163
69983
67639
79374
89512
88828
77913
68412
90346
67417
85601
96325
78821
94879
84324
70977
91752
75067
73898
88738
93220
93408
77992
74335
76107
67279
82990
83027
77150
81750
83426
86496
69696
76438
75245
79063
75150
88714
83956
79260
96819
79429
68938
76933
86070
87675
85860
90756
68823
68419
89741
91398
85211
93979
88282
86298
70436
76589
93537
88534
83332
86225
90022
69110
93139
93266
89942
73927
91455
79093
67640
80452
67556
97847
73312
70270
89757
85591
88742
89153
96537
81428
88918
82676
66097
67000
68905
65473
69752
88917
73844
84470
91412
67151
89760
75435
68813
85018
95194
88998
71524
72261
65803
67963
88358
70072
68107
78071
92864
87866
70674
75711
88917
85302
67695
81973
84174
72382
77692
75931
86642
74704
88017
83323
72118
87768
97720
68422
83286
95095
67297
72507
80548
77443
91735
75658
65824
87887
81075
90810
66634
90668
84112
97864
75700
97327
80702
97425
90459
68661
83387
88561
85559
83237
94686
86317
95505
77173
72662
81678
76693
81904
73683
92495
86440
68022
69635
76986
87804
92548
67264
87693
81633
87093
92424
77090
71262
82569
77101
93135
69760
76838
96717
79372
81138
78812
78085
83411
68814
92461
80866
88397
72115
82701
76312
74666
90904
79846
96759
83280
95711
71391
72858
69433
78381
67166
68194
71062
74618
84939
97187
87481
73444
82072
72092
95025
72649
71806
80813
86071
96916
89353
66756
66889
77271
82518
95513
97300
96667
80156
82971
78231
81140
90601
71337
91014
96728
83374
91526
77036
69424
96126
75783
87573
88368
66451
71439
89003
76772
85906
72765
94495
89100
86031
82276
66122
84522
79700
78908
96341
74713
65886
78423
83414
85856
65833
94550
97851
79239
86830
87900
97388
89514
88361
71619
89260
69643
74527
67598
85440
94828
92576
82207
97620
86750
97610
90283
74650
70868
85902
98026
94772
95355
96439
76947
92756
70734
89895
68871
89634
67813
91108
90316
74078
87821
79956
70718
77126
71710
82245
75393
80826
80009
76592
97466
73118
66737
70591
95615
86144
96252
93324
86156
71546
66089
97068
81591
72538
79588
72300
77350
87553
72599
73946
75455
85257
67460
69768
84704
90027
84497
95244
86096
76767
68450
68811
66934
85700
72493
79480
79561
66627
74186
74711
67720
92655
92042
88263
71851
92464
75338
66943
97561
68769
72008
75544
94747
83126
81717
69964
85265
90018
66187
83325
67428
79992
80928
80632
95675
90512
82940
97404
98162
85548
66663
81654
92744
81755
82759
87439
69207
96286
71081
75496
67146
97482
78238
67492
77770
90541
70216
73256
69689
93428
74292
78750
94627
69580
90090
71232
84977
96968
78019
94419
85600
86403
87547
80753
73010
82310
79879
76172
71588
65644
97321
80176
80415
95556
71745
83848
94386
69942
88294
85668
93632
72554
69045
77945
88310
95269
85993
78634
92800
70453
71469
70278
83581
83344
69806
84689
76976
93752
93299
65735
86136
85601
70897
76510
93442
71894
66778
90060
92605
87193
77623
93769
74510
86729
77238
74262
76614
80841
76101
88638
71633
96159
78047
87196
77487
95642
94886
86685
67625
71480
68403
97095
96444
82502
89898
73338
87898
89673
78609
81270
95186
82205
95586
97438
86412
85724
93918
90748
96889
86274
85285
67588
97866
84174
80772
73245
94688
82155
97806
93277
66308
90703
82670
77076
95321
86116
73211
92813
71054
69733
90765
82320
68568
98315
85903
77099
97952
73578
82390
81843
97401
78357
90289
93445
76884
97161
96450
84497
73463
72393
96524
91546
87211
84293
83532
73271
84789
65792
88205
72094
75784
85490
87799
82209
86713
85676
75240
92025
70579
75834
72518
97219
68396
94541
85267
93640
70744
88218
77377
75649
92380
68221
93640
81883
71813
72162
84983
84663
76090
94309
88583
92725
95023
68024
88054
66866
68956
97861
74899
83727
89646
74005
95189
85172
74876
79089
81776
74453
68796
97479
75178
96628
75383
76623
76395
77992
85498
95725
69268
74396
89679
85722
78226
85722
81771
68223
78131
84682
74921
95265
80824
72565
69495
71107
84011
89231
92751
79688
76019
88245
85994
88281
76965
95987
86704
76934
82205
74121
88178
86832
85198
68079
89691
90278
78422
93718
80164
92942
78421
82673
75144
76167
73600
92212
81144
91660
71921
84316
74383
83611
81601
69615
97352
78231
70873
84741
68719
86380
67589
77831
98133
97137
84299
88247
82248
97810
95098
74352
94402
72238
77573
70319
82145
76734
83986
91347
90135
83384
92879
75041
79651
83251
96773
97547
70720
73675
78831
70834
71324
94535
72012
77225
93707
68729
84659
88828
82685
70502
86055
96881
88750
88743
98027
86797
84892
72719
94615
97498
87614
81038
83564
95720
79347
76117
71653
67730
97849
69691
91022
91906
88095
96096
86809
73720
78845
96272
72623
86214
82786
73962
92036
80032
85838
82753
97710
69906
81569
77762
72759
85970
90324
75351
79985
79288
86247
97612
72073
85771
66714
82865
65887
84222
89056
90879
87957
82042
83089
66558
68327
93726
83551
80613
72890
86917
68363
81603
68343
85447
79577
77855
68633
78146
75073
78555
86405
86682
89575
89951
82970
73982
87501
85747
93962
79277
86215
83819
68840
97465
96048
84490
92930
88843
95196
68001
71408
95656
77389
68599
68205
97843
95530
96877
84326
75954
77036
91618
75345
77461
87771
66005
73920
66292
66617
72393
70198
72728
68029
84974
73017
95805
67395
79869
70312
78742
71617
84324
82255
97682
81277
81315
91065
68446
89725
98294
73797
94635
91455
71476
85884
73649
88491
76535
97442
77171
67142
91133
87179
89925
97704
76750
95921
66188
70704
69535
89219
67526
74230
84599
84735
97738
73985
80528
66178
86608
97211
83456
73951
97203
73633
94872
92591
94198
75839
79117
92393
68870
79452
80725
74675
87614
83826
79444
84855
76592
74081
91832
75576
88995
75363
94498
75559
81112
75075
81286
87665
74770
96714
91604
73564
92756
70011
96216
71058
89453
75904
69215
80572
82482
86755
66971
94547
85003
75265
85704
70067
77233
71228
75536
87410
75573
89329
79276
68847
79173
96938
87373
86830
83371
76180
68794
78819
70934
87091
96954
96204
72221
91220
80180
68420
74113
97859
97173
78614
98226
97343
93298
66447
97173
81451
69231
85463
87685
74118
74847
96129
71064
79261
91308
94304
94243
98303
97273
80540
67456
91442
74503
80134
85006
68004
84949
79785
78714
81636
76300
90785
74813
86290
72345
73521
80486
84117
77468
97039
84378
95243
89473
75266
82009
85638
74348
76207
86146
71157
67803
86960
98586
75232
93319
67047
68937
92761
94347
90386
79013
98095
94663
97695
90292
85860
96391
75457
82859
84193
93536
84931
87164
96361
71003
72605
85008
74188
72022
97989
67537
75869
72870
90951
95596
88997
75521
69400
93141
97369
91548
93351
71051
69002
67472
66998
86045
83484
80258
73832
74989
79481
66691
78491
81716
95878
70709
73591
66374
94167
75823
95047
76568
71711
79011
70024
68607
77802
95806
67904
92602
88462
97616
66450
96947
72798
95277
98446
98690
75810
74963
87630
73651
93380
98765
75326
83401
88652
79447
81083
91266
89358
98754
69344
82781
92706
90650
84636
73818
77845
86535
77064
97537
81886
73201
70392
81061
82452
70759
96209
96234
68702
71106
87706
76165
76586
83717
74069
71747
78754
93192
82575
74317
94683
77014
89398
85418
83792
84563
81579
82437
85392
67106
79640
69553
69939
82373
84996
92138
96530
71942
96548
76382
77240
97174
95092
93164
70931
68085
74375
88747
79471
80273
82971
74542
72358
66610
93681
80646
97424
75413
90588
78985
89537
78423
92183
98258
86900
96022
74715
81161
73666
67282
71217
66533
92952
88473
82694
83054
78311
87139
76925
75016
80541
79675
71817
98733
75733
79519
87226
94330
96970
82986
93271
94061
72210
84592
66734
73581
77961
90154
86952
77962
96395
79507
91296
91015
83814
83729
73589
83093
93454
66584
83422
66402
80915
69963
88830
68690
85457
83685
76089
83724
87783
66648
88645
73273
73706
71220
87428
78984
95834
78665
88209
92918
76244
87312
97817
72780
92554
94023
75500
78313
71153
84700
96595
95681
88761
67596
92837
83366
75010
68556
67349
68551
84429
89192
93134
73846
94384
78186
75586
96558
71375
80573
95166
84180
81415
90898
98370
95549
72812
70019
80785
67057
90102
77430
87428
94254
88695
94149
92835
91184
76240
77852
69110
98224
77925
87458
75033
68011
94670
68571
84623
72548
75728
87245
76376
88748
74635
79201
68806
76129
85748
98573
66444
93749
90758
67760
93464
88752
74549
78013
82467
86649
81060
78492
90502
88017
68503
68941
85583
74080
93355
92495
70676
81204
90949
95168
83335
91399
77000
95429
84299
92096
70667
75052
92422
85053
71946
67408
87736
69968
82139
83773
72779
77575
74212
91669
76139
81201
98380
79027
95127
90909
69295
90509
89208
95397
75542
73183
86642
90219
69670
73222
89978
86883
74391
96553
72231
79250
90856
76831
77067
91157
90961
82829
92227
85092
98810
94543
69965
85208
87914
69914
91418
97899
92482
90207
98404
84928
95531
93554
74306
96611
92173
98795
97530
99153
87426
68685
67862
95163
99210
85221
69306
71431
89728
84469
88372
78104
92492
85778
84181
71631
97755
97227
79615
87761
94668
75147
90240
82059
95084
69825
84510
69748
78565
83261
86899
98962
76722
98781
93180
66624
74326
70506
73324
90670
76366
70333
91718
71593
84036
85542
99242
74525
66693
90638
82287
99288
98741
83162
90483
83216
93122
84499
74543
80424
86806
90308
71823
86063
83985
69924
81152
71850
84662
97653
99018
94611
90788
92716
84640
93857
95048
69970
96629
92106
73810
83242
73874
86279
87653
75284
93158
81751
85011
94129
84637
81670
69384
74056
67060
89903
94597
66921
80459
71296
93201
89296
91771
91453
83819
77963
66923
88199
74434
69472
91614
86751
76328
80489
78991
81382
69957
66817
93312
67942
75336
93156
74127
72598
69923
75665
88394
71322
70392
81395
91652
71498
88526
87873
96297
86324
81033
88611
88526
76772
95001
70422
67724
83299
73457
92945
74127
97789
79803
94569
87018
94535
77898
81138
85293
98401
92112
92263
87098
86393
80721
77323
67156
92304
84823
91793
92793
81281
84456
94009
85746
95039
91317
80701
75048
70750
73620
70763
85945
96469
78640
85779
71371
80130
82943
95523
79521
86510
66933
76945
81004
89811
73080
89337
75107
68571
89107
88200
95253
75307
72558
68632
77822
93472
89086
96924
99161
67800
94457
67519
92982
84469
86285
87496
77260
71325
89937
80577
68368
75973
82044
69848
88967
98736
69717
91653
69976
79538
68458
85741
85925
97082
98565
90375
68635
68624
74076
71677
93896
90074
97288
76373
91181
82149
82616
69968
71061
78882
74791
83986
80805
86383
86859
67076
98099
94488
69328
96375
89180
86686
81092
81802
80848
73911
93844
78413
79473
95893
90423
77350
79645
84587
85417
95604
93895
90414
73115
90483
85709
77721
88169
93024
97669
85107
89164
86237
96537
88084
79825
87958
89238
97574
79753
95269
97087
93865
97282
88115
83495
67385
76791
76768
77823
93588
71364
95845
99116
90711
88860
96760
89629
72456
91646
67313
84443
85593
89573
68138
73441
87467
85568
88747
76847
67538
75553
68231
87194
78104
91449
81665
71270
85124
95748
87027
78102
90716
76865
85617
89475
77800
88229
90793
85036
97401
88784
69901
89549
81834
81536
73397
84531
97510
80133
93438
76110
96298
72437
95352
70280
75788
68128
91903
83541
67837
71622
81191
71179
79307
67336
78558
97781
92522
87965
96076
75170
85491
92358
70654
80515
81133
84100
85828
88246
87244
99080
69079
95772
67511
67179
96191
99249
67470
93855
91252
80157
78636
85414
86596
81542
92393
82945
93428
75945
90723
97644
92074
97065
97663
91592
77323
75046
71338
76377
77984
76818
88165
88881
86142
96448
74752
82156
77350
96958
96165
80542
90026
71141
95641
79882
86545
69166
94399
74773
88573
91592
74334
86906
79755
90471
93475
84926
70011
75486
86378
95847
76689
76272
95929
70761
89146
88931
93837
67041
99699
85591
70746
80389
70887
83926
77517
88923
85847
93356
79444
68650
92991
98681
91360
83759
81591
94468
94954
80016
99479
68818
75188
74518
97502
80888
70353
75158
93269
68653
81127
95408
81775
88355
93620
89276
87156
97816
94543
73730
78046
83368
71344
99625
75268
68581
72051
76275
76021
83625
88281
93735
90535
92203
98320
68302
79185
85969
99252
76193
86037
81221
71829
69827
94690
96715
67515
79532
98969
76754
99239
86629
78190
67784
90844
80891
74642
88371
91038
78126
95759
99070
89338
86633
71411
69136
98566
93175
80304
87844
70762
89971
92867
91348
81695
82304
67220
70390
88695
98235
71581
67628
90206
74478
90063
76215
90079
98695
69937
98700
72426
95816
96715
84650
78164
94015
75458
71594
97567
92409
82628
83864
99324
76275
78758
81153
74254
86609
80716
68429
86513
70610
73674
69199
79355
75268
73416
73755
83649
84660
77867
90392
84701
95913
89074
83542
97263
94866
75613
90657
97506
67644
89429
72406
99697
69640
79368
82933
91881
94877
74196
85368
85552
94938
80742
97635
91910
87054
75043
92061
83083
77932
87494
71678
78593
70585
71755
74409
87764
77384
82701
69276
81111
78888
92715
85637
81873
81052
69935
80855
91960
79307
73714
83998
74556
82105
73402
88208
68104
67958
97702
98276
96836
94102
93004
68199
83678
70368
97952
69708
86026
71755
79896
98883
77191
80678
73229
91214
85540
97942
96357
76496
77956
70469
94063
93671
71966
83289
70158
91900
92551
67235
67354
93337
97524
92441
93699
90234
77307
73095
78519
82918
92569
84609
88262
91712
95097
85916
98756
90585
81779
84190
78576
88840
99412
91762
73234
79229
93149
93344
94634
78802
99342
94205
95302
79203
87460
74207
94004
99936
82912
82196
76889
95776
72074
99028
68449
75704
91958
67571
94745
86221
71366
78427
72728
88742
88112
93882
69029
72069
84865
83576
77269
69176
68642
85484
84980
91627
98650
82639
70694
76864
71701
93937
79694
91042
84452
74538
84527
96214
70980
89748
73682
81618
84771
95735
74535
97235
87456
85893
95214
71850
89107
67272
84696
67926
92237
68824
92394
69080
94497
71889
71203
83523
93731
97412
95070
85267
88239
78189
74618
84927
81453
78310
69559
81298
83860
94873
84835
87222
88621
69691
88759
79250
79258
99704
90364
97366
78614
97577
96753
82131
68094
70861
82545
68753
81297
74551
87121
96027
71668
87940
80264
89246
87672
83024
72338
90802
92960
76586
76822
81784
96094
72772
73670
95973
91166
81519
72838
98909
80645
86855
98769
71300
75003
84907
96857
97105
78311
98417
74222
76388
85433
90967
82593
75673
100014
80956
93481
83933
67791
83600
94342
88640
94908
82697
95460
91980
92071
86423
81345
96917
98979
75675
87890
76434
69407
95828
78627
86699
76461
71065
96255
78739
78857
83662
67855
93656
76630
74769
67653
68281
92074
69556
88060
100151
83405
79856
90072
71023
78910
99031
71924
67622
82039
95883
75068
72870
67954
94638
95767
71369
80748
83993
83530
90963
96489
71633
92953
78980
87288
92726
82094
85230
82616
95614
79295
93317
73243
70242
80492
70645
78314
80407
71270
70200
89866
73856
92758
69735
84221
81570
90237
69584
76715
90456
86167
69194
81507
69704
88838
83141
83997
90389
81708
78885
84226
68311
94489
95313
89390
85448
78438
96646
81076
99135
78432
82930
97506
92643
96618
77182
95943
98840
74652
84459
95987
69310
77488
68896
72318
69147
89887
76738
97612
81685
98439
92678
73102
100005
99664
85187
71820
84360
84367
90316
74915
69176
97578
68732
93321
97050
96574
73618
77785
99577
99517
70975
85195
90547
85084
81022
71490
70450
70060
80548
73997
73374
87430
72760
87910
82897
98733
92164
72127
84236
87471
92268
77247
77544
72460
73471
78983
90255
91290
71244
99641
78891
89384
99831
69819
85919
92514
97548
78520
83318
73973
99986
70632
97816
90867
97380
98706
82244
67960
97340
89679
95162
98446
78609
69648
89400
83022
94883
69474
68264
68168
83284
97265
73880
72229
95289
88651
78314
72075
78705
89831
93901
85825
92341
92774
81900
74132
81969
72472
74213
87033
99218
71618
87292
83955
92001
96159
79121
83255
82575
93092
85455
68879
91217
68872
98087
81148
97326
95492
83452
83103
84053
98776
97568
94937
97845
93454
76416
89650
74056
71426
76955
76919
80943
76706
89145
97703
77828
99443
95833
97809
69100
93141
90731
91062
77547
75143
75967
88820
97789
90221
77118
75366
75874
95633
98904
95750
75833
71785
92221
80276
89424
89176
85072
94780
75835
78710
89304
83827
80803
84628
99577
90914
71649
91771
91364
88326
91339
75381
72266
73046
73166
86031
93462
85671
83006
100380
78939
87822
68585
72957
100235
75908
79346
83488
69611
71822
69085
97479
69187
73501
81126
86539
92378
97458
92055
91680
87457
68551
84377
91354
95407
82283
82891
76656
93933
74028
69777
97153
93459
75833
70255
89940
96979
95176
94422
74596
76371
75446
96061
67868
68577
86637
92788
71391
85475
91915
84021
76107
71948
93889
75005
76223
97494
71800
72729
69146
98348
87483
99844
99782
76390
69585
92400
96246
71803
79913
87971
79659
94834
79868
78468
69117
87322
99117
98038
67864
99323
86644
84196
74373
96140
84155
82589
78379
72615
100296
71395
83861
86585
96285
74046
86261
69182
83996
98455
78697
72429
91759
79873
79998
90927
97191
86490
95475
85334
75555
80147
68799
98060
99124
81100
96340
73097
78974
94756
77606
89610
100514
92239
88935
96894
92186
90857
97045
89730
73572
69257
70199
73871
82786
91034
86628
72562
79105
76646
88964
80893
100377
88948
96731
87805
86420
80660
99651
72556
73939
100152
83384
95463
75853
100485
98586
94818
88441
85930
71215
99610
96239
68593
84200
76747
92106
77843
74725
89635
80720
88401
70458
85111
82901
76992
72820
83894
76252
73445
88023
91547
86144
88449
69354
79142
100370
78766
74806
71500
87044
94251
75850
69614
83973
79349
81922
74504
82030
96023
81929
70187
96733
80322
74141
69165
85023
96160
78994
78111
68692
100198
78490
87167
88653
83113
71619
71599
89401
92658
91201
76454
78721
86292
76654
78054
72176
69053
70671
86189
69143
71244
77273
82544
94192
93922
81972
95365
91841
68284
95806
71456
68931
88000
68627
74880
76036
75861
90444
80234
94474
94072
70853
86487
75705
99085
69028
81386
68599
88178
71062
90916
91533
94042
92252
73179
78032
89817
89223
87784
77186
80059
67967
74145
87283
79642
69322
95751
97131
92208
90251
88896
73932
85097
81225
71239
78964
72380
78066
78050
86113
73532
84256
93396
77720
92138
89754
96084
91079
78798
71710
94399
69161
88134
68190
72842
73642
69789
72008
85370
91212
93151
97930
90647
89545
85228
72022
91486
78202
78028
93026
75702
77175
77634
91956
91173
76032
92580
95132
83396
82971
89065
84098
90480
84607
82948
100577
96195
81329
70513
81428
70466
84589
73485
71761
87768
77127
98602
71795
69764
84626
90595
100092
91214
97665
72109
89178
74623
90764
90671
97897
74769
74005
100692
96058
76901
96332
88734
100627
83764
70480
78525
82870
70600
92311
94560
98022
91756
75919
81227
89640
85281
98181
85673
82375
85138
77511
78756
84250
92490
82181
82740
84489
86309
89597
78388
90574
80132
98648
97979
99065
82629
71886
75177
74935
98163
85393
87680
96083
90553
97513
72054
82429
79005
74779
72648
85451
92779
82832
71248
98813
88046
97587
98906
71045
77798
94747
69812
96711
86711
74602
71428
90781
83551
88693
91998
69534
92842
89125
83478
80544
81321
93085
94675
85883
83040
90140
94693
86288
93119
86565
73433
69514
95700
74718
72010
70628
83774
92343
74490
91308
76005
94283
69153
100358
86504
96395
79620
91891
85463
84761
80842
95699
70435
84466
91787
83497
89554
77648
97707
91551
74359
99535
93798
77386
77154
71118
99755
93230
82452
90392
76590
97285
85750
85444
86713
83772
100682
75609
71618
82239
99681
75062
79683
84470
73486
98609
89030
72079
83548
90495
94143
72063
99452
72148
92703
85699
85249
100298
84262
80236
94032
69255
77689
85338
80977
95642
87924
92232
78955
77607
86209
92425
86448
84292
80938
85008
82516
69282
96683
94518
75620
72304
97484
93880
76724
91004
80686
71039
100122
98972
92515
68261
82393
79948
96770
72244
85088
95640
70395
75569
81717
93245
93481
89305
87852
92683
86566
99626
98780
99213
76899
75941
69203
86508
89464
88915
87561
83985
85688
88838
94739
90890
94217
90849
86169
80303
71923
88090
81546
77701
98294
78847
80270
85730
80929
85815
73277
69202
99552
94795
99982
99642
74774
85861
93330
86971
85611
84311
91490
82393
87528
76766
100438
88541
92865
80168
87671
98807
89713
77973
79415
88360
72972
78523
87904
88927
86225
75436
70475
69859
91135
99451
73042
85232
87275
76028
71559
81829
69710
71372
90023
89886
83427
84113
75849
93149
92978
96387
78427
70766
90278
98604
80591
97354
93414
80747
94354
76285
98914
97727
100030
73860
99116
73922
79632
75769
96010
77044
84124
100722
92105
71098
93887
82470
88020
75175
70742
94673
100101
98297
91949
100442
96698
88935
79803
95923
95788
88602
98572
91906
93180
74489
77054
81918
96783
73769
92336
96155
99996
100052
73016
96489
73091
68650
90260
74041
100577
93094
94947
71811
88033
74387
72662
100612
83925
99534
97377
96811
82821
69325
75958
86710
93382
71904
73331
83481
91215
85943
92954
78111
82889
71205
71363
76243
97829
78883
75533
83617
72242
96024
85594
90297
97135
75608
72508
87476
77086
95978
80938
68730
91033
85390
76664
82275
75753
71166
87942
89500
90517
94325
72503
89549
78520
93806
72356
68600
88662
80814
88082
69797
69872
88196
70946
73532
70486
84304
87112
82354
85949
89922
69246
100199
92433
97892
94522
72527
99469
99547
80029
99665
71048
79722
96749
72428
72594
87863
94789
90912
100031
83154
77195
94604
79427
87155
72099
97492
83263
79747
88546
78917
72155
73566
93894
71868
92821
97624
99812
89283
77273
99326
99873
69630
75729
85406
76837
72134
100990
85001
84749
83731
89096
91543
99680
94111
71506
90988
70213
95816
80594
70906
90867
75958
80288
85191
81000
82495
99020
72304
72030
71175
70389
91631
92283
74860
82967
86041
96968
73633
85925
97386
79460
74648
79576
75781
90490
75046
99654
78327
72048
89186
74166
96444
84577
77390
74035
78084
80590
88505
86111
72119
98192
93027
91914
78134
93201
81251
72195
85988
86716
99782
98094
84965
76210
79993
96215
100901
92095
82025
70982
73884
77196
87016
76692
93649
69398
92243
100029
84381
69982
100593
95733
78642
77923
70943
74048
73819
98637
76202
89405
86534
83179
80253
94530
86527
97887
72060
99246
97790
90648
99247
73851
82916
78081
87459
69139
95042
87032
69133
91237
83995
84866
85425
72247
70379
83901
89986
97470
74215
97430
101387
83308
85895
99899
80909
82441
88642
94676
77418
82693
92568
81518
83265
82957
91222
92727
77403
99036
97302
90097
92870
96340
70149
88225
96703
92109
88297
99719
76502
96429
88162
71251
88908
69176
79215
94102
74432
86442
91189
75127
78602
74371
75516
69287
94056
90403
97915
99223
98008
83862
94037
73192
89540
83121
82147
101411
78564
68958
71988
85418
93025
88116
72274
92910
90678
96075
91335
97763
71388
83022
74592
73393
79654
70353
99377
100525
98410
72933
82649
101255
80865
73194
75784
72900
88656
69541
74302
73071
94952
81299
89045
75788
76139
74364
94785
96974
81809
83018
78487
86538
87466
98844
98124
83690
73348
100503
82751
99942
101007
90236
71162
95344
77375
84864
95541
69487
92082
90968
79772
75759
100243
77587
72915
82071
98622
74412
73398
76379
91685
81120
92133
78067
77938
79677
70528
93067
73966
97404
72239
99772
78881
88336
69734
70843
94907
72191
72167
85200
74034
69105
79496
76554
70317
72838
85046
91954
74529
92141
70202
82429
72889
76979
82363
99205
101500
87000
77700
81402
84522
92968
78600
75925
79718
96200
97955
75470
96794
87824
85283
85967
79384
74136
100487
100904
100861
83094
85511
69572
86875
83303
95060
93724
97815
90987
94496
87722
90895
101398
87777
86945
96768
87364
76754
79067
90792
94669
90427
84243
100647
87130
80371
79700
92587
95351
84771
101553
79692
92649
96844
86583
92725
86593
72844
81696
96517
79025
72477
88905
82293
88095
82206
75239
91194
81784
71318
70773
71725
81991
93366
97777
80041
92038
98142
83527
70452
73907
85987
89614
79970
86823
72976
92786
87031
92580
72810
76145
86092
96301
88248
91723
84212
95258
88515
70195
69790
78443
96603
87371
85565
73821
100762
76751
95591
92731
77933
91024
73211
99447
72783
69029
98055
84729
95832
79965
69865
76471
79223
99704
72372
100742
79612
94358
77525
90159
82009
88559
88822
80582
85545
76101
69410
70455
87153
72983
98346
80418
87078
72216
100680
82409
92656
69343
86275
73735
80430
81888
79186
96419
89658
69531
82692
84068
79598
71443
80991
90248
84071
74370
94984
92464
99080
91723
96547
89598
73154
98352
93626
80098
91539
71877
92259
81713
75341
80164
83997
75000
69785
76003
92540
96911
82235
92227
100358
71793
85400
72362
85724
97610
96629
95572
89245
86610
96769
99909
81543
100826
92694
92034
75487
85028
86972
78464
90771
75384
94959
83933
86559
77940
71074
81742
92589
72612
81155
70617
97408
90451
91137
90180
87954
98976
69387
81869
94076
69332
100635
75547
75159
91122
94708
84341
92257
89488
98728
89650
78626
91622
75100
88688
78031
72997
88399
94985
99886
101130
91161
96963
100155
69298
87857
94407
89035
98480
96434
86869
87919
80733
96863
101045
100507
97647
74212
98417
82695
88781
83551
79553
76118
77730
83742
95303
96758
84400
90026
88060
74567
80872
97541
92523
90879
69687
96305
96541
95437
84898
88561
91476
70716
96405
101332
71420
87515
76664
72302
84702
72603
79236
93417
97047
75896
96725
71101
97480
71515
71872
73915
75280
80191
91494
98896
69687
73363
88457
101384
84524
85984
97183
100945
69426
96684
92965
94082
87510
69534
100150
77851
84772
76515
90972
78926
69146
75727
97958
99007
81757
83656
94459
100489
80171
87136
98989
74369
99217
72897
90705
84926
88286
77390
93391
71001
85591
77703
80821
84849
95532
85037
93649
93042
100267
97703
89598
85911
95924
78501
80958
78766
93037
72195
81161
96028
69942
70896
86757
81952
80864
70735
75319
91228
81433
91485
81753
80529
99371
78229
71404
80298
83687
79313
98416
100604
92891
95409
74514
91596
90060
92224
95428
98833
70752
95957
93075
82044
86554
77624
88373
94646
71051
69638
74978
95977
79559
89687
87910
93569
95767
85917
77171
84020
82157
101072
74811
96575
82717
83144
78910
70131
71753
97258
77409
97137
78237
71430
94017
76978
82877
93056
89286
98762
86268
93870
90619
71789
74703
71298
89373
87474
85377
77161
78834
96535
97576
73074
98907
90309
82647
95923
71469
90902
70421
79081
78653
90453
73358
100446
81594
96197
86537
75280
92352
93924
70298
90895
91433
86512
100889
73511
81063
85675
71634
82623
90896
82524
80254
87041
100344
71702
98419
91963
87429
89148
91927
93829
70015
76101
72346
76965
87207
86461
101605
85807
85066
93068
90829
95217
80405
73851
70285
73101
75307
92148
83571
88936
96117
101897
88025
75971
91705
76729
95831
83752
97519
95342
85815
71688
72528
97481
84265
80290
77743
89762
75832
92966
72332
89675
77309
97307
94311
95509
100883
84734
101842
91414
77515
71468
78282
80425
89632
76290
70215
89141
99053
72514
73490
71347
76381
79032
91863
80234
78243
80158
86651
79485
97260
70206
76463
90536
83090
76374
72646
79047
90515
95424
76739
81304
100929
92626
87735
71873
95803
96772
83274
73237
92315
80976
86423
74259
97137
89055
85565
94383
81777
100577
82866
91478
99304
94397
71643
82988
88821
98666
87002
80024
77301
97308
97320
72962
95807
72484
77539
94171
93714
85777
97385
72158
85451
87836
77349
92566
92507
80067
94121
92193
82425
88755
101885
92979
90132
83691
82231
100446
100748
88095
78924
85392
75809
87642
81702
90845
95276
83688
100087
96638
79757
95091
96460
76826
81124
93292
86629
78917
81668
101037
77124
72007
93348
78940
81924
80926
87128
92434
84460
91334
85184
88380
89284
79031
77055
101570
96487
74416
92527
89319
77722
91059
92308
83313
81820
91472
74830
86281
90111
81191
93010
74980
77109
78249
87770
94115
93294
81950
84124
81784
71970
82924
99577
99211
94441
74518
81272
81052
94611
74755
73586
73961
97653
86145
80655
79698
72193
100873
87665
77243
97434
78661
98606
93874
88486
70351
97284
80465
76260
86844
84168
83558
88575
83033
95904
76242
71780
82356
97906
71471
79185
90718
82844
76470
84271
87536
101606
85855
70946
70348
100788
98121
86494
80293
79745
90973
90300
86594
80776
71215
70413
83326
99524
101924
97198
80020
84507
94938
98013
77209
80087
90564
70730
101706
91989
91669
94065
97800
90113
75744
98856
76833
88194
71293
101748
91985
92465
70190
79009
80265
88272
88322
83602
88814
86137
80634
78165
75557
101332
88427
87034
96206
88461
95651
74406
100430
98309
70351
86243
83666
88648
93981
95802
79505
82240
71709
90372
83793
70952
73325
101245
83500
97090
76949
91930
84884
74701
99632
94749
84629
76850
76877
84838
75098
94590
81940
80012
92915
91924
83117
86572
74325
83364
91997
84609
83618
75351
97522
98869
88235
89676
81762
89975
76212
77384
102063
72526
82807
72361
80141
96557
69995
98204
101959
72903
77637
79248
82527
94756
98495
88555
90997
89077
95897
102395
91881
72741
74974
85551
70084
76464
101993
101255
82004
93880
84391
90441
86295
101846
90783
95478
79579
83374
73263
81532
95778
99270
98968
97965
70091
77720
84285
96752
76527
88805
73127
84790
88074
85069
85453
90928
96091
71709
85906
100288
98445
80744
81808
92077
72086
93529
81172
71322
94944
72391
83817
99641
77478
81930
98394
84412
87970
70925
96242
85132
76517
81829
91526
77118
80134
98337
94710
95171
74366
101411
96047
90590
95059
101294
88308
96475
90612
93311
88799
100223
95588
98209
71586
87099
87707
70972
97683
79780
86314
101038
95336
80680
83741
98012
102462
102393
72741
73930
95713
94798
89079
85098
87111
85195
73711
92594
71517
77885
96249
82417
79879
95115
88753
81763
85345
102378
90313
84739
82764
101711
85931
81056
88614
70442
79712
69939
87000
94545
75697
88944
94742
79162
82060
74395
76258
73582
74153
74653
77906
101690
97644
75863
83092
76456
86798
92470
88879
98478
70648
77064
102027
78756
79983
72462
96436
99835
100214
95058
88667
95021
71152
74042
78622
95984
82182
89182
77577
87215
75720
84887
101724
95034
92183
89688
91278
73917
74434
86082
92051
86767
101103
101106
102491
79755
99517
88606
86939
76036
71463
75232
82383
88949
79148
75601
80256
87510
74284
84826
102082
101238
95638
79815
84994
76197
98752
75421
94206
93617
74262
101294
85269
71445
78967
79978
93633
84460
82396
94712
74338
95660
72251
77190
72765
70672
92075
91869
80324
87126
97480
83256
92184
100011
90713
98902
81356
89060
92208
83918
78572
85358
81234
95907
72253
82312
86872
101656
81863
81839
69909
73413
86161
84314
71801
70379
94124
76520
74677
72965
72818
88279
81312
74655
85520
77110
88410
100715
92226
72029
101679
101522
93534
73691
95422
77896
70036
76464
97882
91299
70516
70077
75696
90285
97712
91512
93610
90808
79396
86500
95124
84721
97811
77249
75134
83000
83892
100863
88545
93999
99565
87417
79493
82833
86878
92384
89249
72646
76193
102133
73797
73396
92624
89340
85749
97239
97608
94061
84374
77204
89517
89836
95631
79306
77615
98683
84264
100523
86027
84975
96053
72138
98644
92064
97785
81780
101619
86117
73029
90180
101613
102080
96224
73458
79844
90709
91179
96364
87777
94369
77829
100392
84048
84968
89069
91832
78924
91759
102758
87711
87581
83436
88224
78691
98047
101179
86356
87779
79397
74322
94960
92395
72190
77431
71668
85254
91831
100017
88220
74387
83457
87676
96447
101147
85012
79552
93431
76514
83444
86788
80642
71612
81139
93919
80232
76322
86903
90032
94814
91269
89853
85647
77291
91362
90974
87684
91977
70807
86865
86774
78222
100981
80434
94822
85900
86806
78594
90461
99061
70513
86190
74146
87747
80299
88980
90545
92374
77873
100419
92265
95967
83715
101250
92421
78462
83795
77717
86861
73895
91470
85691
95245
100426
99386
87803
96711
78899
98497
80672
78245
101423
95628
95491
102577
84336
77332
97544
89416
84530
80821
88811
101580
84127
90373
78781
76186
96496
83811
96553
87356
86742
78547
73212
80607
100888
75785
95205
99847
96893
80067
71288
78209
101100
92764
100217
82586
84946
92830
90200
83086
87236
100057
81144
71747
75110
71985
82868
93239
101771
90172
93860
94391
90269
95437
96796
72787
96320
86538
72822
70798
84530
74693
92946
102106
71029
85769
102554
81347
92849
92402
80011
73322
70612
102338
87025
80437
73467
88626
72562
78021
102549
86278
94861
73256
98501
75492
102436
78160
75785
74342
102456
100036
73498
93806
86773
72598
87571
83130
85230
93333
100052
75448
76969
71107
75433
71835
96606
99850
72487
70318
102140
72490
79447
72936
72557
80374
81431
84161
98587
79552
99004
97605
82611
74258
84220
84327
89129
85407
101132
77975
77052
73080
87301
75159
87995
96643
82060
75658
80584
95018
86962
79182
91740
95056
83737
101131
78795
99465
96089
89612
90633
101770
99745
101070
88941
102366
93090
92503
100534
81627
100008
80841
87372
99029
89610
92983
84168
81041
75973
100023
88501
89340
87652
80057
89496
75037
73507
75415
80431
74313
89939
93805
80887
80534
82432
79658
79344
89490
98002
100071
85668
77108
77617
86904
73318
78610
97964
98625
99032
95701
80540
83019
84912
99050
99588
71576
74939
82043
77500
81587
90402
72606
97487
99722
101356
91852
89377
78464
90564
97428
85589
89791
71676
96912
98029
75979
70867
75929
92083
95581
97523
90167
91480
78446
80446
100443
71004
86162
90058
96593
96813
91783
102186
89328
76435
78606
82672
89876
102475
94457
74351
82510
96755
78214
82630
77017
99366
78059
96538
82384
73191
88370
74274
88735
76867
91975
99049
95416
102706
91728
75471
75655
72127
95548
89809
79527
71528
101023
83467
70742
75976
76477
94075
92198
95603
82916
73992
93686
90402
75008
81859
82209
96784
82537
86380
92149
75427
81151
79672
78695
87631
89977
99793
83716
80312
99834
73375
89387
83478
74725
93766
72570
100318
89075
95344
101254
100511
89731
96460
101327
85033
98865
102743
85235
76021
84649
89562
77601
98241
86462
72883
70609
71291
83638
97497
96178
72288
96232
86299
92388
101733
72330
100520
77160
74454
83140
102612
77269
85821
85512
99353
96332
102277
100774
84572
94125
76639
102299
102002
97035
95973
100266
77027
84318
87933
76463
98286
97656
102401
93743
77005
87611
71709
101939
87610
75528
99064
92503
88113
78970
80150
90910
94456
84309
100733
82056
97117
71609
87574
78567
73279
80540
89943
99566
70991
93047
95007
73227
96024
81982
99041
86007
72765
99734
91397
74379
101378
100675
83339
102869
102926
92383
100850
94827
90480
80082
76888
94207
92383
71550
86498
88628
80966
98490
73822
78768
79744
95618
71463
79730
81503
84972
94025
84070
81396
80734
83686
98103
86794
96511
72665
84581
80372
96363
88472
87191
93065
74923
97887
75058
101228
75108
72587
77610
101265
99406
79172
82457
76028
83688
83294
102798
75212
86123
91521
83623
91257
73724
91272
85986
84058
81701
84776
90928
98154
95366
70610
91723
72011
102088
72154
78154
102283
89043
99288
89971
74535
73793
77135
74320
78669
74514
86924
84741
94566
74145
100817
97760
71252
81878
80051
82994
97528
84126
76993
94301
83448
86680
96358
100399
92351
72978
77073
76142
87493
80179
77714
72884
101904
86905
76744
100989
87035
78183
93049
99967
88374
79735
70785
91450
101902
101206
102959
102351
95726
75344
77292
84501
75046
93193
72477
73450
84972
72047
96843
91847
94880
73708
71553
72856
84821
82144
92150
95434
81036
97614
101100
92837
100674
77270
86488
79836
80430
87779
103363
92770
76868
101669
86000
101504
92285
97858
91071
103205
75994
94664
88017
99965
77479
87655
100461
71876
85501
77661
77091
73565
86666
95793
99247
74270
74132
83108
74272
95471
81212
88805
78905
102291
101632
87556
75799
71621
102276
76457
101908
86407
88466
79878
77804
92599
99935
100106
74526
85731
97552
100823
88725
101470
77692
94071
97160
88979
79412
90058
96671
90010
93633
78787
81495
81673
96556
97748
90023
102413
85444
95911
76260
84665
76827
74255
98530
79261
76370
81982
89180
98459
78742
89912
91029
98806
73963
73864
93248
84396
85800
100145
90269
98054
87619
90599
86246
81005
83407
75135
78825
89471
101059
84901
72438
95074
90749
100813
89339
86872
98055
95340
97518
95124
82072
90727
85867
100941
75870
74955
74655
74512
92282
91840
95076
73306
79181
84408
89773
85862
80882
102892
95781
76868
90635
96009
71955
82987
78529
93478
92801
94224
72966
96762
74141
94583
91933
92748
80223
95114
97117
97194
82796
74344
94770
85598
90683
85183
97636
78750
77430
82845
71836
76803
101283
93315
74532
76349
77827
80316
83694
93700
91066
97516
86232
101201
80689
83948
89646
94671
86201
85973
99184
100492
82289
99931
86102
78325
94569
89437
87314
84993
88839
92345
101589
98476
93610
86629
86420
96935
81806
87228
81164
86606
71408
77589
72452
83674
102002
84122
86226
71640
88256
95576
89632
103130
92020
102802
88816
76140
96567
91995
71390
74569
86825
103012
81317
82127
76164
87570
74981
90545
97148
72147
75556
99308
91753
98227
77842
77564
78887
84266
89617
73551
75965
97848
89332
83450
86846
101044
89607
94379
91629
83426
86352
77278
88484
71747
82965
82260
90231
78769
100511
81089
93076
102827
101181
102598
84077
76781
96395
76318
71962
74563
71923
93980
76792
84128
99701
78165
95895
81002
72100
92058
79827
71705
83697
82985
99648
87552
77100
97059
83916
93034
72776
85313
93087
84201
90975
76483
83782
79083
102645
98986
97809
78990
100481
102951
90553
95926
102698
84051
71494
95580
82382
102944
99120
82217
93768
74384
82117
76611
96755
101157
75978
82279
78698
80024
76645
86072
73106
75726
98619
90070
84443
91911
96213
89779
75714
79705
89416
93858
93595
90717
85781
100401
97933
71720
94286
92217
94686
92540
84730
97203
73584
78400
90299
81357
87436
100398
77486
80958
72671
98764
75923
79318
75714
92573
93998
100185
91583
78232
83436
88717
80976
80601
101322
84882
93161
83351
80755
96370
77881
73046
79528
77561
100014
87389
90341
76999
81463
76139
85314
75171
78925
87718
99223
99346
90932
98516
73955
71720
75134
96205
87791
75935
86738
94512
102190
72230
72171
100950
79080
73979
80867
75396
92823
78012
101554
97637
77458
73339
89330
93623
78568
76048
78053
92228
93327
89011
92344
100116
73150
97994
81417
74977
90007
101119
80552
100555
93961
86678
101530
96845
82165
87293
88932
86384
74127
94373
98950
87870
90888
91921
87365
100986
89962
91949
85933
72846
86467
102880
88279
80581
84613
77028
96872
96186
82733
96214
78170
92433
103715
87945
80895
85348
88033
84896
100674
85632
92760
90716
77105
78802
76687
73394
97976
71964
75406
99489
82607
97644
79226
81858
100376
81487
90113
71713
72097
86850
96505
76107
75889
89449
81731
102312
103456
89988
99830
98315
95239
78366
75705
97672
83387
100359
84337
74118
91348
71429
77853
76308
77811
80071
77309
82561
98051
71706
92922
80422
85694
81504
101442
73095
83315
103741
98099
91547
95495
77971
93050
78183
97851
95409
102524
81362
96556
93383
102901
102324
83744
91549
96222
99376
78207
73861
91541
80708
96800
78479
85048
102558
82118
91131
72785
71345
90603
74740
80569
83977
78524
91259
81078
90843
81508
94881
77671
74465
92301
73465
93794
85348
71972
84557
85403
82843
87389
76432
72328
102195
92664
89108
80002
73007
101058
103165
89199
72434
101214
98550
76702
76186
103749
82722
82418
88976
98060
93269
90947
77917
76006
98181
89089
99008
98921
93819
87322
72957
73109
94414
73502
92023
94994
83730
80034
91521
80825
81485
103394
95346
99158
100266
90026
98551
88236
79986
87926
75438
81594
99895
89816
93680
82749
103251
93210
72686
89718
90001
99876
84223
98349
78121
88481
78136
93686
100850
76126
95038
87731
97491
73202
78168
81754
96122
80036
84168
77049
87121
93577
103260
77815
84142
76013
91968
79004
99147
82932
84246
81107
102133
76929
99400
91951
85384
83031
73117
91949
73498
80767
87051
86713
100727
92649
74701
92403
95182
93270
98229
79410
84649
100468
79042
80201
73762
72779
76789
93706
72788
72921
97889
90377
86545
92153
102274
77987
84947
93578
74191
73534
91380
95180
72082
72401
82721
97037
90616
89512
99340
99462
75876
101473
95073
82048
90633
95547
89340
92091
85944
87184
85849
82959
95222
82591
90699
76884
77650
77455
87537
96128
95990
101041
73190
76559
88443
101894
76985
92328
83458
77569
103325
89853
84352
80781
84577
82419
79449
78418
78754
101891
92721
82228
78143
72415
75262
101661
89357
82265
76898
75517
80332
71809
72249
86543
94298
101902
77166
98141
93479
89600
93714
74374
94697
77187
93615
82879
94097
85269
102617
95000
81021
91627
104199
98561
97007
104081
87201
73740
82878
82642
86874
87028
92491
72407
85184
86495
91831
73107
78609
79328
85843
72286
80977
78272
86616
95711
74649
71934
75481
79408
103602
93716
95221
72253
95715
87292
100689
82029
99334
102131
97222
73861
95457
91005
96854
89289
103348
72361
94053
77412
101391
93334
82469
94473
87782
100918
85075
102875
97767
74578
88097
91530
76043
101838
80499
76223
76396
94767
89421
79291
97366
74074
85644
73275
91552
96158
75477
86174
79933
94453
89292
92489
89614
86663
88198
84299
75770
101744
88896
77629
103233
81603
102225
87916
96525
94415
87133
91963
89163
98721
72652
75714
84408
86730
92538
86971
97855
75362
85168
97439
83842
85324
91476
84748
86711
101052
84316
73322
89525
86263
89736
85966
97870
80730
97361
72734
95200
92574
92701
96631
79655
73818
101812
89035
80981
86729
89591
77007
72549
96718
93648
97044
103084
89141
74597
74867
104369
76860
94097
98223
92734
73298
72084
84310
89527
89374
94985
88040
85163
97987
100377
88891
92841
89955
73711
76574
92245
99554
74091
92477
73146
94188
77851
96837
77538
97849
103783
72264
89764
82447
84491
102498
99262
94985
78795
83357
87076
89112
93025
82706
96919
92871
73403
88913
76408
82883
90979
99075
75231
98458
101695
72910
92648
96963
89466
81017
95565
83935
73154
75089
89402
84798
97204
100299
74844
98469
80020
82538
100412
91214
98626
76259
80075
72753
98921
72832
77373
83586
101626
91330
102683
102779
89817
77642
92308
98395
91094
104441
99093
98735
99038
102999
85273
80592
84850
78129
100929
76973
104281
102791
74919
103882
95378
93349
99952
79241
93069
103823
78240
87209
95643
91554
100914
79628
79778
89209
99945
88765
87317
96014
80225
75825
93987
98849
93161
96205
74799
93150
79765
102569
74625
88250
88078
99476
76091
98206
75437
101720
95886
102727
95304
85823
72237
77549
79180
74965
72962
78882
78860
88048
91937
88062
81241
93166
94458
92537
97107
89406
103634
76568
94846
96802
103540
102860
87321
80050
75555
92951
73899
77349
74708
77424
80350
101196
72602
97769
96912
82527
96354
72207
91688
80380
95200
85265
96294
78189
96969
102693
82175
80426
86083
95784
83239
92830
99738
100996
86639
77358
72244
84823
81809
87672
88007
90066
84489
86488
81609
74719
99879
76593
104232
83462
103779
79594
96572
97425
104176
102710
90874
103918
99988
86425
77162
92246
97718
104360
95835
91308
101049
87312
86613
86184
103048
96473
88783
93236
94322
90092
93346
99862
84025
77523
76478
82896
81509
96449
71963
73924
101086
88018
91123
92316
72122
88723
75567
78057
77396
92869
84511
103946
81054
102750
82797
81744
93368
80849
88404
93792
97473
91791
78349
73176
95469
86222
84106
95029
90583
73097
72039
100340
100633
99784
72734
85495
85019
98337
89210
103211
77096
98687
84046
92264
76487
80674
99686
94104
91464
96743
91070
87324
82589
101066
81906
96363
99435
84137
92662
100348
99425
79691
91143
103527
101065
85920
101857
89799
95068
90442
102451
91746
103515
77149
72784
96652
72667
73315
87079
85448
87905
82340
93813
90929
72110
91556
92985
79640
78556
98796
93289
100847
77482
85005
100067
80997
85269
73187
73638
100307
92456
102679
76098
103895
82452
95207
87437
80702
88707
97066
102296
88616
90666
87438
86497
77670
89501
99365
77002
102183
98408
72736
102730
87252
93531
87514
78819
100920
86309
101656
72660
100836
101157
104079
78479
73938
88188
102054
92013
95048
79207
99710
80801
76031
92364
76847
84587
74885
93714
91989
74126
84448
78134
92876
97795
104564
86299
82615
82159
72743
89122
93639
78035
96706
80635
93370
88834
72346
81339
92961
76121
80753
98094
91495
98346
90775
103022
94223
96377
98644
77492
99389
100971
83083
85359
95608
80891
88215
93843
95406
75759
74873
96052
83064
94474
81973
89683
98976
95620
76409
72696
76513
87735
98688
102017
79597
76059
82742
84537
98229
90228
88221
100140
82916
85066
94319
74042
96172
80026
93445
89707
82374
100043
92535
94082
84404
86755
72197
89813
80714
96507
101301
90459
74604
102129
100158
81415
100889
75356
72485
81748
93609
92869
102694
90914
99154
94228
86741
81088
90353
83272
98693
81226
95239
73579
83305
87605
92674
78021
104441
76328
93631
98385
101783
81933
89676
87405
90739
93289
90866
101333
85676
91368
98419
91090
91576
78397
103312
74415
99589
95272
87246
104301
103904
76760
84346
87992
75415
98420
83435
84249
73434
78325
91399
84588
103271
77366
104713
102805
97511
97358
80257
102767
87570
94749
78491
97285
91418
92197
80293
79109
78919
90011
76492
84081
97758
85694
95270
80280
102216
100200
78326
81477
92016
93155
90155
80438
103533
91645
83241
102095
103521
87135
96716
103184
81313
90650
78506
83909
94742
97411
77465
72700
74211
88897
93810
87484
90439
85668
104980
94964
103877
84025
79531
104114
97923
86427
102962
87701
72689
91531
100406
97413
80554
89923
99293
102561
75167
95240
90920
81785
82802
92927
73589
94334
74528
100161
89928
73911
80867
88113
87370
87477
91223
91150
102546
81096
83163
90308
74276
84595
84282
93960
80823
93726
87435
101283
76732
77323
82517
76558
88731
81803
91127
78656
77120
94066
74055
83908
94422
93896
89466
72718
78802
88001
80196
81935
77876
98031
94015
72455
76553
91319
85905
100507
93493
88834
73418
85031
80239
78644
89099
85589
91021
100450
78445
88303
93442
96704
104864
83185
84645
92504
92627
85731
79796
103170
91860
99685
80408
102288
99961
99852
80874
104521
95806
97388
89655
73369
74799
104310
92416
101382
85769
92421
97413
81510
90524
91059
92100
103503
73075
92913
84028
73168
88247
76119
87798
83294
86865
74040
100038
99601
91983
76666
88015
97297
104585
88228
99397
96331
83844
92217
92791
84072
101270
84549
88076
92671
96331
89909
105100
92169
86536
92651
96547
97686
95726
92178
97186
86207
96513
83119
74439
88540
82570
104697
95678
84727
75194
94059
100583
101248
81551
81175
90586
72769
103932
99645
89257
96149
86340
88860
95845
82389
94375
79368
73955
89620
90432
84925
99263
80652
91694
91379
85666
93271
72946
90163
98497
91107
74008
87784
84390
90016
103194
104633
91955
89979
99969
94486
74980
79760
72525
92945
90196
103067
83607
100208
79619
96432
102005
104704
82262
77357
81182
80684
98015
98028
85838
104141
88031
84413
74220
92484
88073
90131
74475
98759
99977
101885
100718
76024
98117
89688
88367
75452
78179
94020
79137
88650
91915
92884
83284
104578
96878
96266
78873
83073
89095
79874
99944
87666
85536
74605
86910
83110
96665
89153
73674
99048
81893
83887
89866
101386
93781
99414
90546
76228
79513
102582
78221
93887
102532
79335
74150
104172
92431
101002
103785
82458
82593
74241
82694
81096
76429
80859
95510
84791
75740
100242
102273
76484
100174
86137
88991
81269
75931
75248
90013
103378
78078
87002
83235
84214
83700
81745
103219
91365
80706
97176
81749
80160
82741
76624
88561
93047
75821
98799
88572
74527
102493
96623
84950
101380
83148
102467
92019
74848
104607
74639
86458
100493
87451
80280
101674
78104
86502
86138
89539
87830
103181
99609
74788
94907
74315
75353
95217
100392
95753
100498
92535
79493
103585
77118
98963
81232
87143
103157
97999
93172
89322
82332
101071
77726
85367
91865
80620
78668
77023
104137
104734
83495
99962
99574
84511
97298
88172
84355
101837
81027
79655
100010
73425
78737
84530
98921
79230
88399
99880
100471
78331
99161
83971
75901
78245
79020
79258
74883
103343
73659
100201
74664
78091
102079
73617
97559
84878
75342
102943
77622
96335
79407
98961
87841
100688
101485
96919
80982
80480
97962
73238
83122
75071
73142
90226
91292
82180
83808
73485
89984
94396
101004
83211
93311
91476
102790
89177
103268
87737
99990
77805
87514
88125
75477
90959
96477
85053
96062
74584
98927
80640
86024
87097
81804
102627
78388
90304
91743
100275
105314
102103
75958
81755
84968
97614
84660
84415
78629
77530
102853
77287
95763
83549
73687
75360
82972
88167
102088
73439
93743
95741
90138
79144
95250
87194
103662
82222
97274
79732
98864
75900
92249
97792
79119
98515
98295
97208
97200
83477
89156
97564
91683
75617
102893
73207
86934
77696
83885
87267
90056
85120
77670
88079
83137
96926
103792
81728
99521
104042
96816
100118
94326
104997
92653
88465
89457
84590
100064
81875
73947
103966
96650
74024
74340
77168
80715
78659
105341
103525
93999
81867
87751
78950
81163
90902
99275
78123
90825
75828
94955
99549
94208
75311
85400
75639
90056
98961
73414
83314
99532
97575
81821
84385
97184
92421
97394
81498
104277
79562
99829
84438
97355
95269
98988
84442
89415
91288
87200
86679
102085
104316
91990
103632
91280
73542
104960
94010
101775
85512
104949
77608
90594
105275
82271
83047
87854
104123
85555
93287
102196
101651
99687
104604
79017
82171
104031
103460
105025
89631
86696
76970
86030
100642
101864
90762
74504
78051
80405
91190
80621
99583
103398
88280
84555
79255
95111
81465
99546
90195
103825
89569
86032
85670
94265
73088
90608
92500
92360
77452
82467
99634
97611
90412
90441
93485
79499
73301
80529
85390
95807
85298
78727
91261
95617
75722
77358
105411
100223
82653
98639
94164
95347
85262
84752
83980
98517
84296
86472
74809
95438
84058
91922
82778
79857
91620
98593
75686
87334
101495
97875
105424
96998
83192
83720
73098
84910
103749
82356
86344
103085
78363
85299
90950
78016
100408
79197
96716
87457
90300
87515
105649
88412
74965
89913
79390
84482
99483
94779
102548
98720
99641
99701
95792
88178
80462
84246
87342
83797
77459
97541
101805
102011
81853
93487
85169
78946
94629
100383
104558
94471
97446
82895
94660
88407
105286
83133
77574
89830
88857
97090
95231
96227
95459
76575
92983
99148
94205
102745
74866
81246
103674
105544
81018
88144
95113
92650
78366
101696
98205
98429
101499
80238
100812
95564
79482
89000
104181
95689
78746
99845
88870
91868
102896
104406
89021
102011
81260
87002
97485
97147
104541
75441
97731
73637
97591
78227
76105
86029
101780
93506
81002
73631
94842
96573
84215
83963
94684
92983
104234
103555
97635
78535
84618
99249
73326
91489
85518
103087
90967
99973
84869
91937
78328
73782
78389
84805
74605
81838
102595
77887
85276
76368
83539
76462
105203
89822
85743
73091
73457
79596
77613
100115
96744
81045
82700
74859
82305
100460
95264
89827
100224
80821
105199
79862
91721
92886
102298
75600
79523
101384
77248
73513
86717
81490
85919
76498
100975
97464
99452
88973
76993
102832
99909
96162
84657
89813
78454
73647
104241
85215
100921
89664
100464
96211
97745
87455
73306
93047
100152
98286
94818
99337
88071
79218
95359
83760
73367
93490
96628
84275
75366
93121
97877
94825
87996
87128
83271
80113
88718
86055
77703
74402
90274
81901
96430
74565
88820
76743
79667
76546
73305
91461
83505
96537
80738
102339
97386
100051
101763
99063
87181
73399
83316
80838
92852
95232
94936
85852
95025
85583
86301
103547
102026
105886
88995
96019
73410
100981
93472
76308
98778
87648
93763
76672
87448
73888
87959
85700
75911
90913
101035
82248
80959
80812
83568
81221
81126
87390
80610
89815
102903
99929
98282
85843
76866
95673
95107
80602
95541
89546
82717
82990
82777
81528
74814
92869
96287
103430
98415
104220
76509
91651
104534
82254
99604
82554
90656
91621
78836
96618
75554
81136
103202
76917
74943
91990
95416
100060
78988
99945
76430
78251
81842
94654
79032
88113
98708
98109
80207
86195
89522
102772
76149
81250
85197
90160
79763
80265
75085
77647
99045
91915
82655
92112
105529
94221
86370
83756
83955
86256
81668
104681
74069
97922
104872
77420
99069
81013
88972
100623
88239
79888
92968
92787
81493
80676
86617
81688
102468
101186
94398
104234
86209
84267
77154
74142
100036
91272
93084
89470
96764
96219
83764
95617
94226
73910
89031
96735
85810
75819
105325
93283
84424
102275
96408
86722
96135
87346
91968
82731
98224
99851
96573
73503
80017
93873
104948
94339
90188
98638
77109
105716
86745
82823
103780
90970
90446
88239
91351
88000
77406
97338
81536
86371
78880
98421
76236
98056
87826
75125
89546
103827
76382
89165
83856
85206
84316
84613
85979
73383
92759
74183
74741
97333
102036
73690
99804
93596
95120
84693
92064
85942
76170
81292
87565
74804
95041
104527
95882
75758
86783
92628
105537
74616
92374
74865
80000
76278
99882
95118
76383
80433
105072
99675
78244
95722
89396
105662
100579
90990
88417
98192
92906
93546
81341
103688
100188
103681
104115
84087
76443
100892
87381
99382
105707
105985
83873
88285
97493
82984
91651
74934
104650
103753
104988
85874
101385
100538
90818
93722
74435
88056
96584
90952
84348
82052
89087
85910
101300
104432
90620
91735
91591
91705
80924
96901
93714
96855
100166
88059
104791
77075
87024
81124
106082
83481
83685
100212
81133
79694
79685
93142
93122
74339
93645
83557
78367
89259
92504
89630
77918
91433
85158
76629
105429
98542
88413
95912
78332
94626
105549
91186
91853
96864
77560
81665
86641
75463
78418
104649
74264
100429
91845
102873
102441
89559
99704
89423
75675
88455
81617
87432
87714
96469
98873
79067
103567
74466
95007
83591
106225
98568
77631
74729
102913
83382
84516
86515
90173
87419
74219
86745
93522
99936
94539
98317
86079
92539
82642
82030
98488
86721
76145
93885
95176
103196
90683
99408
93115
104638
82794
89098
98107
92596
105635
74122
105401
76990
93307
82083
100111
78942
102201
92428
74851
81967
84701
96857
98382
92280
89186
93226
92221
92161
92737
100003
102680
79909
98358
98076
102690
78633
96326
85273
78113
78028
95489
84860
88254
86303
86277
96761
105006
92567
75715
94923
74002
84065
88966
92325
100508
82421
81073
82156
89332
81134
79431
106019
84954
77849
74673
93863
84108
83660
78780
86940
75498
73593
97506
95271
94680
88194
75466
102621
98532
89935
85266
93052
102697
79263
98123
87769
91506
74011
98885
99098
78243
96561
79501
88613
87381
100127
84021
98393
76225
76878
101331
85371
91871
82658
77004
86515
91087
93327
102611
80952
79479
82862
103596
78473
95854
74384
99894
95454
75544
95506
98216
88862
101651
84081
100379
99218
94930
101728
105801
83354
73864
82008
101012
81054
101192
93232
78154
98120
98154
80621
75303
87792
84528
100571
83995
101208
75434
77277
78926
104090
94678
94465
80738
87390
92684
88663
80888
100176
97689
87812
99957
78802
93355
91026
77318
83693
82541
77962
92897
96910
92530
95557
94670
90095
89943
91391
91366
105811
84900
96813
82331
78838
97780
101392
94201
90692
104278
90763
87852
95817
90866
80946
105281
74857
74224
96931
92209
79441
85653
92441
93723
75309
105135
86334
94929
96795
77108
86593
105622
95200
90918
77353
88614
92379
104377
98665
101367
87607
79800
104628
86719
99684
74789
88338
75574
87239
75808
93748
106269
96432
99849
78596
99199
84109
90089
100481
105527
93278
98062
102090
87218
97897
81654
95352
105974
95535
106351
86065
78307
92574
82427
79995
105401
101768
87673
101837
76251
91732
80642
76524
77011
106484
86802
94069
75669
101399
88552
88245
87304
74143
78895
105665
75458
102485
99549
97219
74003
81115
100700
80787
79942
80099
98536
98695
103203
101279
74552
97931
87737
89720
92768
74100
89946
90627
78838
82833
101094
98097
97651
99203
96333
75974
81885
82511
90191
90380
77475
95922
93062
83912
89545
84661
76199
83053
103236
79744
101893
73872
83880
103283
103766
75420
104960
83571
96442
104647
80637
104578
102905
103492
103252
85651
87308
79034
76129
100764
99040
101366
100880
105452
96598
82397
80125
84159
83086
94372
93146
74256
87397
102723
103698
96430
98620
101414
98731
103058
77564
82470
102001
105328
87382
74169
79953
99212
77392
105573
101379
82127
82941
102523
80108
75290
80523
97025
84802
83162
97156
99824
86385
101597
75341
83616
94397
106084
92659
82048
77097
98937
76838
98314
92312
81282
74118
90614
89395
94231
80670
88750
104202
96785
101678
86531
78078
87011
103214
91934
88286
102958
95503
78009
89808
83855
78276
85391
87027
80060
86785
88336
97346
104143
101955
104538
104380
78817
96016
95077
83650
91611
75392
102013
101824
101257
97276
104438
80911
92144
88902
106011
80410
83938
101305
98663
99008
75215
105683
87800
84986
81886
95216
85824
74430
87100
91992
95486
97827
96180
100988
88172
101829
80513
102269
96954
83819
102240
90606
101820
96231
76009
89819
89056
88894
82206
85514
93282
98313
98117
98432
79811
96795
94195
79943
98423
75876
82794
81263
74718
102933
83492
83027
96117
106245
83888
100638
99918
77652
91069
83085
82621
87630
90485
89590
98389
81042
105740
97929
84498
93555
77720
92630
92376
103326
84259
81807
77340
92413
94462
101007
87777
89564
106585
82204
105191
80715
92945
105065
80927
83139
76489
89439
76385
105740
90172
101533
102241
94813
81617
103358
87776
79302
104049
88538
100127
90571
102293
89423
97689
103506
93603
81089
91121
98239
84858
86367
94506
96093
99915
81512
84758
105216
84652
104942
105489
91624
96231
103131
78063
74985
85400
79921
78642
104393
104311
83350
86912
82410
84850
104719
96341
77352
85503
79372
83190
76293
86192
96677
101542
80900
98055
91171
99867
88402
93581
105410
86835
106155
98078
101557
78052
102524
78983
84587
90993
75333
105043
103953
78564
75074
84193
77400
101304
101962
76474
85112
104406
74487
97570
94837
91075
83463
81645
93856
91159
80642
98708
79970
94001
100637
86152
100917
98089
99679
74438
89331
86022
83970
101036
75859
77361
102684
104459
101552
100650
90239
106621
84493
106106
83165
90617
75863
86249
75312
78756
79081
98288
102232
80106
96598
95089
80646
84686
102242
77734
92122
101246
79441
83288
79816
88107
85349
94801
106176
101655
87970
75283
74894
86000
93396
81610
97791
87132
80851
103040
82245
85717
98822
104592
80284
100791
105510
83805
106030
86167
103492
96835
77876
75223
86286
95182
99423
95863
84558
86058
97142
81966
91827
97243
77376
89530
91860
98990
86180
93556
98674
84720
86031
99879
103677
102621
78102
77346
103002
79451
94301
84108
99556
80617
92855
93432
89009
94162
102542
89401
88086
81062
92294
101752
83309
100330
75101
94852
89621
104463
86806
100968
98747
98465
89942
86851
106712
94145
98574
74836
98683
94165
82778
105813
82249
94590
79785
106506
80066
78283
103199
100377
74694
86188
80695
103708
78679
76713
99757
80629
93344
86227
77723
85089
96566
105979
85986
78801
85151
90147
84171
77429
82705
100146
97518
81305
105851
82412
84819
82484
97994
103968
104152
95934
85605
84259
89298
80707
74745
76926
106231
92086
106620
74468
74876
104583
88172
94567
87674
76151
78680
78059
80790
86700
91298
95194
87777
105472
90499
95257
93693
105119
96335
89403
96898
77009
93435
100085
84639
75796
81628
78802
103685
77166
97201
75816
99328
104449
82916
77131
97255
80352
91149
87296
106679
88865
75704
102709
89851
77620
84328
95215
97263
78963
74716
76675
94436
78329
100496
102153
103910
83896
89991
85774
90013
83142
95304
106121
78961
79864
103463
92176
105713
93874
90565
90956
86902
87549
98778
106155
96003
94682
99634
86356
91504
89815
78838
100704
98504
102879
106029
100935
91119
84566
103810
94104
84616
92774
95304
92142
77845
76179
87483
105503
92768
87446
74633
104118
82715
103784
105617
81828
87235
90781
80106
81970
77514
77043
102183
90938
99572
89131
106201
83351
93698
74775
74838
92890
95630
89845
88505
100926
99638
90619
84266
75743
92412
98355
103520
85542
94957
77705
87395
97160
98817
99363
97431
104560
94275
95728
86006
100729
76849
74884
94109
78305
98662
101667
99210
96827
87158
91931
95908
77667
87578
105047
90875
85431
94605
99378
103250
101508
96821
97929
81371
81343
89222
89364
89153
87542
87588
87286
83179
77957
96583
98962
92544
91149
98148
98721
89766
80674
77578
84865
102672
75076
88330
85968
84919
78865
78042
97082
95079
96440
99387
106639
105342
87473
103962
96281
88049
104620
106676
76076
94351
94407
82686
102910
88458
103683
89412
82361
103731
77561
106768
88271
90885
89545
88141
82830
90085
91476
75692
99060
97192
89515
86087
96196
92118
95942
78981
91097
91053
74874
74813
103867
100713
83621
78878
94832
98499
106924
74830
86421
80568
80679
105041
90029
105099
93914
78381
96952
77837
85992
76491
81160
91932
76355
78241
76368
86122
79975
102798
78590
92032
90440
84229
98762
96770
103048
84846
83855
103476
101102
94665
96602
104125
76052
89749
79041
88491
103007
88304
81527
98488
83508
90879
85789
91339
94569
102288
107098
79554
103930
88830
97325
81775
88830
101205
104578
90336
104665
89015
80132
81124
95666
95999
83251
74954
75304
99747
78006
79468
75328
86751
105458
84589
97954
85264
90843
104382
92678
91486
101898
77927
93929
103069
88593
80772
82308
97141
84235
102541
98814
101313
94839
104411
76513
96566
99654
103528
82891
97093
77874
80599
76902
80450
91218
80308
103321
80325
75243
104188
93952
82513
89994
100064
99994
101939
93007
106438
92354
81325
83596
102289
88673
87636
107407
79394
104289
86455
85435
84254
96101
98113
103390
91378
84663
81249
76990
77589
99201
85479
84469
93581
98113
84402
85247
79797
99447
96136
86674
74813
84128
100933
100397
104562
103016
100920
98292
105664
85020
93642
95931
88693
105054
75104
82017
75463
84764
106115
85599
81689
78019
98879
99488
105082
81327
78536
86164
95343
95207
85092
79488
95474
97543
77188
84248
104890
97917
84532
81743
83133
97784
85686
105582
103412
92702
87402
106083
91742
105342
78834
91740
78407
90565
107410
102293
102602
94516
84189
75886
107157
83025
89742
82369
78316
83421
100276
100466
79345
87815
101650
105800
105250
99807
100805
106235
95523
100365
84775
105102
97726
85443
92148
87518
99624
82160
86699
75900
79749
99511
92983
87736
89007
84255
86991
107262
94003
100108
101659
100710
82845
79982
105880
88454
98550
90296
84029
107147
78218
96660
104031
75144
80623
104404
80082
82445
92226
89260
99409
102652
92596
100127
101663
106904
93509
80312
75247
101599
79056
84090
83458
86810
85320
107289
105103
79794
84801
77675
83815
102213
78002
75801
105177
78841
90105
86938
80083
103440
81951
75618
98635
102077
95838
76630
79325
103222
88288
78212
107190
79371
97994
79377
85680
78006
102777
97138
95934
98163
82699
79583
88203
102738
101922
90373
102494
81546
107236
98044
101953
96528
75079
96120
91746
93032
106635
84035
98489
96700
87048
77803
93163
88363
81193
106424
87919
78179
99001
100832
96495
97394
75101
90110
90353
104665
104802
87489
98998
82402
77241
80865
95074
90676
91200
100184
107614
95397
106308
88270
105723
91983
84035
104533
96088
79078
87030
96598
107653
75849
83854
96971
80872
97878
107327
79791
88544
88579
87547
105395
86441
81578
106112
86067
79488
99493
97684
95592
98311
97307
105871
97247
85482
78361
86811
78378
102083
101349
105272
88789
101947
76943
80515
89756
77426
88264
90551
93914
86178
85239
97140
76869
78079
80266
100159
75225
80353
88458
75211
82962
102948
87923
80502
95326
92879
95298
83479
75986
86005
107727
89847
98332
98521
104797
92701
76217
103253
90992
96719
88680
91773
77279
95573
91358
75903
80681
93696
84667
95182
105996
83307
88509
83839
90196
100609
76083
89843
101362
75455
101301
76982
84557
89915
84243
97447
101853
104678
78987
98649
96757
96398
95039
86202
97504
90919
100070
103410
86064
85194
94401
93838
86867
96510
98512
90334
95335
102455
75079
76187
105295
77468
85564
92877
84743
86029
80290
103916
93492
81253
80762
90950
97280
89852
87624
88224
97828
104561
79812
107296
100678
102822
93651
84075
81542
102667
92085
94986
95572
84768
104320
89618
100484
84789
83917
107524
96676
88436
96689
95474
89741
98850
89839
96227
85304
107042
83051
88953
80339
105659
98530
88529
97044
106139
80857
78763
92366
102939
106707
91851
84162
75972
86727
107423
97719
106002
78801
83489
77005
104313
87336
87551
85262
83366
107344
86521
87366
76551
107153
84619
97300
76685
85927
102349
81474
84401
96443
95895
106322
79029
107154
96488
88153
101420
85509
79241
92433
97468
78257
103149
81705
104995
80879
100700
92127
105080
94471
88145
98257
87731
96672
76576
87312
78960
95611
94427
94071
89328
91745
93047
95035
91489
83802
80427
102850
85087
107552
90905
97465
94394
83155
106544
102241
91514
82414
95057
107049
83744
103546
83376
81026
95791
95874
104062
104687
88811
75718
97477
77659
104033
92851
98451
80304
83111
85395
102234
91813
78949
103426
102295
77528
79764
87201
87986
98332
94598
106254
101413
78612
83495
81427
76001
98049
85634
92701
80365
90072
95879
98288
100177
107160
75787
102298
79922
101338
75536
87973
78142
85161
99143
98449
78411
80277
82643
76930
96058
96259
76368
77621
90146
103879
83476
98872
91307
81653
104628
84315
87735
99827
103114
97122
79944
94675
79862
99068
75934
83680
103715
93177
76959
81271
93196
94391
87676
105241
79870
97245
102546
90557
94175
94796
102286
100715
76143
88403
77781
96262
98766
77090
82467
76650
94015
97154
101233
84407
90155
104131
97309
101355
84841
95477
90693
79543
103868
102235
105331
103819
94365
87580
100736
76788
103995
101436
85682
102695
100033
106443
103720
76254
76503
86620
91512
78946
98155
83385
86166
88809
77489
82133
94456
81955
80488
82178
100087
80400
105312
76644
78969
77588
96825
78502
105421
84301
91501
83179
91606
95268
75921
103944
95084
88098
75991
104944
81407
84230
92888
99183
76669
88596
107920
105244
88438
101551
100010
98953
107391
85290
101374
79804
92372
78300
104025
93411
87361
77938
104828
100419
78146
81289
101735
90226
97641
100989
99543
100550
89344
87419
101645
82445
103408
98270
80593
91006
105441
89784
100535
86000
103587
96686
92833
84810
103372
76810
80517
83003
104355
89099
90736
91691
106813
81023
92107
100209
80358
85140
80862
83910
92099
100844
95634
94969
87477
100591
88187
97253
78463
92005
85269
107425
101164
85316
77390
106742
107691
94150
102469
89110
104637
84671
91218
103050
80401
99374
106054
96109
99244
77330
81652
107480
104335
88703
92144
93085
102548
79344
89238
92728
76698
105439
103502
89090
101345
88467
82447
104360
106167
103226
95522
80860
90709
98103
79657
91466
103428
93117
84831
98510
100740
82589
95009
101860
80301
98140
89006
91488
79959
84873
104747
88159
76152
79181
86762
80765
94092
78916
99563
78408
104762
94347
96931
85749
86580
98331
91901
88658
88927
101973
81311
88060
85556
106973
78190
105170
77670
95404
97364
97705
103620
103009
87105
103490
90722
78040
78191
92281
90867
95998
84459
104382
81786
108004
91729
91337
104994
88082
95190
102794
86121
84765
96140
103775
75908
92028
83682
99210
93695
96919
76138
79330
82341
87841
83936
102344
106655
85928
101479
93533
91872
81770
88085
103155
86208
103787
78258
78017
81894
103876
86461
85722
83820
83262
77744
79200
82750
78623
95366
107764
97987
103748
95865
95090
77504
92784
107024
90331
82553
104164
95321
80019
86041
77616
92787
103117
106579
91464
100944
84547
105802
84954
92345
96810
75950
91103
86163
104549
105768
75889
94048
98297
98041
101596
76553
98241
106462
106743
99546
82275
80438
85941
77262
105602
83814
93175
77837
76341
103805
98212
86451
76984
90132
102652
103635
106338
94329
86569
96444
99031
100620
93975
90234
80255
106472
93574
82592
100407
76998
86878
99909
102214
101919
100162
78157
85906
84369
106343
84970
102420
76676
103079
105825
79753
100877
98257
108050
93802
77587
98116
96947
105759
77232
78524
91356
105072
108249
100203
93384
106044
82242
89676
77914
85101
88188
102068
76638
93227
108384
96042
87314
106320
94641
102520
79588
77340
94461
79618
90238
80683
100548
106071
89344
95139
99805
107270
101772
102322
93460
93875
101640
79672
105752
107113
98591
106176
83861
97074
97417
94389
99741
107749
87693
87763
101196
77632
105412
79835
81580
88374
97311
97675
79318
108170
88619
95949
90202
95133
90004
76335
90081
97157
80617
76947
87057
99422
92830
86055
105905
108005
80215
81816
89358
89667
85860
88451
77725
92454
97671
90157
94433
101654
107774
86387
98959
86791
90301
97028
90097
89130
87036
106189
98440
84489
82417
80821
85493
93395
86751
85643
78106
76788
76367
106300
96892
89321
78493
93770
76267
97363
82359
104057
88422
97610
97058
95948
85817
107251
103230
80047
97128
104533
88010
83574
91216
80488
106922
99846
83596
84079
103400
76754
93206
93832
84986
80394
97966
89730
91971
98318
88448
92910
98780
77353
105985
88185
103059
86396
102426
88441
84020
85048
97672
92101
85000
106001
78979
94410
101788
102639
85405
100315
97219
105958
85230
103113
85726
106088
89710
107700
84059
105913
78242
97056
101244
89764
79995
86347
95066
92525
85371
97727
100905
79366
99609
101923
99773
83589
77415
87382
93517
83414
83698
106431
85112
97965
91625
98782
104325
81599
90754
95527
107759
96818
80282
79633
90145
82770
95900
106090
104830
92805
107427
88813
104356
88705
99555
86806
85490
99516
107333
103477
89160
94756
92753
100546
80909
85009
89425
92400
81527
94584
108467
104836
81926
93281
101552
93416
79186
88987
96811
96891
95495
107694
82652
98348
90926
98833
82861
98887
90542
82333
96356
105870
76306
83778
82819
81804
95372
108537
93548
80166
102458
94457
106185
89971
86185
93998
88619
77518
95384
101095
80113
107561
92670
101327
94060
82084
103246
88350
89153
93022
94713
100880
108302
107914
88628
88727
78416
83142
103421
88140
91268
108457
101720
89004
101516
104603
98783
106881
91477
86762
80761
104606
97463
89626
86122
79823
98716
78716
98956
94224
81253
90626
107483
102141
81033
107601
107575
107914
92799
105752
76902
83700
107743
77216
92761
78840
100804
105125
94896
83522
99700
95077
88960
77864
90947
93942
95315
91288
91572
78812
81776
80719
76258
81371
102493
107852
88606
87562
95139
99717
95194
86313
82897
98776
107718
100404
102339
90180
99128
81720
79396
83033
107985
93798
88626
90349
89694
106854
103873
94737
105468
90350
101507
103236
80000
88722
83078
83430
79125
80606
92158
80879
76327
93602
87109
80608
93824
80013
104992
76538
80305
91133
86852
108206
83380
91670
94489
106070
78799
82962
92349
91170
80059
105943
90188
78933
87046
104399
82271
101809
104118
104180
87250
93743
81199
99114
84939
83956
106583
99282
88567
82561
82423
92828
83223
105514
96357
82076
101820
81865
97632
76193
103758
90803
91195
102850
91475
81643
80702
88377
97262
81302
89161
94837
82342
107951
78010
108138
101481
107260
93329
95020
86993
80193
99538
80060
96934
96179
91435
108577
86435
98479
108759
108731
79741
80300
88770
108501
96801
79727
98542
99961
89405
80510
96021
104840
92675
85974
89232
94218
93226
92640
104823
86978
81973
99746
81674
79877
87799
77874
83791
101069
102999
98417
96253
105482
89937
88309
93337
102200
78141
99911
101343
101174
82516
101711
93283
105558
81264
81420
93304
97457
79123
89737
98641
79549
101291
98828
98662
87585
78100
90256
93721
105159
88415
82549
98458
90675
102610
87159
97800
80660
86319
96221
104153
87833
97338
90866
87419
85766
89973
107961
90171
93447
107822
91869
103015
94532
87739
93415
77999
99509
87045
83891
81105
85560
91203
77349
76918
89569
82952
91160
100182
90769
87168
81047
77987
89546
86006
101456
90021
84417
108442
106565
101282
91573
93826
101573
85760
105600
95726
92315
99757
80236
98000
84101
76479
89927
107660
102120
80216
95674
91388
91073
103629
98518
92599
92383
80903
104176
95891
97872
85033
92335
106856
76569
104050
102243
79639
97834
85350
103832
94667
97168
101672
93676
91263
92653
82731
85021
81857
103461
80137
103526
86965
86875
83635
87308
95068
95516
94155
97844
105750
86489
94286
84983
101478
108443
97398
104120
104694
101618
79839
97717
100059
102446
108520
106461
76825
87762
107868
87778
102250
86342
102738
108686
91195
87756
86353
90714
100344
81333
87736
103229
91273
82901
79197
88002
89117
88884
101749
76893
107046
77574
85172
80383
107940
95454
101045
86248
94375
89630
99483
99773
106767
81330
97273
107738
89751
79358
97519
94185
94738
99092
85910
88499
90612
79147
104606
78903
79891
94029
93494
99577
87215
97871
89644
95133
94896
89094
81494
100020
82224
94904
108592
107222
79417
79057
100038
98289
98000
89303
107989
100576
77874
92576
101677
88384
106077
76483
76633
85375
97234
94540
103298
88373
108186
80052
86673
104376
83591
89104
106388
84715
106684
76680
93027
80982
83055
95755
103299
78972
95470
88897
80970
97384
95456
96705
104004
105866
104142
85381
103126
86977
79586
86682
85025
91577
98798
81948
107561
87927
77231
94050
89911
76594
99924
82806
81276
107621
95546
107720
88054
82210
91386
91427
83096
89513
108197
106463
83365
79417
80974
92761
100445
80678
77001
92320
79579
92972
83123
105073
90430
108547
92338
95334
98823
80179
89342
104810
106946
94506
108065
84080
89577
108684
91899
86629
87813
99274
90120
76898
84502
79606
95206
94759
88373
80854
87313
93381
83832
77367
82162
94618
76822
82563
93208
77186
90315
101014
99269
77900
77694
97486
92332
85099
99106
94561
100089
106222
106458
100852
94098
86963
108128
79721
104092
96727
91815
86520
88898
97392
83391
96129
81073
103295
80634
107552
90215
82208
108621
80131
85422
77572
102904
91512
98915
98337
96617
108106
83196
92840
89950
85838
88010
77368
78155
86841
94586
80465
108027
81332
106210
104715
85369
103347
94715
94728
88113
101890
107049
80295
88403
90656
98755
90234
100472
101713
93391
104187
83592
87535
103693
96634
92635
96001
85816
79962
103838
109071
83336
102525
106617
99124
78715
108541
85614
86900
102101
107293
90629
99664
82405
99711
84134
108440
88843
78743
91718
105089
87415
108639
83014
103159
89907
78668
108439
92212
82020
86657
86563
90002
83917
97604
95080
92829
90260
94894
101478
101229
79177
90278
84668
86835
99364
96016
106254
77585
100494
80705
103081
96047
105955
77750
106602
95243
98167
107526
103644
85520
84439
82198
80288
105323
106833
107916
86034
98330
106934
108166
106281
103493
97118
100491
104607
99538
90477
83138
88402
107060
77141
77409
100587
86403
88988
101481
89277
103378
83424
97169
82416
104381
81432
76927
94942
100673
93980
86590
97213
103377
108136
87277
94847
84645
92956
105652
91638
93014
99912
100605
84028
77480
90215
92128
88146
105382
88105
98782
85767
102645
95862
101843
86811
96354
107439
106790
96421
88253
82487
94275
85938
80362
86578
95051
83503
102197
98956
82697
90377
105446
86845
82473
102546
99861
77004
91812
107559
101312
102674
79743
106768
101915
84289
86709
98471
91943
79141
102258
104892
81286
106409
102529
80185
84622
81052
88840
77314
83612
78773
83315
85023
94123
89301
86702
109341
89637
102797
85399
107441
105464
79840
80051
86175
78317
92746
91679
104154
106294
90369
84938
96493
94021
98426
92130
80281
90597
78127
84364
102848
88451
91296
102872
97666
99276
93079
98548
91301
94334
98737
91040
107066
100983
78362
95457
77693
108307
96664
100346
95742
106420
84427
102040
101630
108962
86451
85837
91676
90134
77682
90175
77105
78993
94035
80418
89976
80242
97292
96099
89586
96968
91200
103334
98056
88421
104776
81779
90995
105524
101171
105516
103001
109516
83467
95299
106680
109636
95322
82857
92168
92489
92909
107658
102428
84079
106968
95287
94282
79301
81595
83044
101323
81580
103491
93331
77156
85737
80627
85968
91718
82936
108324
109215
95284
84643
90186
97587
86755
80596
81274
91616
97446
91560
84777
98259
106059
100804
81463
104961
82495
90604
104492
88669
79609
98770
90305
106830
78998
95531
104610
82272
99777
87304
84338
89914
79830
83812
87823
101840
104007
105721
95768
96985
95550
98649
93101
81796
102276
94521
96886
108902
97185
92944
106727
102327
97349
101857
101570
100543
77798
105044
92125
103307
91051
100876
90661
100836
101769
78133
105699
93826
78252
106076
88894
93052
79640
109700
105473
103683
94096
97142
98463
83024
87734
82520
107893
106203
85109
77953
85838
105934
85660
86156
102956
108985
95691
106923
87366
106119
80275
88894
88141
84913
81881
102053
105971
83121
80763
105298
90030
103866
106039
108834
93881
77990
106952
105709
108125
108080
93265
80732
86894
98147
87039
93690
79128
84818
99818
89742
96988
79114
103485
89257
91093
79301
77719
82299
90944
79712
102321
83434
93755
80655
85824
98022
87757
88144
81693
95222
88103
108573
95395
99351
79913
94310
104280
101575
107048
107454
78288
100189
106223
100693
100815
102555
85507
106790
82862
102022
82988
104561
87296
92277
78640
90732
100981
99689
81634
84278
107774
99484
107355
101132
86577
91229
102536
87999
99312
101146
89829
82533
92997
91839
98695
97103
105105
103999
88416
91708
103142
86383
85439
90316
82097
99099
85526
85304
109468
84308
106752
79167
89522
86023
107650
104804
83396
80340
91025
82006
104716
101148
107733
105136
96273
84828
87725
102114
88778
86202
97395
82287
100358
92638
98561
77146
105484
88579
103028
106714
90750
88910
92976
94805
100227
105310
109604
98700
91172
91684
109647
88340
92663
94965
90498
99333
94715
100317
83560
93174
94916
91959
90565
86824
90584
80762
86779
81665
83032
95574
100306
91836
78563
86016
98168
96864
87223
94154
81607
87534
103961
85750
88519
95455
105976
93388
79476
80333
83661
94954
93377
89713
106181
83164
92124
106445
78626
77292
109748
96938
109278
106811
92601
101445
95378
81937
78818
92998
101271
105074
103669
101617
104555
89586
85763
101024
94294
91850
96561
88945
79949
91946
88511
87612
77590
104657
106818
102344
90797
109788
92980
92478
87271
93659
108463
90845
86869
84010
86646
100080
99947
109695
105269
98557
97249
98495
90890
79168
77914
103190
78659
93271
89156
82758
102762
91967
100351
87615
87167
94079
109377
108529
89988
79779
89017
77662
91455
106476
85746
100595
104763
78662
78715
97048
94736
94330
107845
108806
90340
78757
82252
92120
107058
87017
105593
92645
101322
84322
106951
78926
97305
94044
105382
103123
85675
79555
93341
97771
96750
89306
80690
108307
80441
96816
103694
106342
93708
97745
85341
85102
100250
92345
105076
106298
79748
89486
79542
82352
79080
88206
100536
77349
83610
107462
104099
91435
94641
88964
84186
79274
94534
104208
81885
84787
88952
100759
82286
95888
104371
77672
98546
91296
100915
88931
83737
79714
104643
80045
81089
79183
93387
103593
89368
99053
104073
99620
86785
105121
95647
81616
83386
95940
101070
77812
88251
107002
104193
78689
90849
106943
109453
94120
106699
94019
102327
79498
91781
94840
106359
96432
103523
78697
100219
106909
86832
79309
98927
94176
88968
78556
97148
105870
85123
107873
80398
93423
87444
89105
96987
93560
79792
99867
104993
101625
90546
93696
78638
84248
109566
87717
88358
103678
96100
77479
85249
83792
78664
101870
87251
107617
102144
78213
104528
88230
88702
92584
108175
96106
88623
110111
100622
86466
102946
85195
100343
80324
85101
91775
99233
99828
89805
110097
100186
92415
95116
105904
96612
94636
88488
104055
101437
83727
106545
106051
87331
95488
98547
77762
109528
89291
89685
86221
79779
106025
88193
90872
85399
101487
81349
90727
99351
99334
88633
100067
106394
78875
92835
97068
81068
77975
79511
106129
88886
90194
103907
99519
77566
105347
91434
108503
88433
102012
110030
98499
94369
78996
99603
96713
96138
98148
91778
94048
109465
97846
101772
78659
84847
104890
103024
83397
80610
79867
85599
80228
108612
89234
84701
95392
104168
104729
82026
83470
94947
90595
92258
97960
102928
105194
108066
99943
83543
94473
84844
106260
91438
86892
97293
84315
92255
106820
95420
98337
101388
90047
80198
81431
101873
101431
93672
98703
94698
89770
90108
82575
94133
102506
98777
102180
93688
97045
89588
82425
110214
107464
83275
100136
102366
99984
81155
107344
100341
79393
94031
78056
80949
107467
107413
83923
88773
107433
98764
82740
104715
98588
107817
104835
97135
79735
82426
96993
84578
107260
90834
108968
88223
81416
98534
82247
97969
81546
97207
89933
94134
108473
78833
90819
84834
107527
85395
79295
102727
80720
89425
87350
88403
80216
99639
101138
95642
88180
83086
102020
90453
99463
98051
97948
106795
84528
98054
92951
96432
83522
96113
89976
104748
108917
84074
107610
109981
107611
101258
109316
92159
85909
109375
87870
95178
91206
100718
105315
94653
88264
96605
105144
90330
79262
102609
83452
104626
79530
103539
108096
80098
101536
99192
84473
78302
86715
99969
100436
84717
101551
83392
102089
84341
82142
92765
93427
105849
99022
85784
103071
79712
98779
107567
95267
92920
94249
100994
84209
99258
87517
92661
104555
93776
107661
100118
100601
105300
106228
105472
107865
98139
92395
96383
101431
87090
86933
93556
81406
98151
80345
100219
97517
82443
98581
89292
95085
103863
102928
94815
103586
88781
89649
97364
92992
80896
83183
97681
84640
92951
93577
101037
103955
105197
92407
78861
103030
88765
77856
88908
95750
79516
86605
96224
109174
82247
92126
102139
95551
92959
105788
90800
96824
84594
92686
105559
85094
80124
84144
95794
98581
92846
98784
108625
96551
90542
90299
105650
87213
91038
90857
110253
83124
87073
80148
96655
110433
104603
109470
96902
88641
92473
79763
100797
102106
78642
96220
93895
93574
94284
110262
103489
90753
104353
99171
106163
94528
101283
83999
92856
84484
108894
89174
79455
89520
89341
98068
96720
91095
90000
107965
78643
100122
98828
109310
109005
109489
108947
92675
93292
99399
90358
104939
102150
92427
107385
97657
93085
107780
83158
80652
92773
109988
105092
94417
103721
96417
84536
88375
96747
91136
90541
103331
106699
91251
105377
91494
104746
93668
95776
100076
90638
84562
97796
86325
78280
86748
95165
89993
90325
81691
109902
96616
97283
97973
88472
88257
82388
86319
100571
106596
102183
102403
106106
104120
98069
89843
102398
96433
82458
79516
103774
96509
94325
97614
110206
81790
89041
107035
106997
97533
107556
93742
88339
91933
103384
98399
81187
77965
100137
108292
96749
86402
90830
101385
84351
78949
89563
91971
109869
105160
107238
109313
79831
85663
101480
89828
85354
95149
98407
105713
97193
101692
110418
91365
86062
101393
80429
80328
85931
96415
99309
81349
94838
101755
78374
81977
84549
87568
106723
94730
79158
107924
85461
78906
82450
96827
97969
79036
109010
106666
108243
85382
98914
109486
86055
88551
102054
103470
101193
95771
85947
103774
109291
89373
80767
104758
85624
88252
80979
84259
98294
96241
89631
104188
92465
98160
85143
86583
91158
84093
100029
105821
92765
98817
93095
87995
108651
100317
99459
85851
79734
83070
110552
85810
82666
86193
102927
89499
105739
83385
94001
81668
100060
95648
86514
102631
110400
97738
107503
102653
109920
92112
105268
91310
96844
85131
106753
95435
110053
109934
103886
78207
99066
96281
104076
86659
91825
92204
108334
92050
104233
80729
91752
85277
103773
93118
110262
88383
93772
91249
84129
87283
106327
91228
102974
103813
104938
99147
81911
84550
109150
101699
105101
86660
83486
108566
89694
110521
99593
96052
106468
92163
84504
78276
88447
93396
89921
89843
99956
88555
100507
109708
94005
106627
86722
103370
101091
94922
106621
82026
104977
99220
80798
93699
89803
93777
93482
110490
103894
88892
90298
87409
103738
78806
87841
91425
78846
97171
93263
88040
89907
106707
95350
103236
98356
88595
78955
85953
104491
90981
96590
90639
79063
110621
86893
105047
107149
91342
96358
110031
98173
109941
102540
89741
103479
82931
95116
87449
103790
80577
104529
90949
78587
90079
80932
104897
104484
85005
99608
95722
82207
94782
107429
100963
84434
82762
79763
90343
104925
80355
97305
99805
102874
90826
98119
94765
105955
79170
92321
83795
86357
85958
103181
102834
94164
93431
97775
99626
100240
107736
88466
92140
98502
85565
78538
106381
83593
103553
98775
103514
93378
103800
106637
89836
96118
105380
93106
95228
108359
84140
103336
82552
94014
82953
90187
96213
96199
82435
93213
89768
86781
95964
105121
101232
83496
84555
85508
84918
85124
89900
106498
101209
79685
82805
107016
107555
102103
89196
92310
84895
104810
90903
91624
103215
109230
99572
88021
110169
106715
97515
85239
95074
78581
80001
99596
84510
95310
89422
110748
97542
110924
82609
87005
106635
100716
78786
86227
99498
92807
101768
89275
91329
86357
101741
91306
84385
95023
91118
107890
86500
79129
90007
96965
87169
103423
82991
108957
102813
90687
107056
109018
91556
97896
82554
78637
78489
91969
96839
102710
95146
86286
97122
99049
110344
106510
95380
108854
80373
93256
104031
84201
99103
94856
85999
91087
87852
104100
88142
93466
86934
88835
88023
105734
97209
94560
83437
108477
107562
84172
85741
88952
108619
81138
87648
92648
106012
84639
92534
90324
97364
93570
79280
103939
91825
101168
88028
100956
103564
102250
104262
100428
99760
105891
90413
98664
96620
97213
104564
94036
89063
104980
101786
80867
105908
89277
78572
95359
108966
100880
90361
85196
93414
98915
81735
78984
107842
107801
107844
99510
92616
100060
100223
100347
106900
89382
83224
90696
89318
82694
92534
105401
83064
80673
79415
86717
103182
103159
100717
88440
85326
101223
95239
82533
109522
92789
103565
106560
93052
88652
100881
97571
96265
80255
103266
85231
107753
82068
110210
89837
92238
106691
85082
103093
85124
98299
93357
87119
101248
95782
79435
107417
100539
94126
89991
109288
105793
104768
97002
108786
92676
80080
97321
111084
107639
104413
100693
101359
102744
90870
93266
109216
106957
107133
80010
101904
91827
110763
96482
100577
85555
86228
96750
111019
90006
84972
99424
99229
92506
79435
105415
94824
87429
82605
103798
95576
104505
83581
105409
85444
93321
86867
94576
101545
86923
100795
100717
105362
100782
100664
83648
85179
91726
106888
96445
79477
88454
108842
92028
89548
97350
105758
99466
95336
91813
93676
103390
110001
82040
105959
90383
94007
81955
103603
87236
90192
101295
84997
97899
105731
110621
80298
91694
102436
107258
105163
80674
80065
98868
99439
111042
89789
99884
89409
108189
96955
88588
107668
88395
87357
85595
109220
86949
106765
104911
106014
86326
103645
105570
103139
80620
84010
88231
91657
101139
87910
104287
107299
109956
103253
92488
85699
110618
81848
97077
80445
87910
107817
94307
83117
93092
96838
79627
109883
86509
92177
101172
88733
83374
109975
105419
80862
83544
108240
99829
108126
101721
80583
105124
87323
106572
95482
107113
93486
86892
85508
103305
109465
86095
92025
93778
106559
95441
81682
78767
105012
106062
105738
109051
108855
79124
82375
91155
88189
101399
104125
81583
100017
92391
91792
83954
98104
83936
90232
83263
80057
110752
92906
84815
89309
110271
100725
105600
97619
82618
88554
82288
104984
89903
93375
102347
89333
83536
97461
103265
110153
88978
84409
101756
100104
81317
105224
97904
107524
81065
109719
93555
97899
98463
101298
90799
109969
95261
108259
83862
103920
83782
103701
106870
100718
106234
88057
88653
81118
83018
105897
101342
79560
92207
83340
98564
105325
85883
109689
90439
96774
97039
99359
80557
98125
106575
80292
89554
110910
99795
110476
81979
104479
104543
85725
88296
96446
85014
78720
109352
99322
105962
96235
95154
106372
84311
91133
109552
109543
99921
99113
87966
93126
91003
91607
86164
94309
102553
102919
99552
110444
109896
91960
88856
108007
94189
96648
110831
109712
80107
108572
108549
90449
91673
94914
79108
84485
96883
86741
107752
103551
93711
105314
101534
104397
80467
107656
87761
96957
95846
83493
91137
107425
104420
91567
94421
87376
109526
105311
79538
105837
105441
111253
96908
96236
86973
100728
97788
84945
88809
103388
99987
107835
79517
99690
94063
86178
108545
91898
96523
80733
105116
105284
84827
81255
87823
104120
89625
110690
85507
85674
80730
96220
102240
107442
86116
89810
82367
84819
82115
93810
110115
97498
94106
107045
78819
91529
111416
105677
80107
108533
91883
82763
92709
92845
85785
90181
90161
80412
99212
79142
97372
82353
87054
105574
102864
106557
88886
106763
110344
88988
111489
110448
105351
79767
98980
82757
89546
95241
85793
79575
89467
79425
87065
104337
95719
106920
83809
107459
101554
91043
83416
87459
98505
79547
88567
106386
99737
106748
86185
81312
81535
94618
86109
82001
110207
82395
91738
79010
86072
97584
97875
101703
92695
79013
96316
110903
94924
82300
86108
86890
104954
97045
101794
96225
84275
99346
92732
84456
110883
94904
92774
108440
79627
88215
87424
99999
87666
93549
83300
104004
84759
90440
81910
82597
104233
104939
102141
97603
80314
89971
84529
93889
108914
80954
83860
95721
92032
103420
91654
104432
81622
79416
91668
83451
99222
94169
83218
105441
91847
90134
85609
97331
111181
103575
87857
109946
98584
110809
88067
89279
83867
107731
88328
108881
82048
79578
91222
105922
102810
91330
94845
80435
81179
90182
99676
95185
111367
109225
91450
85408
104168
103326
111634
93816
101828
106342
84781
88141
108620
104504
104182
107699
81238
85733
91403
92832
84109
85692
88208
110964
106855
100523
96456
103736
106072
80296
101862
98339
96326
102479
81952
105827
98876
87501
109830
92442
100706
105980
91922
98726
94509
82639
103296
106021
90067
110321
105055
85560
102146
80809
105705
91912
103633
108033
108048
82311
80119
89895
84313
110073
109114
80915
107501
82098
108587
84074
95214
89121
95505
82083
80391
105485
107555
96104
104775
99871
104442
109119
92463
107425
83269
100713
110089
92293
101823
96010
93052
101289
83806
82315
99678
111705
82893
89405
107209
106774
93213
90431
83825
109461
83128
84897
104244
85515
93590
86217
96243
101800
94899
80406
99745
93793
98496
104388
101529
87027
86552
84496
97845
95269
92151
107932
103324
81485
91110
79636
103131
89109
103802
92690
92728
110463
102462
104255
103874
94759
89582
81340
99117
88521
106726
93120
92125
91650
80601
105090
81217
80731
84934
98649
87906
110467
105768
107553
84412
92892
85358
106722
101964
82745
85930
98476
107242
111591
103309
102341
102617
104170
92563
98567
103069
99208
96123
90243
85004
95756
86266
104810
84136
107716
100528
103214
111660
108108
85339
109028
98661
85262
91979
99821
95043
89098
109078
104149
80944
96467
110220
79227
108448
98010
92397
110962
98794
104431
94042
85416
111190
81413
99466
94277
80759
100918
80574
100822
103867
95495
82679
96171
104512
93164
80998
91517
91113
90127
104484
94805
99506
111181
91427
105640
81216
106625
104549
80327
110781
104454
107883
97399
89826
102775
97009
85723
108117
88505
79832
99227
82230
93244
109668
107071
94196
82557
97191
86748
83558
81104
94525
109811
85783
100444
89914
93590
96481
108135
104545
88268
99005
96468
88727
84535
88537
96233
81303
80116
105963
95574
96742
111299
81862
102515
105482
103016
93738
81866
96247
95569
83169
103381
94410
111736
94727
104201
92345
91275
83370
93971
93514
106827
90003
107361
95172
108594
94050
109796
80355
99928
80609
111380
106192
89495
89746
105013
100432
99565
97418
83673
108604
100387
85378
80551
79409
84652
84012
93786
94600
86480
86723
101645
98185
96778
111334
95413
96731
105390
110502
106479
82239
90830
104926
89340
92287
89695
110275
95753
84896
101016
100539
110260
108383
88731
103027
80589
83164
99671
110635
103001
101776
104877
103253
83677
105348
105937
93279
81369
104901
81396
93901
95378
100627
85536
88970
110868
81113
107363
99712
83064
107618
100399
99430
82531
111689
86017
100825
86479
99377
85569
101551
97038
95415
111721
81544
104203
94629
105322
98213
82900
107624
80972
83198
98901
109253
105492
107662
90470
107975
110314
97266
88585
111868
79483
91442
82156
111073
90013
93663
94518
81818
90929
83038
103552
99046
110158
85891
109600
104019
87452
91234
81838
102062
88061
101985
87233
107454
95347
105874
103418
86322
104254
94016
81732
99287
107076
107720
89433
108302
103606
81066
81545
108158
87537
82400
81591
79878
108450
99695
92324
98805
99118
103995
89712
94590
91729
92959
109405
87398
86789
95037
90839
102656
100005
98451
110769
97115
109650
82128
81586
81594
102038
79973
103248
85060
101447
95198
85435
79869
87214
90995
90909
102645
110313
103642
82208
100800
86158
81760
96690
99621
100241
87608
89093
88858
80744
103699
106201
92657
100716
80625
98301
83916
98435
91958
97555
108630
81916
85248
100757
84661
97722
110776
91669
99258
79765
91111
97481
79963
103421
111435
91974
89188
112096
97067
98700
84329
100302
87527
110147
98815
82524
104659
110660
111916
111046
103237
81243
103963
98008
82925
110155
89108
98062
96357
94227
97964
86010
101129
105072
98873
82406
111369
85923
92297
87483
105149
84340
104916
86561
110648
79735
88558
111592
91167
86670
105921
97703
84668
84399
87291
109218
86862
93160
97284
84209
100771
111520
100915
98015
103913
104223
102465
98193
93890
82513
105214
111336
94614
105926
110146
103591
87341
83710
93223
102105
109181
89572
81013
86893
90048
84888
100446
96548
96714
91761
89708
90029
96154
104259
103095
106254
103471
91101
110427
99909
88733
99030
84265
93487
82015
89226
101533
89514
80367
105823
104208
88054
97684
81229
94255
112226
92283
106653
79788
95268
80394
112112
88884
88968
104817
112004
92320
89933
104834
91571
86127
107339
110274
100540
109684
96346
84928
88006
89804
85872
104357
110370
105747
92169
94989
85969
80855
81356
81685
88646
85581
96619
105141
91756
93763
92363
100945
89323
82006
82533
81290
95656
100453
79852
91994
98186
90694
105519
89184
87428
94903
106562
93048
107728
107671
93144
107663
92280
83542
103668
98742
81435
105386
80577
108148
96238
79747
83901
108897
102401
111170
106269
105456
90308
102437
80238
83085
83657
93190
95352
81640
102347
80454
105063
95888
88816
79876
91181
110531
85579
88722
97058
103045
83365
86825
81389
93167
89725
96987
85160
104906
99661
80586
106559
87132
92175
83096
110873
84610
94720
110366
94459
82943
111780
84833
105513
81428
90634
83393
107982
112209
80977
92020
82845
104362
106091
101427
89273
97741
98849
106547
90066
82611
108375
80471
83089
100981
82066
108196
80951
82274
84151
95477
87425
81998
91670
90096
104398
101164
97958
106552
88451
89568
90514
98276
87471
97102
109045
82481
83179
94903
81634
111475
97669
85829
103592
95570
89821
91620
103252
88882
101390
111956
83575
92915
80337
101500
80425
87515
103327
92930
108877
97744
97302
86040
90391
88779
109726
93081
97740
87177
96332
91476
91337
91268
112135
110248
106439
103457
103913
102993
97629
109355
91623
95873
105158
107136
100789
99634
80613
110346
109028
110267
102022
96497
89678
80546
86503
86799
87987
88754
90999
100005
85156
95309
79837
100172
109984
103427
85820
107310
91262
81763
102326
99189
107274
104720
108847
102660
99571
101144
91731
102757
100581
93058
102106
102403
107762
85798
81674
92058
96822
97986
88190
98283
93115
82505
94247
103348
105626
95870
89488
103135
104803
106690
85862
95482
110783
95530
100663
102375
81748
99029
110202
83669
94953
96893
81616
107887
84171
82763
108425
80722
84847
86512
101994
84933
86872
95729
80301
107940
85819
102722
80202
112542
87906
93719
111989
111777
102478
108279
99944
89233
106656
87314
96610
81216
81466
96468
91888
98203
104097
86202
97899
103713
104101
103013
92866
88474
87365
80365
111737
97541
107981
90999
99570
84434
103745
90890
110316
105297
87806
102046
106569
104555
91295
93814
106772
99984
87326
83888
99266
84208
110395
111899
109240
90094
80674
82504
100110
97489
104264
81124
95379
97725
103574
110660
104209
91619
105929
81730
105682
108020
110105
86088
100962
84187
105240
81834
95127
88235
112094
101433
83407
102358
100195
111125
100217
109217
109612
108482
110807
93396
103210
110974
98817
110518
107487
98002
96814
101432
102338
83560
87087
95601
86757
87068
109628
87882
108501
81237
111347
101755
94913
110486
102814
83638
92127
101712
91061
108577
94476
85243
92580
83210
104115
85604
88269
81623
94191
105033
93393
106811
89588
81955
105995
85680
104107
83523
106846
102689
82588
90144
103729
107238
111121
89840
98231
82934
93560
102517
98932
110424
107786
98330
91901
99547
82858
85566
92415
97031
108816
102864
90498
93523
85798
96284
112495
105113
89778
104164
80208
108486
96054
107699
83032
80598
110100
101230
89251
82432
100598
100652
105150
80685
96109
86855
103018
102319
102361
94132
104093
88112
103304
112783
97994
105704
97826
81402
86370
91668
107588
96808
96155
110755
107883
101301
89712
105266
111892
92729
108777
89914
98081
84252
87964
92808
109439
105644
100724
109806
83206
95596
80305
93753
100256
107951
106288
82018
88494
91494
102637
90633
95399
92215
103366
107806
98562
104911
95618
110050
108887
95352
104721
105998
92353
108014
88085
98385
104582
95854
105890
100352
98554
108049
106050
96522
94624
111704
86333
85034
107667
83464
102167
90976
94500
105784
96601
90785
102853
87976
102293
98510
98598
91988
103844
91363
111261
96585
110386
90993
109003
81592
87165
110670
111997
85065
99417
88202
86480
99249
87928
104614
95641
80775
88296
90881
85763
104787
83933
109203
111482
86505
108209
83421
83656
82933
80681
97824
105854
106710
91130
106190
89750
104368
92043
104766
108630
112316
106493
102563
81016
95971
108649
90687
112519
107916
94056
97748
87948
106674
86745
107100
103914
104761
108766
86777
104583
85890
88616
104495
81452
97853
94581
90449
84527
92030
83030
105017
95055
112659
104758
84284
88543
111894
93848
84318
108839
92094
83872
95425
92167
80762
106965
86884
81117
82497
96293
107018
108713
103203
96042
83319
97647
96037
83627
97762
103389
88139
101478
93864
99374
108278
101388
85566
91726
108912
100494
86633
89407
92614
84631
109745
94651
112086
94297
109331
98331
91560
92813
86262
81271
89090
84661
97376
104463
95542
83621
93034
95977
88127
103745
112113
105660
89612
100488
102287
111117
99100
100562
91593
80536
104267
87381
110218
96753
106476
110062
96977
101227
106519
84511
106918
110905
80708
82260
104274
106195
91673
84074
83151
82588
104833
92273
95102
86721
80894
103089
106776
106852
111936
112108
85991
97274
90102
112867
108342
104945
85476
97819
96262
89750
102966
87265
96770
94775
99860
97164
87221
95876
80758
104194
84219
88635
102970
82814
102069
102405
107380
107152
80577
109723
96005
100965
82218
110636
112495
80456
92059
98051
88039
112745
80922
85349
90284
81117
91122
99000
87448
85479
87793
88043
92916
94582
88788
111889
97425
104430
86784
102991
97044
107563
112755
90105
82834
111812
85497
113144
103773
103052
91299
92783
104989
92255
83061
98206
111650
108571
101727
96518
100088
82156
107631
85965
93756
101069
98628
89701
87727
101195
94150
93033
109961
96140
104980
89031
88592
104337
93886
86052
95592
93880
112437
110972
111789
85381
94847
94473
112959
110753
84015
98151
80733
102691
108437
81653
82678
100879
91954
95614
90811
96028
96366
98585
108921
94395
99214
87117
81318
84308
98272
97657
87866
94163
105528
81267
101312
88931
101280
94576
106668
91257
100940
87076
88047
110357
110284
88618
92873
100933
88965
109989
108254
92394
91234
101672
90509
87998
81095
102867
111997
103574
82375
106687
81528
109285
95382
101277
83837
113026
112961
107673
106256
83371
93596
84357
99797
81737
93308
109107
93021
105077
86311
85538
93504
107068
102153
105821
85100
92319
111017
94369
85180
96222
88283
93374
111309
108791
83254
109887
87053
82793
100552
98893
93460
84541
110601
83409
111160
105031
96014
101337
85595
81322
89855
111165
82952
104602
112587
103298
91327
86886
94746
90366
86668
107957
85380
92221
81886
91919
112384
83876
90519
100512
93087
87636
83808
89145
111482
82770
101951
85144
84200
110564
106859
92905
81909
84286
97631
95629
98832
107869
108845
80921
111108
91956
88597
99490
101418
93702
95574
87608
104156
103443
91204
85168
112428
82038
93851
88487
97750
86094
102163
104131
82036
105244
95796
101692
86769
104044
110444
104091
95552
89272
105567
113346
84302
105353
113278
110381
91445
109791
91867
88951
87474
90067
103483
100128
107737
111739
108397
103565
112903
102158
93659
93520
106521
108104
90719
99242
105179
110864
111704
101710
97475
104281
83196
88936
111584
109126
102128
95198
101645
108433
109590
85974
100458
101421
93606
91000
86541
96810
113280
86773
111348
112090
108480
96456
101950
97842
98195
106812
81563
83058
109130
106286
92162
100105
109997
106004
102818
86962
112274
87358
105498
111844
90286
98396
92140
101993
110762
82241
81967
109900
95353
85734
89477
102137
97770
103858
103757
107424
93049
109816
100634
102362
95083
83394
92771
110991
91418
95949
108156
93207
87181
100820
102084
98207
107595
110097
86305
94159
90481
111618
87209
81322
108035
112233
85666
96437
95616
87190
107437
93019
83897
90600
92478
91792
112098
110226
105295
94389
97770
85403
88662
89019
86024
97321
83316
99980
105111
101886
83183
85414
84003
99139
88290
93961
107460
109444
81971
91476
87978
96765
101318
97835
113146
93972
94704
110555
89049
113446
95791
94785
102085
97926
112920
106216
87084
84675
99472
105585
92983
84266
92223
88376
94439
109196
96834
88372
83556
83010
102432
88863
110994
97901
99328
88279
93156
96130
88601
91909
103285
98567
88681
112636
111189
88471
94890
83428
86048
84012
95362
92183
82390
97438
99322
88011
109542
88422
84529
92146
92812
101032
82002
95326
87133
102001
108227
85033
101153
102973
97439
105300
85728
84412
101223
104366
100160
107221
88820
95479
96014
97004
106928
91206
85530
112992
99590
107176
101704
95064
81431
88842
94436
97472
95919
89945
87350
101006
94839
97511
84310
84554
88172
94225
83010
103117
110735
113439
110638
102985
92638
91243
81947
105865
97412
90054
82859
99450
97357
108311
93492
102379
110428
83525
81427
101521
97568
89687
101699
100174
84356
91098
89134
106162
102502
105603
93634
101827
87371
106518
86984
87033
113489
90246
91761
106125
88421
97630
88626
87796
106165
91743
92114
96934
88936
102763
113346
106531
82317
83874
104876
85304
94802
85450
97614
98942
93047
93172
100745
106533
92418
104540
105653
100335
102195
84370
92472
106623
94394
111575
85335
105940
83240
95690
89420
111377
91044
96324
86936
102783
87519
99712
88986
88276
104266
88959
92769
89270
87174
81322
104895
91003
81691
84410
113054
82483
84334
103381
101271
96744
89837
85497
89281
113188
93325
97950
94663
93364
85366
101015
96574
110252
94204
103994
96309
88747
83666
98752
91405
100448
88698
99567
91275
107853
102144
110070
89387
101067
94696
83864
87223
111951
107621
92812
85017
98539
112076
81444
101742
102168
98887
109614
106587
113074
92622
101400
88228
112452
95059
100695
111354
87174
110653
84232
95253
91940
95256
103128
81411
89537
111755
98594
102336
102716
107914
97368
90886
113458
91596
99748
89190
112068
85888
103631
82328
92314
82236
101729
109072
100135
95030
102154
105937
99375
109750
107840
104070
89735
93643
105002
104143
109341
90430
94397
84953
98360
109252
84517
93489
108032
91511
113254
85722
110656
91783
86083
88477
91499
104493
87135
89504
104157
98529
99234
95034
85604
84685
84190
89606
95487
89985
113074
108086
87781
93160
88751
89130
108745
90235
93882
113218
94813
82356
87473
104688
98837
89286
81490
92433
85549
111755
110424
108669
91885
113342
109542
99548
89644
108906
96041
106684
83987
102562
113466
110305
112931
93299
104257
88028
91513
87831
88288
105952
83281
109419
91343
111312
90826
109476
103107
95388
111849
98365
98453
99278
109535
107315
106656
108640
86671
101237
100203
96465
108875
109718
113800
96120
105950
106182
103099
104983
83152
99072
84831
94131
112613
96133
100614
88227
81383
110728
87392
99560
106405
100651
81502
109756
85564
106666
85654
112493
81557
88022
91370
83052
106031
82630
110436
84641
83231
90825
85349
82434
100693
113822
89343
101220
87840
106216
96159
101009
111349
109788
90607
108186
100460
98621
94970
107631
92811
97674
95890
102316
108871
104822
102126
107958
90184
83608
88472
96007
90861
113764
88967
111302
108944
82010
96391
86171
107531
81533
96738
101569
103802
83463
92217
92765
89411
81499
113843
110606
86356
92219
109914
103109
101804
98107
104641
99031
89373
102261
87274
85840
106320
86911
91496
103307
86025
110234
89281
107263
103340
104236
93462
91996
93441
99697
93190
91351
98356
113261
85455
88257
100128
95013
89014
108127
88780
89102
108970
99830
112182
88262
102180
109093
104016
95234
108369
85879
88905
101320
105587
92729
102157
101854
82565
91785
95503
88194
83229
110256
83782
103259
93335
93106
83061
103600
81520
111651
95152
108248
97520
105787
82204
82417
84492
90669
88054
101845
94602
103861
89559
81994
106086
102896
95030
109433
98165
105073
105774
102562
106312
91281
97409
101133
95059
96774
95710
108356
91726
108984
110431
96895
90588
96976
100182
85600
105323
87569
92233
111840
108635
88427
106043
104586
105826
100813
102701
105703
113967
87868
100581
90937
96845
108322
89582
100203
86091
88296
113632
92489
112666
96454
88290
103917
113590
103642
83564
91513
93448
92280
81746
106764
82956
86466
104190
83182
108591
83320
110076
111374
108795
111889
102333
92591
109045
105226
105876
103006
99782
106878
92933
97575
93338
104183
110399
89096
98758
107908
94183
86694
97453
98315
84247
110143
86244
96737
95911
88544
106900
113816
98987
90840
99360
102424
113980
106860
87560
92401
90492
88524
109070
110832
101332
92486
102551
97777
91520
86970
81747
109299
108878
83278
89120
100210
91554
89186
93996
102641
106430
85959
82010
92886
113728
83243
107496
100474
86252
93144
96846
114049
82860
110495
92009
108647
88789
104462
99544
109404
107180
108522
103335
91986
85033
86233
94506
93524
92411
85854
86828
104985
108747
99082
102218
85977
97221
104177
94617
98911
81493
101980
91791
84320
86574
100797
97312
93451
84113
88040
97831
106721
98764
108415
111112
90311
91649
93358
95635
107609
105256
85785
83244
89218
89175
111635
93481
94025
87617
112913
92796
108014
109822
111198
81554
82230
102154
98832
113275
108547
96655
88890
99658
91175
102887
83299
90559
90490
112732
95287
96035
107307
112691
83837
106868
90963
112874
100169
101570
86224
87229
110707
106457
89936
96367
91463
96800
89516
94278
87678
100545
83576
83544
112750
96010
98008
87557
104573
97812
96148
112837
108251
87970
91247
94244
84081
88139
97717
94474
99604
95452
98324
95296
108031
112376
89772
110640
104576
91393
88937
90092
92401
90428
96657
113522
92650
99375
97945
83247
89013
95822
95549
102593
108546
85207
91856
91905
99804
93691
81616
92993
104924
98366
101565
107986
91805
92448
104491
104394
106863
106237
97047
113667
81744
86578
112247
104807
85528
110977
95508
84587
93683
85431
94364
105946
98068
90251
109811
111828
87976
96970
97739
82454
103945
89521
100980
85628
90933
99226
82933
108227
113022
105436
98651
87700
99203
97772
112209
87230
108382
88008
96241
83140
86559
105365
82906
94615
104314
94342
114051
91556
113084
109313
87503
82961
110083
102397
102625
83780
110767
92079
89649
100518
97812
107365
112351
95654
99185
105138
95816
103936
105510
107467
106712
100159
110369
101169
101663
86400
82074
110224
107302
96634
84992
114407
108035
95163
96819
93674
113579
89396
100339
101029
108296
105720
94361
86369
92235
86849
110852
94923
112516
113076
112343
104019
101743
88294
85986
89043
110225
112414
110045
106609
93316
91229
86620
101062
102800
100251
95999
107072
109179
86356
83433
95684
107169
96067
95860
103832
91719
105838
107043
91265
98092
86114
91609
99368
89953
95424
107336
90306
85595
86008
95915
106480
109639
101973
111800
95972
98205
92730
99536
109510
98552
88235
93050
83542
104741
89870
88335
111570
99705
95795
102583
90650
104040
106131
97171
103954
113748
100821
113724
98632
87715
97687
104045
88791
96532
86890
98044
98187
105299
113182
92175
89413
91851
105537
105868
109985
104123
85986
83409
82903
106124
95130
88742
94687
100962
105678
110191
84185
85489
113454
86439
112811
95634
87425
93321
86764
93589
99237
90384
111873
87001
84433
84258
89477
100251
112926
107784
94447
93068
96582
85538
110958
101926
106411
98777
110104
109631
96155
104660
93508
82399
106450
114287
103988
105807
106816
113769
89592
108658
90893
110300
113550
89176
106459
111731
108366
103185
81995
93911
92550
109503
114370
92010
113761
111855
96365
109624
83213
102698
102274
112939
108572
84422
82633
98686
113963
99330
89692
109939
107970
85075
108971
90185
84860
109560
95938
105064
100712
113876
112335
101344
99502
110461
112606
92945
96374
96145
94184
107435
96517
102985
96524
94682
94761
105296
107292
114106
91352
107477
114267
84753
108564
98271
99205
102717
110865
97760
113936
85867
108186
113806
103858
110858
82865
103150
110627
104064
85366
114353
93220
87579
106570
85188
97472
100682
104499
94243
111570
113165
88194
113390
108231
99498
112308
93630
102565
98722
85143
86329
103756
101347
95662
85476
84477
112447
113621
112185
108312
101149
96040
95994
83754
87406
107810
106948
104230
109027
113410
99815
89075
90461
96115
84853
110887
109990
96107
83097
91411
103774
102996
92458
87551
93240
82282
110720
111798
105318
104036
114055
86086
85585
99670
102673
85761
87950
99798
112241
96455
90637
85854
106053
95880
82580
111857
105363
109316
97644
91137
112408
100565
87131
101009
85212
100784
94418
108695
108554
109288
97894
102564
102655
103219
84356
89030
98721
83377
112225
87214
95218
99882
107569
105998
98021
86680
102553
104517
111984
103909
102246
84542
97250
96245
92799
86421
83831
93927
97816
105980
97321
95640
107817
97246
89290
101225
84511
111170
82256
90435
94161
112625
100208
88024
83637
82907
94574
111403
107092
113847
91955
108370
90875
84970
85408
107130
108468
104362
92194
96301
89204
92259
96390
86480
96406
114009
102671
100464
98696
103568
85190
84926
107973
92649
90642
113239
99331
110989
82824
85833
94893
86414
82692
84179
88979
89804
92921
93293
98273
106774
98821
85000
112717
107154
93385
94359
99733
85599
90615
101838
99625
90744
107692
107306
106020
112860
112897
110129
96897
109548
83677
86523
106636
104980
106253
104433
114838
85165
104086
110037
101101
83490
109641
83203
107020
113490
109721
95990
97550
113718
83882
86797
85609
85956
85418
96655
82648
100115
99684
92142
109721
84927
86290
88648
93913
93583
103795
91699
114029
111445
104222
111290
99522
94998
82454
94627
101911
95595
102302
97780
111593
108583
97871
82869
113327
91194
86119
87286
106952
84694
99428
86036
98482
97744
113618
97081
83068
112456
99425
112930
90494
99468
112442
113445
85319
108602
90771
103538
87255
92069
94593
103065
107279
83834
99854
98124
101221
97188
113036
110438
93404
101996
112425
99117
114996
99045
91331
113620
109661
95879
101885
84549
106546
99866
83346
97053
92260
96726
94441
107511
111284
97480
111082
112109
92006
90999
107281
88412
91634
83400
104896
95976
96764
94239
90842
86464
105606
94151
109965
104227
87397
114324
104559
100132
86257
86470
103629
105130
97793
102449
103487
84666
83991
95131
111744
89337
82391
88422
89469
88428
86974
83567
99756
101763
82704
107061
102559
114774
107794
109886
97241
97326
103034
112310
85472
102727
110372
87386
97172
112084
88582
108436
112574
91972
104806
89831
90348
94404
104266
105102
98685
113413
82481
87392
103928
84287
91648
92919
101794
100214
86335
96273
112975
85500
88709
105014
105592
114231
88625
86684
87182
89252
93275
102471
101006
101404
102155
107892
107222
85590
94376
109624
106295
93614
98995
106085
91979
95268
107701
107693
92936
103336
97141
90378
86934
91029
84079
112733
112222
104315
87426
89941
97892
103201
84201
110226
98262
98250
95596
98826
92645
83640
96983
108460
101075
103663
84652
106820
105037
85051
91413
114079
97788
99700
90652
85231
113751
100353
105246
95344
102843
88731
100477
91468
89021
86355
108438
96957
85695
113879
97523
99185
108993
106225
100033
113202
89210
100432
111492
111046
86951
99211
110857
112660
90020
110947
108444
95369
92473
96841
111996
83386
92342
96544
114316
107083
86850
99139
91211
98575
94832
94666
113158
101488
88595
102409
100685
107794
94292
86874
113315
96179
113665
114717
112249
109142
93480
106492
86622
91296
87013
93556
106096
112514
113016
104592
108310
108568
85914
100600
98033
90577
109074
98603
107791
86993
95875
83721
105314
114067
91784
112020
115057
93907
98306
105463
83790
114347
83889
101832
85192
97788
96770
100490
98529
92431
83496
103030
87427
89212
114542
112251
105326
86347
96460
98691
105077
91226
97976
91384
96746
93438
107326
107142
101719
91885
86099
107811
88430
111452
87143
93005
91459
95588
89401
91795
109497
101802
103663
95319
115002
96575
103782
86994
98732
104389
107975
114009
88736
105684
95835
98014
99788
110748
85664
115129
83899
99275
90524
89513
100035
88753
113777
89365
85560
86945
99122
104088
102879
93339
94197
98237
83365
101417
84009
105735
105873
102791
113706
111413
100856
110598
91411
105923
82928
104882
87252
93876
97798
113971
93316
113551
101684
105201
93432
113576
105997
95612
95636
105376
84539
90410
91489
109103
107051
96002
86624
115233
98055
110296
101150
103839
110821
107706
87689
114352
89406
85387
91650
112896
106913
89838
110003
108767
85672
93798
104227
103308
85804
101307
115207
93364
102325
88735
83804
105782
96820
94097
111282
91945
88565
95234
107979
84768
113615
87478
88676
86700
106142
99694
95827
91171
100339
100548
91602
99232
86281
90966
110619
107851
114683
105254
96821
95451
114997
89153
109581
112217
87336
98207
93128
107558
99907
96587
90968
93759
97054
94659
99405
114368
96504
102050
114158
92071
92771
110204
88457
105947
114238
105482
94471
91501
111332
97415
111555
103197
90531
97625
93597
100128
106096
99572
99402
99616
98264
92924
89838
85381
107322
97193
93164
89075
98612
84592
112892
93971
91739
104416
86399
114071
91183
85706
87824
97400
85582
89252
100444
105090
104423
92463
109107
87315
107890
110936
100063
100896
91806
100700
96180
93048
85131
84528
109800
96077
94266
110112
108453
88560
97602
90294
105053
105692
111812
83421
107358
83702
105632
113734
103846
86547
110313
89867
82936
104891
105879
101011
98863
108333
97916
108725
86227
97954
95098
100384
91882
86486
107250
115450
101904
113605
103551
96455
99530
92594
83429
89997
88856
87406
101444
94261
97609
95447
103826
111157
90387
98975
106055
92780
100579
83023
110426
110925
86386
94603
96365
111680
114073
106647
105029
108101
111718
89114
95612
107483
91503
83490
86394
101920
83814
93289
94113
106809
91374
111063
89800
84468
93101
94535
107243
97964
111011
114062
99616
106350
107706
90809
106445
106841
88222
101527
97049
100683
108238
112248
85408
96698
103668
84019
111979
88031
95602
99438
97567
85018
95805
109593
115060
106898
102894
97084
101097
84252
104214
90867
110519
99166
113106
107702
102915
95796
91040
111326
101975
110930
111985
96869
110163
91691
94208
96750
95136
87826
112225
84485
85798
115103
89821
96935
104575
84053
83453
92677
104875
106369
88037
96389
99077
98661
82915
114186
88949
109974
101960
107637
114920
96163
95351
101228
101629
108791
87867
88410
111105
113153
106334
105910
91166
108178
86135
108681
90831
90502
114179
113450
95895
109478
104119
112204
95987
86477
113173
92475
93325
104010
101438
91747
107442
84358
113671
98578
115462
87527
110414
88191
113271
115443
100751
103434
106095
95161
98482
111813
115534
107628
95271
106548
109847
93010
96821
84049
108393
114908
87951
103635
104882
86807
103721
94640
93087
108611
108617
108257
101847
87232
90337
89445
97000
84018
102940
95624
83073
95709
108855
103013
98531
89169
108178
97962
109714
110668
109831
85659
87120
110300
105338
90970
105291
88772
91313
111461
94614
108833
104806
97376
102102
90445
88219
115221
99646
111620
105006
114361
98493
85445
100269
108656
99957
92283
87915
94228
84080
106589
89556
89394
90510
102419
84221
109398
101826
96282
113280
101513
111230
95593
111494
111895
84844
101205
100133
87190
102239
99506
83693
106531
90505
94267
89533
86511
90862
113716
85211
115195
112664
111949
114500
97311
87821
93386
91969
96081
94590
84449
88635
86564
85825
84579
89808
112783
109826
112287
90407
87792
95029
85124
98688
97872
88398
108037
94479
89577
84277
89794
102666
95717
104180
113892
100353
108393
90291
90440
115054
99794
109287
115425
101261
85311
101574
96599
83821
107087
98558
105204
89927
98092
110246
111041
96016
94664
114293
101356
101194
102246
102450
93037
94751
115037
91243
88297
94896
85784
85610
105943
91819
84322
98917
109025
104987
113376
87029
92045
89477
115167
96457
115740
97840
96081
91036
93875
104644
83729
84836
103096
96791
105839
111309
102783
98883
101864
99301
98086
114172
87861
103449
91837
109088
92296
107616
104874
87440
85010
111030
101964
87359
105160
109004
102879
114312
89447
88062
86432
105413
97973
106117
98097
102173
111370
85998
103486
104349
96528
113866
96609
109706
104391
84392
103491
107254
114124
106816
98565
102802
107994
87793
96990
108227
91281
101742
112645
107768
115574
95668
113873
96570
85308
113215
92702
106501
94018
109181
84724
85078
87132
113283
91491
99589
89302
109311
103089
109653
87990
93549
107192
107978
90434
104590
85641
101946
101058
98582
114261
113191
110471
84645
108174
93772
105260
99577
114761
99958
91420
108898
106727
97941
107860
101494
111860
102931
91755
104453
90703
91492
96463
90448
103819
93663
101201
94069
114326
101324
109796
83502
98456
101054
105377
100539
104734
97315
99599
84253
115320
106521
105378
87941
103775
86147
107905
108044
110044
107100
92300
103588
104293
110924
104350
112975
115784
84345
107791
96399
103501
91040
106110
98845
110230
108388
95693
99805
111307
92134
88940
111890
99700
85653
101851
91087
113574
108616
115306
89774
92642
100490
101188
84163
88634
112436
89771
103891
93621
105538
107397
95426
109813
105951
91928
114251
85015
107714
106514
113652
107995
113341
107212
88896
94725
96147
109263
106790
113411
110603
105880
94658
87759
105282
92824
98379
91927
90693
109695
97093
107676
85471
94138
84215
96728
100016
115258
92192
110819
105343
94328
84198
112791
115154
103350
111119
115955
99515
87431
99955
85693
87540
101521
97969
112235
111918
104082
109346
101956
90535
103329
86539
85955
84475
91831
97815
98364
110140
106349
86276
100545
108612
110855
93852
116039
101962
105138
103399
102149
91060
91402
110239
83485
85036
104671
100580
106110
111862
103225
89393
111625
108673
88729
91791
109043
98364
88450
114952
88426
92330
107064
110175
86907
93113
106440
103166
113203
95568
88136
114480
111876
99879
107616
88208
99435
100571
98314
96194
96464
97602
88213
85600
86190
93692
97264
92471
115187
91210
101669
90804
111274
85539
107044
104857
91351
100997
93890
114676
104866
102410
106753
87634
94136
90555
86674
91952
98543
83496
111512
104114
99113
95417
86703
88728
94330
109887
108077
93805
96909
93646
113320
88065
85315
113359
109240
102426
91294
109905
115709
107367
96734
113568
97636
90037
84969
94233
107175
90469
83696
98876
88339
103710
85840
99843
90510
98751
111542
107890
113624
93848
100999
104560
102161
113113
97919
85717
97148
95050
85656
98500
113026
102205
99629
104763
109050
116162
109151
110312
113575
94745
95672
98111
84482
99949
115470
106441
88378
92095
85674
88511
86906
116256
97450
91095
109418
116003
110500
93790
100344
100498
94860
112007
89432
96608
96728
101891
104265
87775
114657
106449
112795
92211
114829
115544
103406
90631
104491
111795
98748
87166
100766
102732
112538
111980
110526
86956
107706
88775
89595
115089
96181
96600
95300
98369
110983
97206
109095
115487
92635
116085
103737
84092
108682
112283
93880
104623
96350
99155
89199
113512
104219
111590
114906
87873
91840
90342
87691
94102
99338
98221
105164
111767
108090
86790
84870
104859
109592
87081
97377
107960
96824
108525
100141
111248
102012
95289
88961
101741
93402
108987
94625
110225
84319
103901
91301
96967
103284
86261
96216
115518
116321
89276
101215
96151
107279
100098
115739
114237
112402
91296
92880
91893
87270
96429
116358
93110
90489
89077
95791
95162
105194
96422
101771
101589
113809
110157
96585
102150
107583
94721
93807
89676
89287
114398
92411
97978
111037
92854
97738
110286
110717
111362
99258
97279
113263
103967
88076
99733
101514
85175
115212
90557
90135
96125
113139
88285
100536
87325
104204
92965
111528
103538
92438
87143
109636
104186
98538
98856
84427
112520
93277
110583
92770
92473
92520
105981
106331
115369
103558
103894
93878
84327
87646
111007
85480
102822
87202
104784
113116
99893
92727
109132
102456
93361
92822
113975
101857
96761
111730
97800
104129
101090
87963
100959
109256
87340
86562
84504
109616
107701
108734
112160
88838
96493
89710
98695
109030
104074
102240
88279
86022
90493
111378
109477
113781
103204
84407
111717
85669
106689
96476
111235
96296
91691
88907
101039
109495
92355
100399
115064
114040
116394
103802
99356
104577
108081
104836
111518
93592
113041
94196
108058
114492
109277
116196
102998
93930
99380
110912
88473
110489
92219
87919
107456
98695
110282
91958
98702
105271
113126
92633
100676
91066
104176
110467
106865
90671
114715
88807
93708
116358
102948
86056
103360
94089
84541
101110
116103
102940
106570
106491
86138
91587
86351
93557
104936
96870
110121
114468
115621
105297
98941
92518
92836
91007
92143
106401
111560
91928
88468
100833
105208
103992
105385
89538
112754
113906
84869
97937
94305
115861
109516
92334
114865
105005
98534
93236
106786
89677
102831
96988
108955
115212
106608
101663
94914
111950
94223
90779
91337
84549
108930
106936
92298
94775
112009
105099
110295
96129
89757
110843
98827
88284
85795
111138
87525
92639
114662
104694
100759
89285
92868
99880
102425
104817
103848
94028
94915
99759
84408
84283
90651
107197
101071
111029
84204
107530
107309
89163
103832
90941
87917
116348
109998
87417
104120
96031
114623
91615
97081
85249
92014
88405
110288
106702
88007
106374
100363
114229
98258
111914
95058
96327
89447
97160
97377
89376
94787
108857
101372
85194
102236
112686
110045
96094
92786
95477
94962
99948
111079
103223
115653
95645
103120
93062
112444
89751
91468
116309
115074
113697
94997
88136
85829
92296
101460
86959
106786
88897
89786
111437
97117
92623
115404
107101
97750
102376
95102
107991
112696
99027
91140
92911
85620
103444
108517
89822
115054
108363
106833
95206
110581
114522
92596
112528
107513
91846
108683
106041
114680
96096
85111
108492
90298
99620
88719
115153
100158
94305
116731
101031
106228
90906
102847
88589
95277
114092
100052
111336
93903
112306
96381
98880
91469
111142
115928
85899
105430
103369
94131
115246
115661
102596
114082
106561
102266
115855
99662
109202
110079
101650
109328
96749
115597
94730
96959
115099
111063
105391
86982
105257
115911
105620
88953
114539
104304
103118
108969
86207
116037
91224
107381
105110
113544
105142
96356
92721
114437
106969
95665
91305
96767
93763
107494
97842
108139
85611
90796
95904
108636
93027
95970
98091
109759
113848
114412
93551
106568
95130
98638
106423
103084
106812
100729
95866
88593
105598
100068
100134
101058
92874
90719
93213
104232
110651
97701
87549
109558
92933
102704
115237
105635
97809
105553
96885
95261
85735
105343
115284
97724
96977
96496
87288
88692
91965
93030
104674
95824
110948
112460
109735
94747
114985
99841
110838
87392
99140
116596
95191
105622
102047
86513
90417
96148
112896
111674
89231
85067
89833
93658
92195
86451
90813
98742
113932
87814
108323
104165
112852
101165
100527
105409
115773
88183
105152
106302
104253
108689
109476
87163
97863
107699
87043
95383
99532
116247
103802
94918
108802
84655
85126
112292
97508
90647
96676
86217
88186
108233
107958
89501
98650
112528
91561
100973
93039
99647
115029
94399
95993
108706
98724
113635
85973
87221
109047
85195
86527
112916
106693
86045
104277
92339
84869
96901
103069
104655
106959
89936
89034
85028
97214
103735
102779
114273
106392
105848
95173
107481
86705
114988
105522
102779
94604
88276
96009
106756
86852
111157
90576
107891
97322
100454
103184
99261
91056
115239
110424
99267
86406
92788
110468
109953
103938
104282
97343
99976
106949
111370
90823
115630
114844
88876
116465
115460
97188
84597
112236
90632
91826
98428
115017
99356
89329
105417
113595
89399
94413
105007
85276
87259
103184
95069
94257
103751
111947
115119
116911
105197
93048
93514
94718
88102
86237
101735
109372
114981
111668
95215
99461
87081
85768
104265
94578
94711
101474
85615
91359
105096
107173
103240
88562
90623
99511
114482
93785
111070
93793
95709
94674
109176
102393
111200
102129
112810
105790
109190
94494
111558
115587
97385
101341
104400
84752
88643
91986
110573
92101
108672
103940
115992
97536
115224
112609
107799
88257
87835
110210
103853
109068
104846
91825
100370
112271
109685
88872
106656
103301
100657
111772
91855
91610
85772
109306
110947
93584
110867
101361
107236
90209
95780
101040
84559
87974
114503
113905
113675
87415
100417
92470
112414
107796
104039
100946
109217
105091
84401
109612
110449
95611
99343
99776
84520
93057
105216
95334
100684
105809
100192
113751
86982
97151
116609
111213
97173
89694
108414
111402
92355
87329
91084
101116
94360
94272
88594
111551
109839
101150
113723
101252
92294
88296
96713
92305
94649
112832
86892
110249
93169
103707
85203
117133
94073
86631
94402
110786
101970
102642
105317
88213
102695
116231
114404
111709
98435
94298
87607
110080
85570
93093
96828
112312
111430
108436
85254
87319
103787
116191
110456
87113
100796
91061
95507
96410
116455
103009
100877
89399
105454
115496
114595
89913
114464
109168
111280
113119
100680
89640
98429
112667
94500
111459
114139
106321
88856
106310
91247
112475
102692
106277
109134
103376
96020
93161
96202
98950
85750
97461
94091
115541
106961
105673
113889
93470
106644
104614
105560
107532
102733
116338
86669
99610
105627
93599
99649
92886
102246
86472
109228
94052
91341
91355
99091
85957
109664
91261
86173
103514
106640
91818
115043
107171
98659
104860
114630
105549
100205
113391
105733
110444
99067
100866
117263
113669
97169
113056
103061
94927
91031
107744
101988
86330
111695
84809
113906
106161
99850
88122
98102
85788
96412
113033
91069
93866
98317
100715
96507
96973
92561
85908
104927
85126
109754
89503
92330
96226
89325
84655
93184
115909
85779
86615
98879
107750
116624
105143
106257
84763
115833
108008
100157
116695
112641
94875
97987
85744
116533
102396
105767
101030
90346
108765
113677
106466
114931
117264
111622
116667
111511
92180
89002
107070
109890
92149
97511
108143
100986
110445
111768
86923
101397
98383
94297
100240
91049
107301
97946
106239
91205
107800
91379
115169
109406
109841
94391
98824
87564
109598
112076
110231
104055
93463
94138
98501
114059
116609
96513
99805
101620
96690
85168
92809
91462
93750
116275
101201
107643
94322
103277
93791
116899
103559
101639
100997
109271
87674
92423
98177
91759
111761
97188
107391
114805
116992
96856
100831
107353
108228
95544
91961
99045
97744
96897
95902
113780
117351
104563
115745
116575
103369
110946
98454
117177
97809
87562
115354
91452
111454
104995
88276
86146
92209
104245
102778
102521
98070
102830
105238
91665
102279
95282
90762
115767
87053
103730
102993
90631
115624
96960
104201
113981
88689
102561
85294
106733
87422
99492
113705
99445
91654
113971
98953
87727
106437
106024
87952
100715
108194
102370
116209
94492
90000
97431
99288
85201
108722
112619
101419
100967
89282
99522
89359
105213
107955
109907
98223
93097
90773
90495
113977
87657
107706
85856
107816
106333
100375
109092
116937
86579
92908
103196
86008
103394
116904
104720
84779
113819
113671
115158
91827
85500
93309
86562
90942
104840
92887
116640
96159
109396
114976
112960
98258
85250
113089
102866
105786
111859
106989
88274
109614
112057
101180
97669
111284
98763
86166
88133
109708
87933
90707
87576
88177
108847
105888
98952
92827
103876
111397
91055
116872
116054
90341
89234
111100
97831
99173
100784
97095
99803
115216
84954
113862
107237
88794
95556
105388
86592
86308
85213
102402
99679
99295
89052
84973
97382
93941
113051
108592
102554
105444
117161
113137
99094
99756
106523
95680
107457
95212
98338
99285
91260
102728
108771
108953
109728
114957
91266
93289
98471
96280
101760
86422
86569
105716
97864
90032
101387
111426
106244
115972
110323
87646
99765
116579
102910
116543
89219
90405
105398
102815
98897
110446
100158
101468
104853
103856
100816
112927
96615
113265
93290
116539
111832
115023
93635
114136
109700
91713
98436
102736
89707
89631
113077
108505
92156
106597
99189
102757
93811
97844
92143
95942
90469
109209
100489
99350
117657
104466
103774
86614
108058
85838
88303
103509
90506
107317
109589
101075
104889
91688
91707
99303
108407
99466
105929
92574
99494
108671
85219
107493
112275
117491
110164
86441
111238
87519
91845
105788
94359
113607
85555
110587
106692
108680
93600
100654
112193
110416
99592
113711
113935
104942
109974
88527
110032
113996
93208
100597
111578
96057
116657
103048
104842
113004
112845
91279
85722
116166
99418
86167
114230
98264
87862
100693
91020
96165
112099
107405
88483
102825
103554
106035
86445
94234
109311
112079
108831
98669
88457
100134
102848
88092
110917
115990
98304
110503
95555
99778
86924
115417
108465
92911
93727
87884
96078
108974
109723
107055
106786
111932
95832
92743
105069
102694
87740
101172
104157
102064
87308
114166
114435
96632
97921
117423
109320
96087
87711
100266
95644
106376
106946
117149
97072
101644
114170
108843
104805
94284
97816
115117
99012
91137
113417
85298
96943
100689
102243
115140
101783
110394
94526
87022
104816
100660
106053
98939
113250
112914
101901
102271
94146
110634
89765
101020
101696
109493
94062
86142
85090
86137
106028
107432
102961
108965
88670
115315
113970
102140
99019
106067
102295
112181
115038
104541
100791
95138
88371
91910
116924
93713
105202
100654
114075
117232
95068
92765
86090
102324
116771
105548
115501
86395
104191
117159
92881
87023
101118
116241
101852
114286
97308
89961
98628
104041
101651
87115
87232
100874
88948
103386
107388
85530
95735
109245
89361
103201
101647
98664
105140
87503
102850
85917
87213
102042
112312
92466
101388
99497
100242
116756
113815
116721
100989
96140
109318
104094
106502
115905
90995
111028
103728
88191
97292
91382
105411
106038
94219
116231
105704
105542
108264
93903
104947
106873
97228
112416
102272
93137
88394
111001
102081
109701
113994
94155
98582
101702
112965
86427
117214
105158
115384
91111
113294
112763
92114
103021
101632
98721
113776
110824
88077
113534
103244
106363
111197
113897
87921
101971
96126
93965
104947
107657
90932
117611
108508
101957
96016
97054
113769
112169
89668
97123
107383
110061
115638
93016
90168
100934
85587
91908
109610
112141
112550
103320
90698
98461
110761
114932
109189
93053
100571
115821
96623
97087
117650
94414
112695
102311
116627
85916
108763
100112
111840
98207
88728
110860
93393
89245
115365
87115
92262
87145
85280
117694
96476
101661
96841
98043
93822
114851
89070
113124
106942
94586
100134
108419
103044
89270
85570
95289
102854
85321
87809
88856
108889
111746
90371
107149
112135
109523
86144
117826
92129
115671
86330
97346
105686
115859
107952
88927
117125
115453
95893
96465
91216
110522
112256
93983
100018
115500
93669
86083
112850
92844
99140
105737
105304
105236
86944
117688
91007
109697
110387
106996
89451
107351
101984
91619
92350
100997
103145
109199
107366
115466
108898
113547
112312
93368
89830
93146
96963
117815
114440
117772
91102
86606
85516
101290
93828
108638
95064
100820
97634
91695
92197
88361
89517
87279
97914
113383
91577
91000
87131
87379
90568
110546
116542
108892
115488
117241
113598
101243
116064
103392
101779
107485
97811
90805
113602
113092
100998
116071
107793
85547
85975
103526
92350
117161
98639
110250
114544
115095
90353
100342
90222
104565
93779
93278
116495
97674
96173
105735
93298
102347
114992
109102
117102
108542
112281
110187
111820
101919
88837
85815
94644
105987
92935
108205
98918
106299
91384
96909
103211
87099
93070
91270
102794
99516
112304
85941
115646
100190
99977
94057
95336
102034
117980
103209
99970
113847
98455
97272
99732
115587
85930
104151
99882
103077
107289
114828
92805
88488
108880
95906
90001
90395
88760
104881
108055
98031
109703
107743
97332
109088
91612
97959
113418
94616
117515
116441
97461
88656
103221
116194
89728
92344
89117
90446
111449
88409
102454
113035
113283
117944
94977
87280
110219
92798
116629
97277
114813
114647
116095
109285
86871
89368
85965
113737
101310
95908
107110
110919
100336
101648
92573
113331
87034
90245
96261
92068
93739
111462
102022
105779
94152
106547
92848
113535
110081
100014
102224
103413
91940
87100
97089
103630
86033
109453
115333
118232
103918
110463
114068
111226
108572
95552
115444
113906
89705
90547
106250
87778
85895
95766
114224
109323
93117
85985
113928
115800
110556
90097
86799
106014
99445
105701
117621
100770
105801
111817
98348
101596
93441
98802
101183
106106
98591
116520
107109
90920
88629
96011
86230
86031
103508
101039
99165
87707
95176
109450
105134
97666
109058
111760
96251
101122
91862
85660
112578
107626
100839
109586
102121
100059
100447
108482
97804
114000
88803
117520
85782
96220
100294
98130
102670
92211
105852
93818
99892
116588
110930
87797
112717
92421
112221
87763
108347
98088
114864
94759
116176
95276
100562
88241
112868
97631
115568
110266
101541
117507
106830
89408
87087
96662
101251
109907
91997
108631
94182
111295
111326
88325
111044
117227
118411
97514
103124
109825
118263
86808
108652
91215
98120
97267
110836
103918
101446
91631
89500
96417
111026
96155
91210
93695
98521
105183
93654
100309
89961
101761
111738
97478
113026
105198
91780
86068
104976
107320
106830
110948
105817
103259
104560
87516
94674
111300
113972
86800
88887
92692
96843
113470
93146
91937
87998
98711
92220
115261
105255
92575
100570
100540
112672
99798
101961
86192
107772
100760
88965
113143
92085
94786
100999
98424
93990
117654
110357
99241
101498
103265
113630
91989
106725
98394
114118
111004
86930
110670
90495
100923
91100
98682
96089
98061
93120
105273
92507
94674
108178
92639
87954
103216
102384
102884
118441
102135
93941
106053
117946
118185
106926
93735
100452
94010
113874
107965
110110
90900
86957
108141
100298
115038
97374
86574
115342
117118
91202
106037
116447
109020
100528
112848
87774
95465
92135
116370
91880
92001
114244
96944
91240
91085
107449
102059
89840
116555
105850
89391
116617
97169
96249
107580
113223
92720
97557
111235
99872
111894
88718
99347
91901
88151
117949
102964
108050
104749
90498
88723
103531
91709
92029
90528
103368
101659
89473
111669
106923
92433
95813
109688
104623
93980
99421
97794
105499
113464
90729
118081
90551
99037
109453
87578
118239
102602
88097
91603
103893
110081
103081
109617
89180
105491
88327
108509
97410
99485
114159
111116
95933
98835
89756
93535
111673
107964
90305
105480
103537
106238
101571
106799
96509
92124
88101
110996
115626
105149
95300
96117
96976
87407
111940
110002
100320
118123
91466
95791
115773
96603
88043
94074
116813
95193
86501
118190
110799
97146
104717
96919
118383
111627
114825
98582
95127
101658
99647
116679
87177
94649
118413
89826
109995
107902
108347
91487
107553
94926
115374
117086
103585
101979
90718
92101
115843
87020
110474
118571
108824
114781
89386
109045
112957
117990
108069
103358
97584
102304
97220
89597
86178
116036
96358
100321
101133
108598
92790
93568
98887
112835
101275
94769
105304
88743
112686
109110
89481
93139
113393
116639
113597
112749
98558
118378
100356
94231
117245
87023
116078
98420
108698
118140
117789
96488
91959
111164
95134
88992
107741
95325
112506
98259
114297
103793
100871
92487
88133
88597
117124
112918
105348
90321
101221
105394
97394
106560
111084
88103
105595
102513
98297
91296
105643
99212
106275
107565
95334
94649
117767
111043
106585
113725
105696
89221
114096
109542
104025
112961
91529
110250
98975
93502
89257
104587
114361
103989
93038
93118
94748
95133
94725
93195
91258
111915
101597
98679
91612
103066
89436
110113
97520
102568
117456
105322
118692
104289
118696
98904
96755
114079
108260
95037
116479
93650
93642
114835
98401
116733
101851
102699
116669
91393
99077
89479
110233
89886
86554
89220
98415
115639
115585
107323
94976
86613
112172
97322
110828
109807
106185
113039
94848
89449
100157
100117
104655
87130
107086
97970
98052
115986
116639
99536
95734
99036
93154
110507
105981
115584
92489
114170
103173
92940
109629
90321
106208
115924
104531
89286
91617
118200
113020
116307
115110
95141
103804
89467
114229
93791
111005
117936
93515
103805
106660
118517
99312
87989
109828
98624
95823
112473
95058
90914
99781
94242
98553
117417
95544
109101
117551
118662
87978
89667
102951
94571
109837
118621
99464
97719
115033
114023
112415
96341
98781
111941
115920
101345
113874
107028
109267
115981
98102
99250
111901
105796
99544
93824
102171
104589
93871
112742
117926
96945
111471
96024
98100
87968
97886
111512
109387
99089
94308
95997
111164
107369
96098
103538
99341
93150
110533
87169
110007
115164
99419
91538
104338
86439
98405
112046
100365
87619
100333
104841
114338
104593
92762
91328
113417
92602
99137
87903
99500
105680
89470
99494
99932
115635
101508
104205
86594
111410
110577
103813
90648
103027
87398
101889
108441
96661
109717
117045
98613
91027
115099
93085
91914
96108
110993
108482
91152
93313
101725
91577
110483
101950
89806
99308
96999
107260
99305
103709
116567
113190
87165
114599
88158
107931
116222
107015
103962
107092
98703
90268
95229
95303
106593
114859
110534
96651
98876
95398
97455
96444
94811
97710
93928
110241
102013
116310
113477
89868
107577
88746
106292
93442
96402
90480
99569
114204
110027
113325
112637
93485
113533
92011
114124
102437
109798
106170
108221
103734
104836
111605
93008
97077
101346
111174
108948
92482
117427
86380
87774
92587
112669
108476
113088
117774
113495
114022
114745
94910
92278
91386
99882
102248
88708
97579
106505
103159
95187
98258
97753
87220
96400
98870
96858
111794
112539
101002
92797
114025
112022
89783
114970
100513
101949
110684
105189
93074
98293
117267
116383
110153
87463
106999
105865
86605
107214
95587
114718
109699
99791
86524
101121
87631
91274
110577
88117
113148
87854
98689
90252
114270
111953
89022
119138
87477
96576
105617
92810
95189
93587
111103
112777
110468
88325
91818
114434
103204
105603
87963
108402
90258
96131
96062
116766
117837
91799
115118
104265
95195
118850
99891
89769
103272
95242
92682
115484
114353
118734
100452
95384
106784
94042
86960
105056
100664
88633
105501
118654
115508
103370
89947
115565
100075
90519
116130
86806
97527
117729
94198
110078
106262
101504
97193
89021
96208
90090
89889
112050
99675
93329
99292
108789
115643
111730
115120
87181
107053
115946
106328
88035
92102
104652
97324
91511
117592
90290
100144
93650
115349
107920
108368
95932
117879
96655
112874
94894
113375
109336
115853
109706
114556
110126
103169
105354
114670
110594
115335
111478
111915
100545
115041
99611
104994
98225
119189
115448
109983
103804
96751
97850
101231
116940
100421
110571
90308
100631
100606
90726
114651
117693
88021
102158
87771
96080
110043
99391
101889
104754
118971
92037
119034
104806
116546
108556
100240
90272
112415
95576
98697
107678
118759
101942
88524
118459
91996
97267
103622
110786
109294
101835
97804
97280
100994
108708
100674
110237
114803
114429
113211
92972
105174
99617
88161
93824
92675
112032
94552
104385
112721
96767
93918
112320
110368
117679
115702
103560
118045
90428
95557
92726
119233
97223
98492
113162
98843
108726
92279
114365
109264
117674
91365
91413
99168
99505
98858
99256
87722
116414
109761
116030
103603
111190
94566
96393
111011
100491
95283
113497
95760
117294
90889
111387
107647
87873
91953
116738
104488
107179
88643
104025
114938
118319
115271
100888
106719
115359
88347
88245
110145
104525
107285
118076
114637
91075
88296
105122
91511
113332
108748
108631
86718
99634
103129
101658
114225
93984
91316
109585
88626
101867
104558
108569
117498
102005
105129
106843
114141
98130
113661
94496
99791
101175
119194
88038
90408
112559
117038
119218
117924
97296
111625
99497
100270
115886
101759
97754
110046
112206
114829
110687
100800
116190
110784
92836
99543
96355
117331
112134
88289
89906
89495
87200
91741
107619
117144
119137
87115
113539
113150
87650
89395
101001
97329
114039
93544
106251
110529
102149
95886
115634
87556
90899
105562
100844
99585
88227
106137
105440
115084
104258
107636
92839
115891
102110
118002
101561
110681
92632
108734
90277
96033
91482
98603
116742
97166
99307
102517
102066
109160
118336
102218
119348
103521
104021
113544
97661
117496
94397
113737
109782
99486
88119
100125
101913
117783
110465
109206
102689
114468
103793
107018
97407
106591
114497
104084
113262
114790
118059
110940
94730
98875
118069
90904
114876
98027
90191
115923
108537
101486
112027
95725
99116
109519
118796
105316
104944
107149
117298
91217
107139
115520
101460
112566
116855
108927
108736
94070
101291
93442
119391
115877
101242
102404
106892
119042
102962
109803
105254
117186
95432
108331
110052
87952
105162
90984
104937
110545
115348
117467
95897
86828
87495
105974
117418
103754
90615
88651
92798
119258
100772
112554
102576
94937
98668
98441
91373
109584
93566
117161
91397
102366
111442
118007
91201
90423
103320
93105
103672
116461
106606
105417
118877
115758
91093
115854
102555
105039
117350
118409
119076
96199
108097
92837
117061
104575
89671
87188
111871
113481
105865
103533
106514
102573
104191
99226
91994
100076
110974
104689
91230
104255
110564
114721
96039
96352
108950
114768
90702
88651
91948
95746
109913
102214
96106
91197
98632
116255
102514
90347
111466
113077
102713
90239
94837
96697
112440
107739
117206
110774
89188
86897
94022
101199
119135
112297
102046
107721
108528
110211
100332
105673
98737
103550
86982
113246
112391
104120
98782
114753
92759
118358
99799
87644
88951
103718
116311
109706
102243
89731
107102
113310
106546
104314
90326
115110
117064
119339
114283
94833
99276
114801
101788
89422
116573
115141
105746
102167
115456
100447
88113
98158
107101
104863
87534
111687
111404
109996
117216
114343
98026
111195
101273
95402
109776
95570
108598
101579
114693
113005
111157
97888
99859
113504
115591
117604
117144
92574
91622
104313
105790
119674
87401
110637
119532
103308
119126
92797
95038
112983
94007
96664
117043
95784
107568
107237
87590
102721
96399
95046
115200
91959
104869
88479
105387
96409
114133
117394
97738
117714
102122
119181
93095
108113
102061
111367
96876
90343
108984
99334
105111
88944
93317
88805
103848
119733
102090
97620
103452
107409
117001
110496
114591
109139
108642
100661
87422
91492
87213
94817
114011
97322
97477
110426
96292
115499
89382
105603
97094
96886
103611
98283
117789
117567
113649
103446
94127
116937
94736
110593
98971
96393
87243
110688
101708
107912
103958
99882
92274
99081
107575
101975
116147
90732
104480
104169
110749
98386
89596
111913
105440
109826
117768
119091
118458
119819
105380
101044
116402
108331
96426
88819
90505
94320
105214
104462
90990
118685
106086
114054
109937
91855
101532
105982
112698
113248
118178
90688
108283
116748
94806
96641
100003
104786
101702
89830
101717
87325
101829
88135
93720
103588
119103
102962
103632
98191
89801
113971
89709
95067
98556
102482
106850
113151
111108
87262
105048
103376
101876
89961
102692
104610
114524
104980
117239
111664
104990
99341
104149
115134
88189
117333
105801
101116
110199
89543
107606
110126
108373
109142
97968
110474
98688
119702
91437
113121
97430
105086
87414
119426
118205
118892
116994
99420
110136
97129
88133
116322
112696
102318
106020
106804
99828
90728
94125
88059
116475
113081
113669
104596
114633
105983
108705
95986
92057
118872
114105
112573
104571
100966
112378
110143
99750
93007
117884
110977
93199
112136
100339
93361
110907
115924
96809
102087
91217
87559
91308
105833
87411
103952
109507
93963
112462
101046
107687
102490
98032
115618
103408
104667
95706
95262
94286
111311
111191
88604
114041
88667
92684
104058
103275
104421
119503
88708
107980
113089
99773
102075
90030
119053
104582
87765
92026
95705
90380
104196
106282
104076
104237
89723
95417
87682
116956
88879
104152
114682
119927
113370
90595
118064
89428
105798
104723
101574
93854
97224
114677
91496
114783
109066
108571
113840
119517
119822
100113
99655
119850
105840
108690
96334
99319
116204
102652
97788
100777
96031
107522
100744
94383
106386
107425
93257
114450
98036
105301
91164
88653
116647
101260
92422
110176
96639
92507
97818
117536
88518
116336
100765
93137
109699
111944
96361
105718
103163
114082
110735
95336
111481
95539
104256
102310
101963
102555
110062
117868
107533
98456
101038
94087
119082
94073
110561
110055
98975
111318
100115
117750
108546
99711
99107
116520
100035
105906
109988
114131
119475
95121
107396
100674
110530
117714
115947
114181
98573
88761
105574
99978
108824
103235
115013
101362
106327
95909
112962
90397
98036
96244
105827
107527
94924
116774
99873
117080
107195
106041
99017
116278
99865
118706
106531
101470
114564
118089
115282
101491
91616
88035
87547
111253
89757
98752
105641
102710
109880
118774
104560
110121
89093
102430
88785
108028
90667
112205
113374
104840
109296
87878
112286
104902
107063
103149
99251
99813
92742
99071
103226
102297
106189
98817
101619
88501
117028
89718
99746
91388
92629
118357
95413
114484
113498
112314
109862
108669
102952
105436
89507
107233
97772
118079
89069
106540
102420
107051
114558
115198
93073
88668
102254
90142
98779
95995
100247
117009
106806
106445
112888
94444
112693
92331
100695
98918
94844
101170
87594
99889
103113
92347
114360
103563
110134
92301
88444
115984
109752
99922
88266
118994
111340
107720
90805
105131
88339
96441
106543
102866
119642
106541
116594
107181
94048
113118
107935
109030
101106
102636
93093
105921
92185
110802
115301
90541
98902
95641
92692
96281
117036
93260
92384
99976
91103
104363
101590
90088
90748
93475
115971
100639
98329
105982
103897
93160
88670
98520
109781
109533
115268
110418
87903
119252
100893
109578
90354
115055
95445
107722
105596
109807
109175
107775
105736
97097
87538
117869
90522
119932
118814
89634
96346
116769
97274
113576
89333
115268
112696
106623
104001
115314
100859
111050
87840
100627
91359
112201
108198
110331
111674
100999
119678
88891
100769
107861
112265
101181
103598
114806
100553
106768
116737
96668
118910
109568
118661
98196
108942
106346
113652
106429
93482
93134
100254
116670
97455
110118
88166
118648
111562
92534
107277
106298
116192
97957
103347
99892
101037
87691
90010
120111
97835
94795
91182
102779
96181
120291
112450
119848
89196
98561
101533
108921
119002
92697
103605
99477
110037
110516
112826
105344
113830
95243
88022
114506
97899
104148
92596
99462
99002
115036
109119
118782
102791
96470
111276
105381
109640
109298
107450
100301
109142
92338
116024
101530
95383
115578
114376
90039
107610
98406
118244
90695
100738
103903
105758
109343
89063
108401
106668
98610
105465
95191
105507
88652
91815
92504
112003
111108
114815
119895
113012
117996
105494
89125
95439
113674
106410
115225
116576
111756
93702
104163
119787
102327
95910
88605
94572
100129
102684
112675
115107
98592
92082
88613
102608
98690
95569
97402
90812
103038
105121
114487
119032
113131
102002
91393
106089
118448
109915
95263
107525
115324
93344
93651
96983
111543
95321
102379
100169
89016
107729
119955
117154
109880
101165
107629
104398
112390
100686
93924
107614
106237
111864
105661
95951
117044
111155
102638
112911
98164
101617
109492
97853
109807
120306
99296
91824
98862
100069
117361
116028
103756
94672
101480
108976
119394
114609
116440
95395
118850
115302
98621
88177
89448
105930
90638
93056
88365
101409
94614
110536
109886
115126
98047
111506
97101
111554
89008
110463
119558
116368
90329
116173
99397
108255
95051
116438
90502
119432
96654
106201
99997
103520
96301
119037
96167
96096
116821
107411
109632
95491
105630
90524
88822
90864
116777
120203
104702
91097
97259
90444
107046
90019
93768
87940
89355
116423
106724
96795
94092
107768
112822
115192
96126
116486
105566
119819
113569
96258
117944
116625
92371
104867
109489
106899
110468
105448
107865
108976
120170
104447
94010
97309
102262
103014
119273
97514
112646
108624
110810
102535
111964
109642
115832
114054
107599
95774
113269
105378
105280
92663
110687
111617
104784
96967
113781
112310
95696
109542
96440
108938
91130
120316
115781
95228
89822
111392
110305
93318
102814
95809
115414
117538
102366
94661
106750
107789
94839
102769
107293
120267
109675
109449
96371
96619
109598
93496
94354
89100
105667
91697
92270
98976
89108
96151
101811
110832
96326
109083
93275
102625
117308
110436
96895
89845
98299
103091
104045
114708
109406
89287
109308
107661
108810
110334
93724
89176
95141
104894
93617
114846
112451
111123
89762
104058
112929
109209
90668
102146
92054
95133
111997
100481
108102
108159
98174
95495
109209
114778
110832
100900
97388
94183
109242
105968
93958
96927
106113
120142
108109
97568
89466
100210
97337
101074
100732
96929
88714
94410
89178
89656
89270
106479
96623
108016
118310
98907
97658
109152
88225
114692
114861
111300
96009
112283
98048
117756
98373
108724
88779
102616
89726
92200
93588
116626
116366
98231
88869
96412
99253
106482
105186
90780
109454
119641
93018
94134
118338
114112
107548
102409
95996
92919
88524
105852
102557
94377
100470
109754
98992
92037
112673
94075
105120
98204
118696
101382
103720
111626
100805
101875
89100
90585
114799
119862
117767
116258
98918
106585
104196
108405
108300
109321
104081
110203
119926
90580
107152
111066
109507
111153
114735
96601
102316
99777
113947
113733
112989
119764
101105
89875
102275
93231
93942
111686
95143
89869
88583
115860
96698
108131
97491
90692
114161
95336
93255
101338
117971
117589
92746
90614
119184
115305
108203
111738
97940
105521
101463
92907
91228
102918
93904
117786
109192
96471
109530
92419
89906
107305
103800
110325
118911
107611
112662
91379
107635
88367
119048
104539
107274
88454
100659
113861
91780
112491
116746
99118
91648
110419
111293
109654
101964
109987
109484
88678
89340
118131
91682
107990
111033
111762
90688
96654
117212
94410
91447
96843
105020
113253
115131
97605
97091
114671
99508
119311
88904
89918
88630
91070
92952
94128
114355
95565
96470
98740
118895
97600
93446
112524
120117
91272
105956
105297
116809
109735
93434
103991
99485
114964
90865
93458
89927
96225
114088
91673
116275
99739
107651
97258
112405
92274
96006
115151
107170
102041
92578
89408
102400
113648
91342
112809
103547
94945
88666
119661
95097
91271
99584
119594
96944
109590
116285
113215
93846
88439
104031
92043
105241
102194
113374
115576
89233
112529
112367
114232
111859
103683
109143
99151
115015
111038
103037
99922
107356
94888
106948
117998
111546
119160
106775
105003
102360
98840
102342
89842
120975
100174
95632
103374
111823
96924
105217
90095
93329
101221
105470
110964
110604
96592
100510
109290
89900
101874
100411
100879
91456
88487
111305
93148
97523
112576
103527
102851
94333
89572
102196
101430
109082
96944
102244
93800
108731
108449
116115
94039
109820
111156
88920
105482
111191
98379
120350
98071
100503
103379
105519
90473
106895
94628
118802
100416
91915
94120
95767
103545
109831
110144
104496
91920
103455
114915
89090
110307
94279
117257
114492
99257
100284
101959
93736
111234
114235
115387
92288
106209
98416
105130
92290
89575
99249
120936
114758
93730
110060
91512
106832
110806
113118
112117
98914
100490
93062
97072
104339
114886
92378
92571
102565
107292
101048
103910
102804
89445
113183
109927
104811
105805
109983
101823
117595
99602
105230
98235
118286
89480
110973
104824
111929
108897
94058
101323
108913
97707
108856
89823
115263
115610
119772
90656
116342
116616
92120
119640
116420
112954
94317
98584
116360
98661
105228
93274
91875
102512
88847
109924
116754
100988
95654
106480
103675
95394
100884
105097
93445
116603
92699
111928
106541
101094
120500
90976
94551
89861
95492
91367
119521
104073
102284
119446
119166
116272
96160
117187
106818
93579
105242
97069
98553
105733
107087
106791
92093
113953
109122
106745
110792
88835
93976
88963
113030
106034
96972
94499
108014
117660
109604
97497
114451
96731
109028
101033
106486
88758
104001
118081
107679
114155
104088
120540
118636
110892
99168
121190
104616
90471
119902
111073
89183
106826
105751
115463
88689
112903
109963
90929
97510
90964
109344
90487
120961
105398
112093
91673
105368
107008
93656
111134
89891
120598
93426
98874
101906
120567
100545
104693
120548
95227
94414
111626
88949
96089
97537
94477
103191
117483
114777
91473
103141
94262
111584
93449
110676
92325
101855
95661
111115
94997
104782
116640
99061
115350
106894
103183
105364
103024
116315
115740
103832
113509
117756
90684
105904
110134
113596
98013
112544
96105
92318
96077
100500
110664
109645
101847
105395
98605
94290
106031
120056
104701
120713
94480
99901
114163
105430
95011
88729
88991
95252
119587
101356
111150
104014
117567
104120
101099
109106
104895
90163
103942
114626
93419
98970
120212
106061
116264
111559
113112
98206
104549
96774
119489
101235
107957
107301
113331
108337
90173
111050
106123
93653
119377
111881
100061
91182
119258
114230
116351
113994
99067
92408
111180
115502
93684
108959
99874
112585
109638
120248
105261
115243
94488
105182
119656
113651
94425
120787
89696
94982
93223
101327
113468
111495
90607
118807
105466
110083
109782
102354
101883
101867
102360
94744
101314
119880
95791
109133
89081
117418
92791
107181
90548
107105
100623
111911
115194
103408
94658
91759
98946
103103
97447
120655
99770
92432
112197
90174
100365
118836
91899
101171
98918
121087
108960
90043
103920
112761
120166
111946
91425
117974
114436
98254
97782
93865
103700
117386
113024
90708
89017
120098
111775
97731
117638
100082
116238
120410
104347
109732
103839
101163
89873
111618
112840
98157
118169
121352
96351
104745
110431
98110
107426
120887
97333
104005
103546
121193
105965
90287
116993
104966
95750
93716
112193
102266
91788
102753
112703
91979
90681
114804
115512
99151
116704
102886
113194
99869
101644
118056
102038
99265
97252
114898
101764
109236
100433
119607
97737
96523
98403
98621
95109
119278
105457
114540
97519
100172
110464
94532
101461
109517
99942
92884
115550
114952
108592
110728
99219
103927
101696
92483
92189
92583
100027
112301
101584
108084
89506
92111
116329
116725
93502
113117
110612
115956
113858
105298
111154
100513
89132
107842
91736
120775
100460
114412
97435
110782
121544
106384
99851
97251
100223
107136
116861
106565
94124
106872
98190
118945
100974
117042
110308
107665
92486
105526
92599
119296
89024
104432
111504
105185
95830
110596
89681
115488
98449
103398
100726
107225
102001
94885
108186
108745
117007
110855
108349
90370
109185
116187
112580
119778
110846
110731
109505
119109
118082
114161
98165
97274
102452
102251
103060
108916
89031
104498
98375
92610
105246
99559
112759
117698
116211
115055
114249
110993
111417
102657
110565
117061
98048
93309
97148
97759
100250
105216
91529
95355
116220
112821
115799
92618
99686
106478
103619
99266
114247
92275
117827
93076
104539
94489
101415
115679
120854
108439
104991
118563
113477
98966
115198
121464
100595
90631
99517
114816
120969
117177
112835
104602
119866
109099
98147
91736
96926
109471
111527
89396
107421
110447
112204
101502
117903
97188
113421
100249
94113
115909
97061
89703
92795
100845
94479
96770
112672
96032
98704
111021
98837
115167
112119
109578
117957
111610
93092
90253
115492
120998
105671
118064
91539
98255
108138
111720
106500
101296
110514
96088
101214
113824
104033
90181
89635
93999
99488
94539
118864
98417
103420
101198
95876
117914
106926
98611
120933
97227
112671
93007
116287
102700
111019
118559
111087
94267
96421
94010
102144
117860
100508
120709
97811
112337
103645
96678
116612
114307
96313
93627
92490
120482
119305
109387
113695
96017
95343
118396
95202
109382
100318
114055
98105
99161
100316
115306
100986
105306
97542
93405
109004
109800
104533
118918
93833
89855
103329
95088
93159
116754
97123
98490
93912
120410
116159
103308
93486
103021
121538
110159
94211
94226
94696
111134
97624
106836
92385
92791
115964
106453
96148
98615
103600
90213
91493
93893
120712
91347
107443
113293
107668
106499
94629
106416
106688
90177
93479
92665
112633
111573
111919
106260
94609
97240
98629
116730
91109
106822
119362
93872
101181
106580
106584
107569
100339
89603
109138
107177
100312
97269
117277
90083
89811
106111
94856
107525
103115
121089
113224
96379
89799
111730
104511
99121
94548
99391
111870
107013
92712
97622
95624
121468
121604
115581
107352
94643
118751
90345
120230
114841
107072
121868
98279
104540
105452
90030
117139
117537
109761
108863
103210
109816
112610
110956
117881
106767
113684
115440
98330
100134
121704
95149
112698
105794
99867
111611
106654
108966
117946
92224
100840
98559
105865
114881
111127
113887
94502
115639
95822
112236
109162
114086
119254
104794
109968
101354
118373
107286
94873
95634
117153
90692
104174
99954
111584
100972
111176
106612
109618
110576
94925
112431
105889
98370
115836
92603
115127
117331
100298
93891
109633
93007
105357
100059
115795
95111
114202
92436
118412
104367
100778
89550
93339
115273
102403
97230
112130
121185
121172
113553
118298
101499
117344
120031
105304
114378
112094
105123
99278
90530
105760
116985
119541
119600
91124
96649
109737
103785
97224
111124
110965
94528
117265
115020
112657
121372
118253
89577
114729
107913
116998
113657
98912
92973
94138
101495
115093
106751
91258
105248
115045
116659
98928
97922
99825
113528
113509
101974
114913
97510
101601
103439
102313
99890
118932
92595
93962
98469
93172
97002
100316
93772
107304
121941
112908
105456
103205
93472
99041
94024
104215
112347
112515
91502
105730
98181
103613
120208
109993
115178
109314
117736
109487
98352
112046
102638
101884
107692
116879
110796
104802
91386
95908
104210
89472
121676
120356
103083
96487
117250
99778
120336
92284
114043
104240
116667
91678
98347
99042
112351
105096
103662
100628
116822
108152
109468
107534
110554
116497
115678
94119
100729
104829
94784
109064
91971
115160
97159
111026
91974
96585
113220
107715
91580
116594
98985
99700
106370
92939
96412
100327
121036
112073
101386
93472
121880
89989
102270
102225
91488
103578
105714
99162
118164
115599
113893
95120
100935
93686
99245
104381
120233
98451
104719
93801
103093
95937
89613
105304
115115
118034
107775
102228
104641
100150
110565
89389
103701
118046
92412
90109
104423
90976
100751
104112
91141
99038
107280
121028
102278
119715
114279
116814
114107
102157
99722
107838
111971
101681
109390
91619
108318
115067
99709
112818
112677
92821
101672
119619
107831
96650
112958
111260
102871
95276
91998
110770
120756
120499
116458
103213
92777
112806
96861
96108
107366
112895
90846
114633
100910
95626
117269
91678
93380
102798
89661
120712
121951
102319
111738
114026
90725
99091
116077
120757
98711
121796
104454
117863
120713
119381
102042
102482
94806
112329
100918
118047
110225
108208
120882
92306
110975
93843
105993
102672
119683
105106
112488
95070
102105
96844
113284
97707
116359
105471
104113
119761
96657
99056
98609
121048
112237
105742
107593
94651
90806
113618
115866
91503
109349
103529
118959
97826
110524
101141
102099
118721
114756
118225
122149
116668
113914
98868
112622
92685
94086
101015
96817
89975
94252
108154
101508
112907
92998
94756
95775
101617
121586
100746
99379
118885
100616
119410
97149
103168
93519
111064
100378
98105
113648
110737
90013
115755
112682
119598
117087
117913
106312
108835
98582
91951
114640
120617
108457
115722
102654
106720
112195
93051
89712
112057
108455
102920
121891
115987
117699
93620
112286
105892
96647
94337
95085
121883
103159
101426
112081
93443
102271
90965
113590
91627
98439
101249
108261
96708
115784
115933
91771
101514
121566
117473
119962
109095
102814
107105
121950
91284
96425
100551
113683
122177
120513
92320
112549
97719
102236
96090
118615
107388
110327
90187
118456
115510
102829
106742
116692
116500
120840
96906
118439
109674
106007
105644
100567
107675
108737
93558
91554
113980
97624
103104
102932
119670
104306
106654
97662
120492
110836
102697
98853
106078
118895
92547
99895
120654
102832
110613
108803
117729
122002
104475
118888
101319
97815
99939
109198
112350
120759
119633
96213
94036
104696
93735
110859
112397
112447
116099
122338
113732
104422
104746
110497
121204
106638
104707
111641
117881
106935
95591
111835
92402
118670
115864
104104
117227
113925
90510
118057
116409
101673
108538
112352
110372
118449
110981
95583
103116
112082
96344
103864
104389
108635
99042
105780
107653
118781
97493
118344
90368
108266
90482
113092
119569
111267
105223
94286
104988
90378
113590
92175
101874
113599
111479
92844
115956
91561
108384
106360
116092
104147
118309
99816
91768
100986
95707
95303
107352
103268
104193
93866
91947
117363
104640
92711
103172
101241
109170
118850
115619
111694
120418
120488
105041
121376
111058
98080
101644
92427
118339
119742
98788
90601
118768
111449
113061
109164
118172
115264
118198
107370
122253
119593
116033
96631
95193
121962
99732
91065
95712
118124
106952
115960
108314
120924
118176
90869
119571
99363
96179
108541
121011
105113
118478
107197
96963
116469
112276
112728
104877
96393
94055
113847
113283
122284
95628
91425
98115
101111
121737
117003
95322
107188
107474
91441
120678
102547
122277
120037
113472
109983
100659
112039
109882
90225
100096
92407
114597
101795
104076
108647
105879
93320
108595
106484
101355
103450
99922
98966
97160
119860
104875
118038
102631
110338
118027
109344
115919
100021
119850
111257
98915
119675
121298
92466
91743
95662
121155
116798
99231
96331
108247
111297
119009
120743
93154
102857
107467
106589
104924
101121
122160
96907
104642
99715
109199
95550
111801
94446
98524
108074
102133
99000
111747
94623
103897
122310
119467
102072
116831
120890
106423
105430
116923
119693
89875
120652
98875
121565
116781
118876
91762
97160
117953
107619
99733
101369
103514
105552
99877
120002
119062
114266
114638
118763
119209
108531
97680
94858
95396
115703
109340
111764
90360
110890
94593
117491
108469
93409
100103
116697
111384
103935
112219
103763
108229
121891
90349
97825
103761
93984
98455
112837
110339
98990
93311
108762
118236
113247
91454
117415
99028
102868
109634
97524
100455
103728
109168
105756
114256
97741
92686
108900
103061
100142
92129
122251
97219
102453
98194
97699
92283
122006
96087
115487
116781
101004
93903
106540
102692
102603
111917
118085
92099
121013
117400
120065
117518
116944
102610
102960
92780
119672
93976
119847
100522
122321
93514
105816
102468
103168
100940
110630
113888
96155
119212
122359
97820
119133
95365
117898
96137
112415
92579
107915
115191
122115
121063
91236
119284
94451
120301
112215
108431
105290
110061
106697
109410
96208
117983
90593
122063
105196
97763
114514
112009
96021
101087
112501
91734
112266
98154
116891
119060
122179
103145
115361
91130
116519
97783
120517
113185
120447
114443
121271
107843
91819
102996
93172
99522
120595
106728
97359
101868
115297
109342
121040
92541
112110
111160
115138
117349
97657
91462
111368
90572
120607
120135
120752
119892
107399
111760
121803
103582
91742
107890
102523
116495
109315
121879
104013
103124
106883
104365
98761
99363
100295
112326
110152
91076
111372
92927
111366
108497
118164
118752
110200
90554
105627
92420
121824
118155
90765
117626
108318
91762
110966
95850
111305
107644
115130
106236
99454
116639
106758
95093
117624
119805
118150
104868
95585
107367
102745
93308
99688
110624
111170
113922
90516
97508
117152
105066
100952
114217
120992
91516
94311
108709
93361
111421
122057
100624
92216
115404
106287
100651
115589
101002
95876
116225
121350
106621
92100
105325
104379
98807
96017
116956
105194
97906
96004
119636
106004
117183
90689
116918
114215
96608
95054
116800
94453
94514
93861
95317
114661
99151
119559
110977
105193
116530
91156
120504
120752
93212
115481
111326
110876
101047
100905
101261
121590
113145
105839
96530
97761
93004
108226
115640
110476
119276
94074
108106
113452
121232
101506
104915
118314
94284
102575
102056
122136
108470
112976
112296
120042
94536
116999
115907
93283
96773
99543
116153
109005
92511
100221
95780
94445
100185
122628
113081
109878
101865
108692
104395
93245
108960
106123
90384
97389
93580
117966
90792
91132
114270
122722
117339
115741
96456
114486
106531
97400
120617
94531
96490
107223
121452
93143
116372
107298
113197
120366
92480
105357
106526
91715
91595
117008
111274
119013
91542
104472
111320
98317
91018
109948
110961
99183
109145
97202
106341
94031
100358
112707
114027
105878
121511
116092
110312
99621
121450
91238
111634
105321
115926
115449
118613
95280
118099
113293
121334
103355
95981
119441
117750
108308
113493
121727
113465
104098
107304
112143
120295
108282
111476
105132
121875
105464
119929
95524
122010
102927
103852
108707
112974
98781
94978
118754
112212
107010
98154
118172
104651
105267
104603
115010
104622
115338
100369
111599
109052
118304
111954
102814
90390
112606
118134
115355
95848
115344
99302
96567
109899
120123
118884
100288
107050
106673
118348
119472
115684
115554
106777
111397
97394
122741
98858
122257
117962
120600
121799
106675
122883
107284
103775
102598
121273
96164
95507
94968
91059
109447
113273
97565
114371
103764
120473
114085
121582
119566
91452
114635
113357
110584
117607
114704
108083
105642
106274
99560
94225
93541
113789
110515
119702
119460
109525
104942
109722
114675
114004
103083
102204
111876
97719
102462
99018
105728
92244
109114
91106
112667
96859
94108
111063
115563
101212
93509
117590
119546
102153
96430
122442
102938
107582
103127
102140
122360
103742
96128
105087
93812
109888
109724
96331
98608
100138
108035
114472
113383
113052
119143
119118
111361
99376
106121
103370
122212
90624
120748
111907
116364
107881
122442
116542
120286
98575
106503
110719
100921
107041
120803
112689
91343
114655
94131
111144
95795
115801
103890
101796
115122
94841
121620
117625
92903
109891
93435
106349
90506
115804
114734
114914
98185
92617
114470
110261
118106
111866
119083
92773
123023
120583
118143
93816
100523
91193
110297
91162
114228
120524
105236
121864
100361
110323
103209
102060
117494
119837
122715
92041
112518
105335
101297
122842
117272
104370
100521
93302
102709
103942
115755
99063
110113
93303
118460
96795
115632
97623
123124
117099
116571
103436
120114
93210
92307
98067
92558
92975
98902
101189
122383
119527
117503
115801
115487
104276
112226
106155
101435
109643
114200
93755
113391
119933
99352
118521
112130
93156
99207
90688
106734
110945
115666
99744
116626
119715
115193
91872
94763
116042
99374
104771
112001
105548
101278
102411
103262
98456
104591
107068
98116
93690
95403
97186
105311
118079
112539
106261
115129
108697
113112
122364
109997
98117
108990
92432
121246
97386
95971
122467
91369
103749
100262
96416
103959
119427
93451
115604
118104
116974
100550
96749
97069
99660
121237
94274
94052
94084
123347
110932
103497
92419
121931
110484
92699
109150
111434
110565
120509
107577
93688
119202
105902
92007
100327
120803
103483
120915
91885
104444
91635
111006
90927
110919
97628
104969
103807
94756
91364
119190
122856
101949
111642
113130
91270
100879
122142
114166
122523
98214
93782
122070
102880
106663
105571
121849
115737
104852
108628
91267
95468
113228
95769
102383
116723
100305
91962
108537
120080
105294
118217
105915
119553
94809
101269
97302
118836
103541
111008
121171
93660
111067
111571
101386
119108
106362
99569
108355
114531
119868
110282
98780
104114
117643
113329
118059
105274
94484
97839
98019
116977
96714
106489
102972
106566
118318
92448
91214
106747
92622
112264
110526
91955
119820
106139
93085
106188
103969
106302
102797
114926
119394
92164
102182
118756
123073
103586
91800
99627
103574
93092
115345
107977
102304
95582
98657
94432
116294
98084
97116
121987
104739
122558
100479
103624
108482
100886
100695
94495
114854
120628
96031
119778
103054
96364
114473
108589
99063
100566
93567
94703
118241
113919
92873
107585
119510
101342
119153
111095
111401
91146
105990
101493
107900
114986
114398
99525
107140
112044
116480
115430
118545
113850
116800
116582
116552
92265
104620
109363
110387
114740
100135
102830
109693
91050
115540
98561
109942
116067
97462
103602
106845
102968
97557
114297
99807
104627
115235
100687
93659
115909
121439
103112
91496
99255
100666
110242
120601
107619
95864
92318
120448
100260
93402
120974
95216
111883
93178
97456
97671
108500
102774
101946
119148
92184
105808
99382
107862
115780
103829
112784
91982
114377
118077
90990
105397
99349
119379
123071
121992
97475
100182
95255
122339
118798
93150
97978
105412
92812
120962
121847
103698
122137
111098
120759
112606
108560
120705
95061
123624
116418
118909
93360
106597
102176
97634
113535
97791
113083
118740
96485
108062
108015
118284
91462
106086
110170
91516
98392
118657
106899
118966
92029
113182
111385
103562
93776
97593
96394
120942
107901
102813
116502
106020
115671
122536
99634
105622
107940
101455
115857
115205
120379
112225
112720
106850
120786
91408
121713
118524
105873
93869
121738
94300
93163
108211
105406
99181
103213
97799
91117
106721
112727
96382
102440
114127
106540
105376
119912
110753
110725
113324
92287
97581
105450
115676
110670
109602
93027
94953
111673
111014
121484
101586
97752
108349
113128
100570
109807
122093
117623
117455
120993
99744
118155
119442
102624
99017
108503
99540
103464
103242
93897
94494
101741
92566
110874
112916
93778
93458
115619
97530
113051
109250
98162
94583
119269
112929
108061
98969
106644
103248
122966
108570
108814
110451
101056
118498
121895
119897
115969
97228
114651
94811
96025
101293
114499
99206
114930
111763
112322
112380
100407
109642
102528
93079
104554
104485
99609
114128
100657
109050
119958
109791
122609
101999
101276
105252
104862
102516
108771
110022
107986
103953
112362
118682
91164
121442
110057
121670
113306
100576
111112
110758
91338
105953
98766
113006
95645
110691
108764
106769
114637
100613
117467
115682
104561
109142
105139
104825
108495
110162
119293
106073
113777
105770
113852
98512
119931
106820
109895
103710
119099
113795
93322
120025
100610
123592
96878
93583
109362
105913
111254
107182
109209
105921
108876
100001
107005
121943
119995
118588
91896
111492
120414
117082
114439
102047
96440
110532
92893
104540
111942
92501
97277
100869
120498
94812
108679
98310
101193
95554
102738
96175
97199
120429
110140
121398
113105
112483
119998
112891
105500
111923
101572
106256
121069
91665
108475
105465
95816
121408
118251
93104
123340
107573
95751
122861
115942
109561
97026
93859
92486
119247
115749
100814
115087
107543
111455
107628
92755
109682
118236
100553
112446
104487
119512
123904
106641
114629
111798
109247
107730
119306
108620
113482
94914
108036
114306
123075
94096
96374
113691
105384
93516
104573
107474
119709
107934
116595
108201
120428
117944
118804
93822
116810
118921
104671
95967
92508
104500
112063
92191
119929
120768
113899
108713
105266
117777
123659
104597
123663
94999
107164
109433
92188
103493
94869
119938
100516
109893
118859
96451
114237
104170
106642
121804
108548
95846
109605
113279
100906
118461
113480
100383
91824
116345
103595
98730
103278
95648
123794
101225
94554
118755
117043
101573
108807
98072
105823
114268
102508
115178
107109
106068
105959
107215
110644
98031
101506
105275
105151
123744
103796
96020
120742
106206
123627
101477
108306
92662
106504
105302
115680
123429
117291
92764
122627
108454
108402
94893
92707
101769
99964
110839
95626
102405
109427
93777
107841
99599
101961
103794
98678
113451
118337
92192
108065
96899
97970
108780
103912
105526
110856
101661
111679
109554
122891
101098
109267
116677
106596
120812
114217
111152
113244
109522
120194
117374
102632
105303
113155
122707
96739
106353
119058
102280
93082
105675
120323
109878
107405
98166
120564
120593
109172
114396
96501
113656
121217
122357
116589
113866
115941
113597
103097
123002
110485
116709
107029
118374
93262
94152
113856
115428
118742
120738
118363
111134
104582
111612
109202
101665
93957
120683
111615
122160
123990
116858
92747
108894
102677
95205
107415
121436
113149
118536
95514
102543
105902
97942
102155
106597
118701
120206
102337
108778
115885
114795
102937
96406
95245
94364
97048
111721
111265
121907
117457
95547
109237
91617
95369
118605
103759
114978
98842
96291
104629
91829
99989
97942
94255
109903
107563
117029
114958
121488
108878
118412
114925
114742
100627
113816
102711
113041
111323
98617
95210
105783
101682
92633
114074
95992
104439
117996
108728
106004
96702
94664
93716
97196
97394
109239
116385
103799
113983
120139
113272
110774
103342
111858
123168
106858
95250
121802
96013
104900
119076
103863
93286
101853
114922
100786
119052
98215
92381
99684
115159
116516
95562
108275
113443
109269
106489
121116
95371
121974
100877
120194
109044
110056
93483
106821
95694
103023
92126
112599
106646
114717
92474
120843
100767
99726
98240
108399
101651
108502
102274
106460
101172
122040
111496
97099
95464
111897
118385
102890
98677
101299
101981
122480
94601
117774
92171
105645
99197
107948
118079
112229
97498
98180
107111
94814
93469
114611
112509
104888
101815
113517
116783
100221
123736
123705
116542
120441
99437
98142
96548
106828
108776
102552
107001
100541
91967
108816
117399
95313
115383
119179
123133
114973
93922
118498
112625
119512
93286
121778
109034
113460
123649
109140
123692
93038
122058
115472
104245
107556
116410
103053
107864
104296
121450
113804
94376
94482
120094
100054
93975
112986
106499
94323
111583
116134
118197
117021
96545
109472
102660
122101
93388
92812
102648
100468
115905
114393
114195
116899
122421
119797
101589
105359
93270
116838
113030
115959
96817
112663
96559
117577
115667
114927
113642
114893
109230
112040
123995
109855
117055
94943
104575
109282
92654
100967
102308
101811
124214
112867
98745
107612
109317
121236
105416
93002
97126
117871
105921
115522
103005
98931
99705
98383
117522
107577
92914
124159
97842
100045
94685
122318
106387
123580
95325
102627
122647
98670
117518
103930
118994
119990
120390
92834
122991
109736
109723
95912
103375
98219
103077
111827
123124
96463
106501
119761
105246
114784
112037
123762
113459
111291
108866
123412
100196
96608
117288
114271
122382
113225
107325
106802
108510
119162
106049
103388
111929
116954
93268
120464
101083
98881
120761
97043
123326
116690
123609
104376
122429
112267
120971
108174
115321
112410
110994
124120
106492
96498
95079
116413
117916
107423
93242
119617
106146
111190
94259
97396
111660
110033
97277
116713
117200
112730
123013
121706
124034
106533
121855
115178
119480
93154
115755
97467
116940
103827
107990
111874
105633
92059
97699
106855
124041
110616
93707
95249
97638
114291
104099
124113
113680
122678
94365
109469
118263
117277
119954
98113
101642
112239
101759
93265
117463
100750
105741
104546
120563
119757
103701
116089
115868
102275
109155
108996
111517
120414
124090
94088
106610
98553
102425
94555
98221
124080
119613
99987
108696
107443
102247
95230
119580
115545
93535
120020
109793
97463
113593
102377
117175
97138
98903
109863
95029
98001
93999
106300
105375
102678
98382
120208
96269
117007
102173
109178
99786
117224
106724
98739
98043
95555
106636
109323
98945
99210
124329
122202
95008
95876
109752
122298
119264
104999
124068
108275
104371
100270
95632
107831
119385
122603
124112
121360
100481
109021
96824
97430
108849
106117
117402
92645
100967
111350
117642
96718
113409
112556
119908
101325
109530
93214
110737
122939
95286
115094
108293
102853
111968
114753
105228
115485
123281
115330
109127
120047
92692
96908
93169
112663
104616
95792
111975
110609
104486
103667
100328
104881
94307
107620
101273
100884
96600
104109
113612
121302
100736
100199
108673
94341
123778
98995
94509
123990
108304
115334
122043
115223
117007
120388
111313
102757
120568
92305
113236
92447
100734
104292
98606
108571
92785
103004
119119
108055
102882
95064
95985
94450
114312
99650
113697
92700
118114
93483
114043
120907
119966
92573
97333
115055
124346
105516
119135
106729
113385
102735
108136
118263
119736
96878
104165
108147
115953
118332
122766
119230
114623
115527
114313
110583
103444
121038
108780
117104
111176
123346
96637
119394
94211
116335
97468
104159
103516
94061
97827
123657
94018
102419
113324
113538
98331
115259
122004
96803
94124
108716
123998
107249
123193
101283
107292
99660
122605
107443
109034
97642
124284
100047
119483
92676
119558
93094
116312
109135
113983
112431
107429
112686
94925
100484
109606
111270
109553
112371
104899
93330
110186
95826
98760
119704
92310
103828
92464
115547
116699
101274
93731
104690
118341
116299
109245
105114
109424
94183
111889
100263
122025
106136
122990
124097
104528
107083
107489
120908
100480
124093
117242
109352
104691
102361
118227
115099
121887
93761
100687
106635
117669
113195
104608
119537
92140
118382
104204
115594
97033
93660
104688
122576
99043
103635
100101
102696
99988
100623
114402
95581
121618
105410
105666
116557
105230
119271
119432
93922
120348
124627
110592
112452
113429
122125
114792
99917
115129
102751
123183
108606
104345
99373
112124
99248
119861
118022
105970
117197
112737
93305
101939
95935
97517
94250
95650
112233
95364
105765
101870
98645
99541
103537
114124
99822
113393
108009
94339
111088
98036
116039
100014
94236
109288
120194
115773
93744
100582
114266
122814
98070
97406
98352
104155
93532
121690
113180
93219
119268
112925
120378
94733
115421
109201
118852
116537
93937
115714
117350
108538
96448
120549
123981
112914
108174
111294
100482
94140
113208
93504
107510
113392
99693
95669
97246
119266
101914
96160
103872
117708
120614
118945
124366
124141
106848
105882
112500
103633
112822
107280
99373
121300
106919
103636
109722
122338
113403
98530
116693
120960
108465
123273
97539
119312
103737
105164
105256
109648
111075
124681
123712
103461
124824
95960
112779
114839
110280
116790
109352
107292
101795
96483
102629
93465
104332
104456
106582
102054
98506
113437
115236
103058
105089
121354
101544
97190
117473
112268
105912
100142
120222
119515
116417
96438
100512
113546
114454
119570
106747
108718
118920
107169
97313
113218
111159
113874
92503
119754
99752
104678
110437
121655
109079
108024
105106
122635
121358
115259
108239
124861
116534
112516
105011
96351
108654
123144
107431
98942
93722
122470
119267
119114
102589
96232
95897
110582
110027
104453
117231
118626
124600
97835
123443
110328
112213
102076
119754
101588
110684
123991
101738
106791
122697
99928
115850
108765
111724
92322
99862
99197
114237
104604
114534
125009
104687
113529
119665
95944
118088
115133
102462
108056
102831
95228
104604
120871
106887
113893
103955
103340
106171
119936
116506
108945
111002
110772
114058
117149
121574
122636
123219
117327
109607
109499
101230
108557
121413
113117
118035
98174
122454
94463
112427
100148
104629
123874
112136
117902
109140
103548
120148
112604
96339
112960
98375
105413
101841
124831
102941
119782
118786
116687
117448
112316
112769
112075
97250
122564
100840
95131
98789
102112
111263
118997
122270
112125
119281
93028
98783
120307
103269
93576
108917
119212
119883
93470
117081
124553
116629
118818
95019
120065
101352
121458
113627
97420
124915
116948
96938
93887
106752
105787
95313
114104
106440
98374
116351
100796
120716
121866
108425
102943
107361
103441
118365
118116
101836
97954
104121
117926
112270
99139
112026
93751
117441
98941
102902
107398
115492
92895
103853
118342
122036
106310
101054
96460
98172
103003
121014
93625
100269
113500
112239
94938
107761
116768
107510
109388
115709
110677
114893
124132
112229
101901
119379
120013
101557
122745
102016
100211
120509
103923
98005
100256
114220
104002
102291
98533
110433
101914
106284
123196
99453
115427
106999
114155
124605
114107
110119
98220
121351
96446
99326
104970
108226
94597
124478
119310
103915
115948
120545
120859
111461
112665
101385
112919
101009
119482
110906
92875
102687
93837
116935
96141
111652
122918
115082
101660
113516
105709
103640
94923
96017
98918
98484
109282
93004
107189
111171
115521
93836
113249
95361
104774
93637
111448
112433
103665
117515
121139
98842
106310
100959
107196
108656
120819
114889
111789
118929
118323
96679
98747
107506
114930
99908
109523
113496
109106
93100
101028
105291
104877
123583
97117
120007
107196
106117
122296
106038
123255
117953
123447
96411
121630
99529
101805
111888
114104
104596
103937
93810
115449
97301
97327
117595
113257
112327
100239
105552
97987
103306
99930
109116
121499
98989
96106
117021
106564
123468
98625
99070
96497
106716
121421
93989
110362
93700
99947
100749
96290
93614
101801
106135
98614
106847
102480
106236
115576
97219
121890
94214
123741
119437
124640
101376
106323
107134
119311
100075
102824
121282
121852
117618
117159
105603
123390
107552
98308
112569
120827
124113
92794
112191
121133
116838
94898
117804
112166
120509
119911
101472
107538
124641
124616
105565
94525
102781
103709
121433
123605
108439
117422
108945
106480
98682
120288
121055
118224
113140
100002
120719
115046
108994
101383
109679
92694
112457
120116
123685
121274
118407
96637
123845
101865
103752
93131
125091
122489
110493
97601
99942
111938
108682
95007
96862
95013
119551
111590
111384
108110
112393
118717
116527
95669
122698
124947
118372
124395
105127
113286
119025
121619
99904
119555
114971
97326
95141
108847
111367
121757
98119
109830
116430
100576
92972
100034
96467
94116
102887
101887
117845
108541
99784
113692
99392
105456
110672
105956
122441
108084
99815
100462
99385
101945
106961
103745
108425
99690
122463
108988
97072
100784
114018
101814
98233
119095
111845
120161
120216
107380
111644
107124
100798
115559
95383
98441
102507
118557
93115
123075
123460
112762
94323
96437
94117
113461
125219
100479
122424
95268
103902
117818
115911
97722
117464
105623
121166
112078
110366
99010
116053
102557
119684
115597
103548
105747
112095
107978
94552
106054
99445
96248
107645
122436
112050
104739
100828
105998
116765
100613
94288
116452
114314
115569
104307
114883
109712
92914
114614
102957
124733
100015
98481
109864
110089
120721
121271
101769
122889
100520
110766
101490
102757
114379
111389
101658
103692
117631
118151
124620
118438
100123
109816
110643
123083
103977
98013
118740
101234
105998
123672
95708
118444
109806
115796
123676
107922
121034
101014
106834
93563
121323
121877
102570
118131
107652
122956
93828
111081
116115
112973
113016
110760
100104
108376
104087
125193
106281
101036
105460
111718
94005
112541
107620
113361
103751
119015
102529
114694
120190
105538
104693
113823
106075
99639
103925
104327
109674
115249
122891
103345
102693
118743
110105
116234
106773
112281
103579
108460
101690
118409
100908
104532
109485
95597
103756
124182
111492
92946
100192
108367
94198
116707
125178
102364
110272
115129
97115
94857
93638
111349
95030
107980
101374
104397
118967
101044
98698
95715
96452
119068
123684
123420
95107
117796
111807
104623
95260
125666
118635
121724
101824
108884
122490
101024
113130
101785
112609
109382
103396
99681
103393
118975
93582
112547
124902
105430
106843
106126
125103
115805
116124
97729
96175
123148
107777
100542
98227
123276
106588
118172
99526
93902
122281
112637
93009
107937
125004
114752
113287
122756
108185
105208
122368
97720
116889
97436
109220
125594
103435
116096
109259
116016
111018
109059
95651
125698
122798
109322
103889
119851
109973
94894
115547
95663
107811
125234
95429
105999
99496
103992
101242
98331
93825
107060
106350
122888
111073
101408
110082
104130
102610
124786
110632
122755
108406
112203
121799
107429
120979
111601
103521
112821
123726
107391
118515
115912
99895
95963
93468
113938
119686
123369
119682
111284
105124
110078
114546
123350
101102
123288
106438
112374
95157
102476
95500
114303
116105
124671
97508
111262
112823
116825
109738
105297
113936
101751
114517
111809
104172
114400
121503
102353
118127
121275
102247
106743
118283
95551
112979
110923
125254
121962
98745
124381
101566
94198
100800
119116
122474
124041
98242
115604
105762
110892
107509
117800
125538
115198
98379
107073
123211
115497
120726
124789
106218
104470
102384
96395
106429
119517
105562
114830
104051
114688
108963
115232
106484
121432
103052
117521
96417
113487
122665
99888
104157
121680
119690
122721
118476
112252
119195
93680
123738
108959
102985
121125
108672
105314
96742
125721
105155
116162
101327
116167
102397
111552
115020
93798
124255
116570
116663
107255
118455
121787
125409
110106
109295
120751
108721
109861
98774
115801
116494
97399
102180
113704
118015
114186
97976
116231
116241
110152
114211
94420
114426
113440
100202
115476
116347
102744
100616
119525
95627
103461
118579
105011
115377
94969
119392
121647
107698
119196
118537
108797
116844
112254
117422
125101
122370
111436
125466
122477
115001
97217
97511
105213
98594
122559
123460
122211
101114
120222
109302
113887
97358
105924
105629
110369
122978
102517
96825
114362
122068
109805
112108
99793
102781
100524
94210
114967
110488
104978
124718
102141
101414
102699
114198
110372
110993
111308
113170
120340
111759
125407
122673
125234
118857
99067
101758
112364
101821
116280
99201
98103
96864
123713
125448
122939
111112
123818
118055
97100
114698
104324
108157
124445
105375
110639
122041
113712
115597
97648
121949
124049
113923
98499
110018
122820
96708
117491
109660
111100
125319
120807
115520
114062
113310
122047
119523
106916
101847
113696
107557
94518
106912
103627
101518
120374
112750
106101
108503
95499
114271
116947
117420
107585
94750
119028
103088
117887
103687
114899
112578
99513
124555
101677
98943
114342
93910
116112
101383
104309
122032
101045
109316
106684
96929
114447
111081
112049
98137
107940
123512
110748
113998
123676
113287
103564
95655
103703
97795
98121
119385
95172
107061
96139
117648
111024
97860
125801
97360
101851
124156
94996
109148
117777
101325
109509
99671
100215
123671
114420
123177
103269
115621
125387
94116
122483
103799
104666
114024
101335
119748
125964
95747
112366
102975
112346
111453
103704
124826
118974
121940
125385
123208
117227
120483
98525
124040
120891
102408
107308
106655
102505
107174
112991
95844
114560
104616
102658
96514
96403
103207
96218
125946
109231
120909
106872
123495
119566
101563
101134
123782
106381
105513
119170
112757
103776
103756
110017
116539
102405
97533
101206
106249
109686
122007
93499
104896
95395
102305
103662
112306
122655
103597
106440
103085
96026
124287
102027
106806
114831
105074
125754
101138
109758
122136
98605
120331
111325
93729
121700
113136
123147
115326
97564
116446
96645
97222
100512
114878
94236
114648
116834
119823
121831
111554
118346
100326
110901
105953
105806
102706
120773
95050
102723
125765
94522
119913
96498
121232
123849
113896
104047
112302
97589
125650
96678
111781
115197
114937
125239
94824
113876
108693
118148
101024
123473
112173
119303
98219
122088
103867
110826
108773
120089
98827
122065
99623
100839
117604
97531
104078
118156
110954
94089
109438
113259
103491
116253
112870
111686
114937
94375
108997
100785
122143
100988
116717
117190
112056
97705
107015
107035
95572
94342
103127
121073
99708
110990
118209
112558
106320
103789
103564
96654
118639
97115
96871
103061
94487
125865
120873
123592
124046
99481
120285
108956
99520
108915
109950
118191
106537
108501
101119
117942
96501
116555
109966
124854
102502
96031
110106
122744
115063
102003
102163
120119
93887
119436
96625
107419
116631
112497
117495
115691
125055
102069
121273
103294
121534
104593
102620
101746
112457
109366
117405
117921
94438
124000
101268
125393
100753
104751
99130
100907
112415
96307
95658
111087
113441
102853
94884
110437
94731
113310
97751
111127
122262
97442
101472
123453
110178
100861
97166
101497
102624
124529
124136
112068
115055
113390
95089
109480
109509
100196
106026
124081
104849
108245
125913
115998
111710
121262
107529
105435
122555
117335
102738
125876
108697
114697
112858
120003
123636
95200
109340
111146
104118
113713
119272
114696
123608
98845
122795
122277
99786
111974
115697
114672
103957
111234
117032
108588
110143
118510
114599
94950
102382
98245
121327
103210
98897
118417
106032
118262
94140
102497
102671
117231
99986
103196
97702
116563
123240
111892
97996
103471
96871
105182
109975
102610
126450
96098
104736
120961
118921
105006
125830
123500
105454
112656
122934
110305
96134
106979
94057
120000
122881
122281
119534
99119
94782
120282
116777
117646
122216
103164
111452
116654
114790
111476
100389
94269
95858
103836
105288
112517
104199
124949
115119
113751
109825
103519
123055
108865
125184
112550
119693
103431
119565
105951
117313
94545
114560
94996
99705
94370
101152
106236
103393
119945
123533
97999
95394
105243
104667
94552
115496
101024
119168
125260
118825
95885
98672
96730
117731
118963
101254
102787
124325
121525
97318
120620
99472
101311
108577
122226
97695
97909
111320
106557
125669
97066
114597
98456
100374
94803
119414
111296
112713
97083
107451
119418
104700
109304
125827
102826
116313
120733
124897
111906
111800
105393
107157
119736
115556
110048
113128
101275
126114
123121
110808
106983
112367
122872
100981
114806
117642
96973
111755
116218
120370
104124
99713
121928
102961
104318
119169
116983
108697
119912
121562
109610
115662
126435
106914
106922
97348
104220
120479
96312
98954
108541
95592
95009
109192
101211
117191
117266
113669
122225
124002
121646
109676
118413
115354
115550
107983
105993
110004
119016
98092
115069
103734
99396
100847
101427
125076
103211
121017
125659
111628
106992
123744
100224
99535
108307
109623
125371
120929
109844
117391
124711
105282
124549
97917
96276
96974
116835
111070
115840
101986
106150
101017
97603
105408
118551
94756
120201
96949
114274
112202
110725
121849
101228
108331
120676
96086
103654
120452
117632
124172
97571
121904
100567
108149
106534
115695
117947
106981
110592
100455
111819
103892
125785
114536
117281
116543
107084
121716
117965
94027
97656
108159
119682
109612
113491
121331
103312
96581
120770
96247
124178
94864
119271
117233
120681
124737
99386
108617
125417
98214
115420
94065
113873
96850
111656
116258
118401
115834
104330
104680
104679
94623
126612
126688
107323
120429
113742
97216
121836
117476
118478
103193
118490
120757
116489
123097
101317
119535
119529
101140
119045
110554
118176
106756
118396
99875
113211
97102
103626
103482
117882
94598
99519
114937
95199
100598
119574
123014
105733
98459
95328
114810
105779
122481
99646
114499
97329
123377
99027
94919
102490
98263
124793
107081
106739
117544
98227
104337
99003
94068
101220
101191
123587
106584
98110
110753
111488
107080
96892
107582
94239
118923
115924
115281
109080
115847
125095
108545
103686
98879
114044
123920
99510
118298
95916
105147
102782
102374
100958
106722
120528
124700
99510
119401
98318
119910
105290
108510
104352
105566
103638
118620
117829
116633
121136
117935
106662
123876
114046
124088
112945
125645
123046
120851
113700
94566
109574
110840
96232
99653
117862
108639
115617
121551
112426
124520
118275
110775
102348
107001
118375
101569
98698
123817
117790
112076
123228
94173
94213
102159
109609
105520
103513
112803
111930
103449
100045
104769
104687
118984
110810
111950
116657
116816
105047
96020
113959
104459
96841
117843
112557
110138
117244
113912
99330
112365
101971
122668
110912
118819
117596
117904
114962
117041
120359
97479
108577
94568
96473
108854
111311
113138
105724
105991
107048
110333
94233
105588
103701
101404
112265
111170
102867
94185
114824
109195
115620
94960
112011
97217
114885
107976
109012
120560
126111
113283
111171
113731
117313
122185
125551
112842
119566
98367
106741
110970
107955
106157
106000
122742
106845
113505
112746
123277
114984
106062
109618
100099
117722
103801
125039
112532
109521
113942
116372
105654
99130
103149
122964
94239
118916
121091
96183
103303
112404
101239
107886
120239
114747
126378
115044
100514
108645
94882
113045
118074
101523
99505
117539
112615
101387
94289
119206
111276
111181
95827
106692
114794
113994
117049
105475
99681
103377
96736
98522
112884
98378
104290
104206
124076
99238
99898
113468
103552
119958
119465
96177
121940
122619
98905
106370
120511
120734
108865
106458
98577
112674
116168
97166
104597
112439
108589
107767
122131
102672
125222
109056
122009
111638
111559
124542
109691
107998
124582
110784
111513
111704
118845
111719
125408
116554
101007
126840
110868
124413
113167
99760
109260
116023
111549
122392
110526
94568
118418
114393
117820
125224
123934
121680
124415
113633
115824
100453
126756
98505
106806
101145
117364
113172
111653
111967
115944
96359
107675
116013
116844
119439
127107
113106
109540
99699
121978
103306
115821
118855
110383
110928
105445
123139
113680
114931
94381
124180
98595
95596
123565
102993
121905
96111
94617
113712
105258
115776
110707
117050
125893
126664
119378
105660
126567
95976
95329
116928
127046
109325
117034
105531
102606
116741
100629
123272
120388
117521
117803
123157
95657
109115
110880
97373
119265
124649
95633
95510
95764
110259
123786
111787
102229
97906
112715
108524
108929
97177
125004
99077
111466
96201
124030
98732
101941
119455
115924
96159
109569
110033
97282
116046
98762
108409
96389
99540
118924
102064
120547
99116
100779
116319
100660
121250
119442
117330
104417
113543
125850
101006
122796
117801
97838
102629
94448
102659
103982
107719
95274
119856
117392
123227
112569
101158
121165
94670
117474
103840
113275
124908
117271
125148
126646
123117
114809
97031
101573
126097
115355
99062
119419
125551
108169
122902
113882
119177
97545
114342
125823
103973
110624
117795
119610
106968
125656
102404
99324
102884
110145
113832
99830
110532
112566
101517
102911
120836
105569
98242
108854
115542
114178
101791
118761
124387
97515
106163
126902
121055
117583
123646
107760
98912
99773
120928
97093
126832
111848
103762
122269
103520
105641
109524
113988
124768
113735
112806
111692
100685
107509
94907
108333
127178
115612
118507
108975
117650
104155
101352
109322
100877
119373
113267
109899
117025
95754
103888
101369
101962
125296
114807
103929
100845
99363
112908
97967
119785
108626
105361
125542
120432
119356
99035
104946
121621
114931
106050
96659
126501
105568
118685
104221
101435
113800
124270
115542
118287
95757
116057
123552
99983
102392
105179
110808
100145
116405
122424
97405
97927
98399
116661
105749
107796
103999
99080
108748
109662
120719
112397
109919
107588
108931
112058
127032
117394
125066
125013
96731
96467
126673
117732
127104
107622
123912
102886
99841
107732
113258
112960
97527
111713
97527
111482
100640
122593
119556
125483
102149
119501
122102
112818
100057
116886
118347
110119
100003
95289
125146
109458
112544
111892
114011
111194
113378
96248
120105
96000
115006
98175
108871
101388
121445
100000
101025
112968
114513
127360
122773
119597
105443
98443
121522
108187
105418
113092
102080
117965
114342
97369
99328
97163
112493
94843
111285
107937
121614
120172
100066
98193
123477
112602
119126
113797
99087
117355
117222
104327
107630
118425
100090
97524
111279
109504
101963
124974
120313
121461
123626
117138
102537
104986
111749
100522
100364
107695
103398
95907
97868
120043
118972
115969
113935
94860
124062
119953
96572
104683
102221
127135
127296
125907
100409
117354
117424
102035
125255
116949
95024
102738
112338
98399
100499
116899
108784
124757
101444
115546
104950
105031
124388
119453
114238
115896
96564
120894
100647
98841
119606
118600
123742
117497
111247
115415
104028
115318
126768
108333
102704
96247
99637
116995
125567
127261
116493
116509
115657
102390
96988
117281
127469
108916
124701
126633
102128
122910
103052
103831
121082
104198
113475
102057
98977
102651
117027
119117
120938
102399
114549
112566
122765
100604
127441
127023
119289
114610
98367
104623
105368
122612
122525
112814
113876
123156
125761
101688
112218
122012
121055
121664
123422
100670
126892
113718
122271
102670
125379
104668
125292
98799
126664
116309
123367
95051
94924
96638
111945
111624
97393
99458
96998
103607
104015
103081
102323
107022
126870
120433
121861
123800
126964
122336
108187
94891
115385
98584
104671
97691
105785
106284
120937
101165
115825
105778
121285
102990
103918
121754
118902
113157
104427
103870
122938
120231
119994
122809
95120
127306
99685
112253
121720
98939
118676
120352
105594
102708
105137
117367
101609
126216
114763
126438
108649
115361
105400
117366
113839
107884
113919
102696
119688
123283
115445
105354
97821
109100
106661
109447
124277
96176
119285
122243
115771
109230
115591
98472
110018
116416
127454
117114
116294
121279
99266
103090
118901
123699
123877
106569
111661
118797
105926
104659
123528
122521
98774
108814
113430
97966
120026
99771
120425
98856
102032
114604
121303
110999
125845
106015
112763
104761
120454
95050
99709
107046
126053
106295
113555
117707
106559
111826
105928
104857
115212
95553
103805
100606
126167
103795
111021
107413
106527
98812
109429
98714
100476
103712
103379
118944
113542
95021
102062
111238
125682
98575
114454
100519
119550
108830
116942
98129
124944
123450
101127
126329
100249
109850
96367
122028
110656
97249
110698
118089
99645
112626
114079
101102
106754
121350
105911
107824
97057
116860
95841
123023
124266
126960
105370
111528
123987
117262
117547
107693
124574
116392
115059
105235
106549
117511
101222
96650
101465
113535
113110
103474
121595
115526
121330
120588
118122
118407
120588
110767
116271
125617
108959
103740
102453
98581
96144
109971
106798
106416
100788
100039
121649
115781
113299
120272
102824
122288
115307
107392
120169
96118
99448
95417
117795
115616
115059
115420
104188
95946
119641
120964
101496
109175
120429
124533
117149
113063
123776
124111
122453
117676
114544
103560
104723
98617
107503
111896
112057
96188
99717
115318
95162
104173
96984
118596
120699
122023
108844
118598
105216
105208
121382
124441
102852
121972
106197
101922
99304
123598
107507
109508
115856
95145
105319
123094
100235
124843
122639
111700
113202
110547
110781
123476
123794
115981
113535
124988
118733
112132
113188
106803
101053
116536
124667
100053
126427
121168
104670
125483
116063
100785
110959
112858
118953
115023
114850
107162
106976
107971
98684
111338
106713
106655
103450
111363
111930
127230
104692
124938
121823
97119
102755
98697
109436
117683
108897
117792
101508
97716
118416
97400
108618
98169
112767
108153
119655
123463
116264
111805
96091
109995
119997
95300
114551
125125
127908
100457
101626
118247
104896
121620
95866
121951
114674
122162
120453
113808
99551
109410
109961
109128
114164
125681
121585
121165
104872
127753
127377
100409
112385
103973
109380
112008
120410
106440
114643
109296
100195
121455
107289
119537
96361
111044
126565
101548
117464
115988
96544
127480
102654
97795
124080
115635
121105
98175
106395
127062
125300
98546
107504
125132
102966
125372
95459
112517
112604
114912
106423
101830
97120
115965
115681
113475
107385
114817
124522
115695
109341
126489
103573
100371
104772
98668
104898
111261
99824
108552
117906
123323
127082
104092
112460
114089
117454
95849
106367
127432
122569
116467
110825
113647
126882
100348
118680
99845
114039
114610
120143
114128
118218
110888
114219
122632
105788
120579
100486
123824
106135
95862
117788
102054
109330
122480
117868
115832
116689
108307
100962
124537
124076
99689
104754
123924
96305
100178
113287
95841
105708
117697
99805
113142
103398
101160
106283
105216
118891
99377
114886
116626
127248
106671
105602
105532
117237
124628
120858
114400
123976
101028
108754
121793
104202
111529
119386
112861
105750
117481
101622
103293
117855
124181
104156
97290
119417
105731
95453
107554
105051
127582
108104
119531
114531
98461
118796
127911
111002
107057
107292
127625
126778
119811
98840
121799
96109
126237
109097
127217
121432
97959
123693
108673
100952
126998
97044
117683
119435
109472
102537
108183
104083
126707
127189
97892
114582
103462
101633
115215
96905
124656
117307
108828
109487
121368
110972
111797
113500
110892
115303
116473
106495
127606
126323
115862
117087
111916
96588
128154
119077
106471
120695
103046
103579
109398
109621
116388
105395
97588
101803
96411
127307
126839
114239
110657
118959
104395
124485
96432
117856
123710
102619
96668
119316
105021
126993
113380
110589
123071
109646
116326
98126
100032
115439
105496
104444
113905
112688
109653
127425
98734
106576
117876
104039
121392
115696
121247
100675
109572
123837
97762
116736
117435
122702
117635
116894
101860
115535
107154
104633
99127
99040
103616
98831
102675
122936
113525
120893
105771
116878
111644
119753
101244
108345
112322
106085
108930
128022
96991
128114
121259
98602
122483
98244
103180
117640
99157
118693
100690
119669
120520
102940
102652
114635
112464
127599
103368
118939
109764
114918
108907
124182
124579
116690
108677
104622
128171
127438
115668
113528
126376
107845
100264
109013
96395
96564
117655
116561
125883
108337
126065
106699
95920
122541
123511
96727
100797
122230
100295
117088
127021
127359
107291
125330
118930
116708
101043
98038
100186
109865
127888
121567
102307
107203
114915
122118
126545
126425
124869
104561
119645
99147
113448
114585
124271
128244
111630
105419
125872
115756
100857
103375
117209
114065
110498
99784
98961
115208
100333
96347
111605
106750
124701
124691
115320
124916
111684
110084
108013
117562
114430
121007
101602
101370
105823
120870
117296
98169
108074
124017
114896
105370
121668
101679
115184
109732
120936
114048
102726
104516
104987
112419
99237
119254
110819
116956
125902
123872
111796
115737
117128
111327
101547
95700
126707
122183
122623
108219
102425
122053
113972
124559
127174
117959
123025
108234
107674
96830
101077
125060
103772
106658
122662
98711
115601
96311
116554
113922
128333
96656
112921
121483
116554
96849
127026
111017
119863
100153
126958
97184
124498
106335
123282
100590
124729
111803
107209
124390
98813
103913
104529
111259
109433
107818
104692
111103
99554
98476
99514
119884
117919
98315
121949
114851
119130
109335
126205
106995
105303
101848
123925
113437
114692
101839
122798
99926
103378
107647
118482
123852
110148
107308
112196
105356
128069
123875
109934
112291
105663
101306
108443
127875
123753
115289
122214
121257
122337
99001
125554
110717
108282
125228
127836
122234
119895
107166
124910
126350
125497
123162
112022
118212
115093
96656
97814
96032
103530
102101
108156
102858
107601
126443
119381
119664
110422
98179
106270
105701
108294
127680
111611
105230
122313
99646
96684
126718
106098
101459
102076
106848
123413
107412
117755
124181
104472
107675
126255
126239
111757
117768
111111
121278
96447
110534
101200
98520
109067
125584
108651
103838
109298
106675
96511
127853
109164
115221
95979
102386
122238
109942
117887
120978
96014
104694
109291
98057
119287
123863
124151
96593
98649
112005
106997
112837
113458
101843
113908
121990
119091
109192
107575
123678
109516
124442
117990
106339
97162
127929
102146
128158
103586
105615
97694
105965
108750
123463
102221
99558
119639
109260
109271
125821
109427
121171
126000
126248
118994
96411
112042
105281
108148
121459
123241
112811
110525
118910
108311
121016
115659
123443
100826
124234
101127
107559
123523
118841
97018
103567
121353
127989
115811
106752
124981
124781
124806
113018
109214
117039
123590
103589
108504
116176
110454
100698
119529
122254
98541
106853
123644
109876
96728
117130
119642
114238
117717
115398
106389
107070
128317
112854
102406
122238
102720
107006
109178
124135
126520
117763
105257
111393
122423
113273
109032
112892
128482
113221
102303
109839
109955
118362
114684
97951
104537
121286
97129
126914
108083
109298
113980
105155
107325
117797
121390
124617
125465
113995
123663
110516
97329
97013
106424
107848
128076
128672
112192
107917
100192
123962
119411
104053
100263
98530
123263
99008
105973
112368
112113
97821
109897
115509
108512
103570
103586
114564
99688
117021
115476
112240
124763
124828
119322
107608
114226
110058
105006
100769
109386
102475
128407
127555
96845
105738
107907
104071
118509
115552
101717
96527
121561
98712
112704
108054
110569
114289
122133
96249
98972
119236
119897
99574
127173
98406
111771
105012
106625
126800
100612
124932
117612
119293
120368
115559
100885
120852
123196
106704
127919
106055
126241
109611
124425
108155
123456
107037
100800
105257
103486
118414
124595
123396
104977
119909
105655
115164
126043
107154
103564
106434
114167
113234
113936
104301
115410
109230
108723
127708
121085
124229
106283
116029
116736
118860
96105
109838
100976
113107
118219
98690
120260
102474
125587
126758
119908
99395
126104
116676
116227
96122
101435
100743
96815
122130
101021
123233
121126
126753
106767
109738
126700
122223
99530
114186
109722
121211
119521
125336
119801
107455
96371
105539
115023
97845
125733
98930
100217
108570
116175
98791
102970
116466
105846
101097
115411
123084
107131
99490
113364
117703
123409
121030
117041
112341
113652
123509
109976
110527
122969
115811
108034
117354
125472
125494
96905
118104
125265
112943
97145
100209
127430
111629
107945
111364
98853
103982
123148
100873
120594
109048
101763
126889
97954
122487
119285
119552
114706
122951
123298
110369
109497
113077
109492
117850
124731
114209
108823
108218
100864
115879
113803
105937
105956
128510
121080
119223
104496
111007
123393
119120
122570
118314
96987
97741
109992
112902
112480
116598
127114
112968
123743
108455
124137
121303
119863
97305
104490
114381
96420
108387
103960
125472
105176
105153
121745
111489
100558
109843
123263
128900
104155
123689
119819
115202
110726
101693
117261
128956
125849
122305
102598
115520
119160
122204
122833
117009
119474
122927
100695
124674
104662
122972
96899
99043
109192
123337
106549
109663
103891
115489
99323
103973
103617
106524
111933
109126
122921
108801
119479
114142
107721
103273
116780
108535
118420
100421
103513
114602
106061
111394
109353
99719
114005
120492
116775
97336
115650
100977
116024
128096
124080
99816
117130
118729
111836
105650
124104
98239
114543
118815
125584
115383
122135
104948
107046
124213
98652
119916
106090
100844
127538
123772
119303
113958
105930
99163
111598
120678
98990
122946
100355
127820
122381
121713
106517
96954
103507
106866
108820
102197
100349
128417
120958
119182
119468
120556
101915
117953
103544
123352
114154
100381
118150
103364
112219
99493
128477
119666
104126
108983
116597
123587
100860
124139
126609
105922
104837
98622
103503
109284
109705
96624
128894
98447
100203
117162
100271
123864
122739
99428
112271
115857
120515
110214
127860
105091
128140
108237
99637
108536
126337
105585
112191
116093
118924
121093
100069
105189
125888
123294
121336
125329
97680
111415
118680
117743
99902
106068
115273
101953
118166
99814
105034
99488
127195
99695
125730
98880
101634
115302
102267
120309
121118
126173
112435
126966
115996
111457
105393
103650
127152
110114
118389
115200
102031
99668
120307
108235
100319
120532
101538
120750
127979
106255
128592
105996
112668
108832
98232
100739
123941
117304
121942
108146
106109
126019
128634
97720
111890
109512
107932
115135
108092
101649
106223
117946
112111
101517
119864
119850
123702
102002
111841
128423
119260
127398
99657
98525
97388
117216
114783
107221
115293
99595
112495
120438
108166
98283
123964
114251
119256
118274
106830
117638
110155
112821
113805
120389
110105
113067
104463
101141
103211
128118
118063
119220
117456
127861
99807
102684
111029
109560
98367
128188
119826
101798
127086
104201
97825
106780
111775
111925
110804
96727
102256
118846
118471
98132
121976
122667
103796
119157
127775
128659
112294
117799
109491
100702
108080
126530
113336
108239
126942
108465
120447
121283
108972
119506
121594
101683
120374
122143
122830
104960
117616
123663
128170
123376
127383
115511
128983
105459
126567
126133
113425
112044
102543
126158
125590
126508
102242
98262
125564
101889
127695
108880
106055
122991
112531
104279
118459
119293
99245
120125
106991
120884
98066
102769
121251
100003
107683
96934
117715
128294
106332
129073
117133
121704
100302
115123
124927
99751
103887
104953
122836
100023
105072
110880
128705
117578
120367
127485
108378
127598
98158
114364
97067
102231
101668
123078
117508
112735
104915
110569
121236
100171
127674
111795
97337
126672
108363
117278
116247
100694
109791
98931
125288
115963
125609
119656
115474
102619
115176
118155
115839
126863
124513
123620
110505
103155
105229
98518
121204
124204
108303
98631
124481
107242
104168
112385
111808
125675
105966
104791
125701
124609
109563
119563
121311
127188
101218
112751
109157
121770
105255
125131
100817
114278
96623
106239
116626
125583
111157
128361
104860
126739
116287
106761
97027
117900
106064
124899
121032
114369
114336
120485
98547
114544
118409
96650
100321
108107
116867
105598
104416
100928
124498
120451
122617
116733
105854
123987
102157
119220
114692
104007
107556
109595
103755
120183
124161
113848
98137
99363
119290
118107
98375
114002
128518
125164
111602
112568
118296
128358
102900
118749
113323
110372
101331
97660
110494
125276
121719
112681
104003
112617
103906
102199
103859
124493
120347
129241
111972
122870
103531
105607
101885
126400
97740
105636
97384
126140
122783
107357
101161
123440
97181
112340
99823
102622
120848
104574
125801
127881
122947
111561
110939
114870
125239
122883
102129
121776
126615
129399
115027
120526
105454
103897
97913
125688
128536
120804
100929
100456
112887
108097
106943
124078
114023
117163
110804
109047
97139
112209
99842
109454
97481
99451
129150
115619
119659
121969
111751
114252
125096
121241
106999
128457
112715
108767
104728
99340
117778
124505
121272
109945
101217
97835
129152
125162
111416
103593
112257
108790
100963
113084
128784
117363
108016
125831
116692
117817
119270
109642
110365
111657
127540
110470
111735
116078
126952
123490
120704
125955
100001
119629
125174
98677
99911
113893
129556
118507
122105
112663
120351
127075
97607
121224
113212
97598
128162
114228
114564
104959
116240
117590
109402
120656
122149
107911
104956
98886
109870
107305
112473
117221
118959
114182
129571
122343
113936
116789
103716
125625
122515
124990
103125
104135
110729
106621
118573
124153
107974
124364
115639
106621
128338
100700
121319
112072
106337
129508
112558
105687
114309
106494
113228
112827
129315
121293
103270
118868
108324
121316
113752
99421
98284
126307
111564
124584
124048
126307
113036
104107
105027
122773
97428
100156
100626
100901
126828
119193
119506
98021
112308
113067
120406
123303
124416
116620
127717
126442
98023
105030
106474
98234
124503
120798
109806
107473
115755
122513
114116
127746
98560
105309
120579
113880
120388
108995
102074
116090
107663
106700
111966
105169
99383
110922
101127
115949
115743
129376
120028
120229
117455
110916
124620
105342
101834
103748
128384
97231
103195
110855
115853
112674
110898
126998
99565
107228
98542
104346
128944
100129
112123
101736
108783
116722
119134
102458
120578
129688
123470
116031
121330
98374
117062
114391
106289
123642
110936
123031
101769
129444
111556
115860
124243
104330
121289
99806
127209
117483
127163
103498
104798
126690
123990
128373
111468
103566
103250
104197
104621
100208
119351
103986
123150
127252
102515
106630
118914
122868
119722
119264
118003
112025
97613
111551
127102
114691
101998
115133
101343
98891
122323
104282
109866
127111
128073
109307
97981
107246
99130
113203
103026
115773
108930
117568
126233
114521
129663
124889
124453
127029
97127
128295
110501
121846
101087
118033
105078
111701
124617
97468
125623
109125
115805
117842
118910
119766
110203
128003
121033
108890
106047
107082
125624
122310
98775
112498
107769
104027
107921
121432
110467
116101
111416
117362
120199
109827
113569
103184
97187
117576
97921
99298
116314
112673
124033
103099
99521
111769
122773
101012
111482
127514
107913
109524
109542
120020
129245
106959
119703
111970
127954
127372
122884
124331
100805
116171
98945
97543
111292
113734
102510
110500
128319
104504
97198
111911
115305
97820
110427
98966
120894
105655
107703
121717
106047
124760
115814
97839
110652
116063
124891
126904
101226
121596
102161
109169
102837
118585
106107
111692
120663
111419
112957
122928
126634
126660
101276
114335
108090
120317
104883
98710
126239
117875
124520
120756
119178
104799
99999
98975
118173
119082
128174
109732
120448
129072
112656
115101
123313
115397
111965
118552
119963
104053
113273
110517
103019
110736
105228
99792
105503
103911
127283
117088
128735
110544
120438
126239
117905
113264
108793
122604
129704
124985
110838
124781
99132
122545
113258
109816
103520
127093
128783
122292
104880
112766
113803
115963
101417
129700
127719
118787
128062
126304
116546
116158
119335
118998
128711
112126
123005
128787
116188
123869
124164
106899
128924
110428
99272
120838
121224
115274
116843
105555
112505
99432
121277
106462
117722
105162
101261
122375
98323
128640
115391
114675
102728
112246
122783
109966
126276
123033
107125
110544
121776
112187
114266
100416
116617
108473
101961
123319
113873
109403
106617
97895
126596
129915
101354
100123
121037
98282
115774
122816
119674
124559
122827
107813
108718
110417
99310
112639
99285
110392
125858
129328
117981
118478
113745
105289
115620
100300
105706
109901
126892
124402
115507
115384
112662
102199
125793
122047
112590
104226
126438
129242
107011
106872
124810
125056
117466
104471
108477
120369
108643
129058
121131
105402
122828
129630
104594
118197
111316
105180
126416
106575
123267
115673
121665
100686
119832
106466
128839
115538
106820
120636
115754
104026
115861
113794
113187
100747
104757
109712
112563
123437
126164
107936
117817
103415
114403
121267
102596
99980
98307
114739
99110
119877
124349
125654
104266
124465
108147
106949
127687
102746
110998
101118
100020
104778
112666
123126
129983
113614
104743
97411
107641
109050
100114
112122
125428
103021
129163
123284
124560
106711
113176
125719
107282
104120
111554
119986
109046
123242
112397
105768
124167
119137
125230
119089
129324
120498
105849
117789
103557
124626
111641
125882
123574
126880
119043
113528
105347
129958
98093
121547
122782
125852
103418
107217
120764
125230
124665
118581
117230
128768
111056
110163
104751
115182
109683
105628
123705
104344
113050
118588
110750
108062
112497
111099
125715
125224
116881
121953
101903
124970
108847
123422
116117
109030
124051
98985
126797
98610
97996
130086
111066
104187
124579
99725
106088
120202
115661
111625
102532
104710
128357
118686
114737
117050
119961
121615
113208
114841
102307
119551
111295
107647
110843
125014
124445
103098
108234
113126
130029
116809
122530
119119
106593
107875
117101
124703
116698
111292
121764
111166
118965
101379
122306
116362
128871
119727
106743
116414
118988
103419
125984
126360
114364
110895
111863
111163
103136
119074
129415
101330
119747
121853
118244
104566
120876
129601
127512
109394
109740
111628
99424
99844
128883
103832
107417
115015
118375
97540
103925
108751
111480
128343
116722
102005
109357
115394
112525
120980
106883
99365
106418
118707
102648
101845
129016
126820
106467
123293
105611
114283
108550
124930
111209
127523
121958
118475
105426
123166
98651
110785
102649
100620
125667
125620
110848
109534
111931
115134
106275
116779
125873
114380
98356
127186
102836
123737
126023
116705
115245
105341
108718
106677
121106
102695
114216
101731
121655
115878
114517
121687
102504
101999
119661
115515
99254
126490
121138
118811
122382
117421
112163
115142
118544
100381
108019
126583
129053
103954
106041
124852
101810
121835
105065
124535
107253
108034
123907
115340
119694
129073
109322
129338
114616
125333
99000
100133
102040
126353
104048
104819
125645
110102
109300
121390
109896
121634
114648
121833
109150
103303
124215
125095
120091
117486
104868
112632
109786
119067
115811
118885
108818
122483
106458
104462
104307
117179
108610
120978
106546
117538
123554
113199
124065
127106
102398
129579
125954
108259
106699
122994
119453
130369
130215
112768
126736
99471
127559
119169
123367
127227
123825
117175
115564
122996
98987
108829
123840
125545
110963
102218
119083
122068
121776
129175
104625
117368
121769
122500
128230
118374
114613
112472
122627
108742
99314
104712
112184
104660
103482
99162
127300
104489
109139
103754
101956
121660
121958
111021
111816
113448
126899
120596
114220
126128
115586
110323
104486
108672
125021
104451
112027
108725
112508
110564
98743
106400
97921
106503
100668
101319
103270
111051
118298
101677
124083
126438
129345
106452
121332
117511
122547
122751
104554
110522
100317
112828
98305
117643
112679
109346
128130
101230
106442
98520
116490
109918
110817
106327
119739
112453
117444
120176
108465
120092
110481
117392
115511
123475
129035
127811
117819
107123
129448
110327
115968
126210
119525
127747
105235
118951
102877
108263
107136
127374
108826
103893
119109
108302
108203
104817
118535
105609
123254
123350
109828
129428
102608
98009
121417
120152
98891
102033
108581
129336
123343
111895
127709
112309
116717
115082
115361
119950
98927
107606
129215
120619
117556
105142
122135
108603
123195
111480
106447
123293
112637
102657
107336
114556
110848
101520
107088
130495
103337
106183
99993
107680
112466
110951
99177
100506
103324
114267
116884
98697
109318
122872
123304
105741
99263
112259
103783
118831
107193
116467
121210
126023
113919
112377
110179
121629
103240
100926
128948
124494
109516
115948
107646
101873
122454
104303
113677
111227
124571
128893
107218
103904
127178
117331
109473
129019
119908
99394
117021
119344
127310
123243
127856
128592
123685
105415
103999
103612
98001
115306
105180
126414
118365
103944
123582
111220
98053
102072
116271
120862
128401
126712
125765
123867
130274
100337
100627
127166
115403
103165
125728
128391
104226
115815
117017
101759
106774
129906
116418
116900
97986
111516
110642
116486
99075
105251
116288
107377
99719
127689
110393
127308
129319
105172
122836
119233
113783
127322
102503
123935
120987
124347
103002
103804
107100
124271
104924
103326
127355
99842
118742
124700
123460
102492
114717
129216
120167
119110
129004
99888
107012
119594
125073
117197
110085
124186
123494
121308
123056
103188
113667
99044
107388
127877
129458
106838
124196
126475
100644
114291
119547
122751
124258
128107
113791
114483
112389
122306
120112
108920
115882
103416
116899
127844
116641
98665
120018
109522
129253
100978
122550
109993
125521
119253
111896
108386
98320
105567
128420
113604
106070
104392
116799
106482
122701
100570
124058
121512
124243
107733
103943
100546
105826
104979
110988
117502
99791
101352
111158
114946
118072
99788
126896
112033
122296
108988
107284
122970
108636
105949
110081
122913
115931
130403
120814
119651
113025
118961
128446
110916
98157
118977
110484
116779
104188
129479
121064
99712
114821
110865
102107
125620
109895
98866
102599
119682
113823
112479
100123
127349
104831
119065
109670
106667
117787
106765
101553
129496
103397
101432
118546
116109
105916
112718
114046
111803
125536
108637
130783
98931
129322
101549
112486
123631
101114
117228
99107
123862
102768
129927
130771
106940
106079
128347
119545
128744
124798
100493
128304
100187
111201
102326
103359
118286
113832
99908
122734
102266
128119
110365
108440
120157
103718
102021
130178
120764
130105
113473
117739
128804
117394
117500
109540
109622
108005
122347
116706
102499
110189
101805
107538
123891
130269
115573
109292
111948
113818
113002
112907
101745
112167
109390
105276
116169
122336
129630
111317
125730
113388
116858
111688
119285
113261
118406
111607
114667
115449
127504
128330
118433
105550
122419
110591
125864
130881
107451
114626
104913
123384
107657
127486
120743
119897
118330
124402
118588
98498
124931
111367
111401
107771
128991
117089
126160
104297
99053
114868
98276
109700
109843
100697
116524
102539
130024
111521
126595
125302
114897
115049
118308
120108
126570
112110
101156
104438
122151
120803
106816
102195
115515
121281
113113
113742
123832
121951
128061
130030
112888
98242
99112
114028
106045
128566
115595
118410
113812
118173
110731
102242
114431
123656
121037
107164
102866
111748
112881
126436
110942
99639
106332
130715
117709
100267
130363
108237
113229
98921
116932
124516
103793
107210
119999
128155
125139
127498
115014
130485
117247
106654
125385
125166
120460
105415
128085
113330
122252
106856
124437
124685
112679
116245
123161
108643
103810
106860
126806
110177
114150
103592
130798
112947
102686
122739
127922
128247
115744
128764
127461
108914
106992
119626
116291
102914
119746
108240
102210
127444
128095
111681
101272
112727
127689
112293
111101
117233
100386
102317
128562
114928
115914
110659
122690
113347
129224
126822
119560
99690
129899
115509
113393
114987
103984
102473
124420
117383
104167
99144
117791
98412
118034
108727
104067
113324
128654
112400
102802
99502
122741
114453
125912
127076
112962
112227
124489
103804
126262
102474
121289
102619
126459
121052
112114
104519
117896
99908
122129
128611
103492
128090
98673
99041
111214
114292
124893
125683
126140
125822
111456
122370
109378
106573
106063
127651
104854
117808
115849
120775
123698
99272
123646
108081
102169
130586
110702
124462
114366
124899
111475
105856
119841
98603
113090
129435
115515
112925
119982
125460
103068
113686
130798
114518
118611
108540
118687
106903
129038
121553
122509
128010
107394
102280
114094
129110
124429
113943
109551
116296
113306
125901
124211
125892
127686
128230
111513
116994
127553
122973
108030
130295
113014
120065
102340
128528
99182
118475
112081
129830
129777
102255
117978
114863
117487
130353
109793
122417
101919
123898
122364
112637
123366
117931
123481
110873
106618
122545
123263
113022
99911
131034
104662
101507
116370
108134
111978
111514
119644
102754
129772
106810
121993
121649
121850
129052
117313
105068
124831
119466
112279
99564
110622
106165
109160
117028
102123
123238
106886
102836
125435
128887
104982
124732
122429
107938
111415
124014
127849
101722
106213
127080
113912
121274
125724
127808
101491
112827
124480
112864
104689
128169
107196
128532
114652
115160
122346
107489
115443
103571
118323
107801
108437
103253
105591
125484
105276
129340
101550
100161
98632
130234
104912
127109
101886
102030
100595
118979
103120
99570
112563
110134
122846
100118
109015
119195
122558
117966
105010
107401
117368
99975
103110
128005
108757
98688
118832
122962
125146
121911
128064
117510
117391
122657
117735
105059
128005
118173
109654
110819
120726
115499
109412
119829
118639
127193
112432
128424
102988
118527
119048
103109
124291
104236
126858
105891
110660
105056
117769
107861
119839
116604
106291
110566
126662
128502
102640
129703
125205
116945
122765
103624
128847
114125
98841
100390
126635
113883
117263
99428
103439
113619
116790
114749
116763
117353
129222
99608
111721
105054
129740
104669
122387
120819
120527
129544
115062
124579
104628
107004
121654
120337
114911
115097
115331
107328
118939
109584
112794
104962
128444
123894
119182
125619
104835
130712
105032
116774
120513
119183
122828
106976
105279
106132
129983
118404
129118
110997
117286
113295
124667
107784
109681
126789
98965
114815
114104
99820
130994
107900
105540
121655
123262
114311
126033
104197
111286
107647
129042
121932
116164
126510
102646
111951
114732
106015
103978
102424
128294
107188
115807
122658
119692
105587
111309
111190
125687
122529
106872
121912
117798
122386
130226
128867
116895
98879
113121
122931
120216
101529
127362
128705
103959
100893
121454
113940
118873
99113
100956
107925
119409
122254
106408
107972
100913
107750
112723
123178
119885
109864
121418
131214
116414
115577
110827
100716
129637
123205
115653
117155
104433
103823
101023
109422
109570
104581
99004
99733
99982
114008
108894
113637
108933
112202
130953
115677
101040
122633
129801
123306
109791
131387
100535
110934
119875
116570
99319
118844
121369
119234
116613
113343
123784
107016
113522
111163
131021
118926
99433
114492
127381
114772
112695
107502
108458
115985
113546
119509
108754
126851
109817
114110
128757
128003
131397
102646
109949
122716
111839
110265
122626
101853
112298
130797
128551
104621
126977
124689
105919
109919
101884
130672
128053
99270
126959
119450
101930
124427
122676
118804
101471
130812
128043
107343
116950
123559
117886
107991
122676
99624
128682
109517
103530
103359
112315
116119
123284
123942
100438
117206
108065
126497
131581
113560
116021
99158
130447
123088
111179
112991
109070
105731
110879
113182
125605
123971
117963
126544
108266
121441
117296
112229
127072
127583
104855
107920
106816
107044
101272
127770
120953
130675
118076
103931
128757
119582
126814
114347
131614
101239
130391
107318
102305
130824
124634
119183
106097
128644
114972
130086
131344
130301
107320
128188
113930
119126
106963
117110
99266
101372
110075
112689
108656
117969
121685
125974
112491
99689
119160
113006
103076
111481
126100
117687
112499
106380
119127
129527
102807
127992
129041
111952
130936
114705
127766
116181
125870
113564
128100
117148
106439
122503
120453
109076
111685
106711
109751
129945
115175
128737
106059
129862
112682
122301
102731
106251
130318
101368
125023
125951
113181
105097
120817
100087
129706
113158
104080
111447
130903
116760
126098
111656
125658
121133
124670
115563
109568
100972
111017
103341
116977
110574
122014
102364
126903
111403
102595
118105
126970
112050
128954
123982
131597
117790
121606
107074
130863
124229
114287
117483
126730
111026
129447
121667
102016
106326
103725
99038
111527
114042
126578
116602
111378
105720
124731
100056
109139
131243
107590
117450
119741
127524
106288
107406
116591
102046
102294
130138
118158
106548
126843
106040
107985
120658
106217
120084
124995
112746
125659
125715
123716
102888
129883
126503
105169
101991
126184
127969
118022
112421
104730
118662
106465
129716
119433
126564
121929
101363
104426
118374
121423
109885
131707
115431
131763
113632
127906
129988
100778
102353
116176
131765
116446
99230
99500
107229
118455
112803
127086
126623
110809
125825
118920
120756
131054
126156
121228
101754
100005
102916
109130
103823
118266
111303
107576
119455
121017
99908
107288
126330
112701
128243
120788
119914
122494
111236
117421
115907
119115
111637
116884
103099
107219
120487
114648
107388
119658
117203
118786
118136
131210
103097
102654
103165
99608
113466
120187
125705
126697
131431
126099
101471
126341
105272
108207
126682
106027
123522
106917
128770
121109
130339
106532
131037
123900
120191
127058
112392
110047
128817
107955
130821
129025
107514
109133
117719
102449
111869
125706
110028
131149
105519
107357
130715
120585
104969
101416
124078
126445
129920
127454
106689
118941
128054
128485
121260
108893
125170
130878
121469
120532
114254
106087
128714
102160
130991
125056
100678
111563
127610
101806
114833
113645
125317
110269
110165
120402
126156
112137
117902
109004
100710
112542
126249
120428
122295
105630
116689
105469
112102
105955
104966
117202
117905
119270
101743
121794
99264
119263
120945
125040
109080
113198
118016
115920
106578
100858
117173
131302
127723
108056
114977
106961
113692
131886
117602
113929
123404
113432
128499
121061
99653
102794
116169
112224
111460
109559
106395
124956
111125
131250
100993
121511
128575
115028
131264
111102
105340
115805
115428
106575
126924
111134
123152
104963
124810
129238
126611
101116
101791
117787
103355
127259
115701
111483
127470
131078
124975
126052
101878
111144
110743
107329
111773
125689
120151
116710
101754
102015
121325
131374
118794
111125
101081
132066
118531
117355
131992
119005
118244
129742
118998
106094
120017
125353
131808
127230
128670
114252
115800
108275
113962
109549
117036
130004
110574
110060
109000
116397
108757
121180
130699
128949
125774
124862
118648
104750
111008
122639
109615
120717
107647
129798
131099
120027
127196
113559
128748
117595
126977
113851
99656
115565
103900
113523
125373
123058
104859
125962
113147
100977
101498
99739
118848
127801
119513
108244
109843
115656
111506
129017
106805
126252
127369
110124
119765
124456
107397
119787
129283
120793
114238
129754
117863
130457
99511
113347
107571
113700
119501
106971
110678
111610
128528
129607
113139
119556
100563
100574
128785
108921
131967
108849
116372
99843
129069
125640
125036
105758
109683
103343
99852
114625
99709
109618
106269
124225
129632
128996
110196
101490
131244
131046
105282
112655
108352
103013
117387
100956
119651
121701
124122
115721
119824
129725
107570
109146
114576
113507
114247
104581
118607
118762
114414
114780
110056
112713
124627
122411
125826
111838
123498
123876
101471
125619
126248
122745
124338
105727
111858
106634
113841
106480
102870
123200
121836
125095
124409
128633
103133
122501
113104
117541
119744
119205
125075
109295
123813
113321
127215
106529
118979
108474
114172
125121
107279
129738
130158
116480
129805
122140
118799
110806
103142
101383
130413
107238
120252
123639
121807
105127
131386
116404
107374
129989
99695
120295
125922
124101
104156
131802
126683
112361
108235
129663
123665
120147
112099
130228
131966
122732
111866
100805
104138
125575
124970
100658
101127
130754
131111
118195
129438
121645
122319
105082
108425
116015
111619
101816
120259
124709
129974
103522
128509
131659
126531
117557
104339
128992
129540
127224
106686
126341
124192
118273
108555
102631
103076
111866
131596
114333
105942
131301
120653
102484
114630
111710
120457
103977
111397
106016
120606
114518
100954
108235
131007
112145
109523
109541
116073
111281
125081
101406
120472
100883
123176
116952
116410
129852
109693
123110
101860
131135
128368
116884
110788
108129
131652
107240
107735
110972
121469
106536
115931
102049
130801
107932
125320
121345
124962
107157
129659
130062
114379
112303
101235
106973
131769
101714
121279
103631
103388
103039
114167
111984
119198
124105
124395
105887
115827
108705
125657
110064
99762
106711
104419
100942
121251
110686
128191
117221
110553
108880
125105
122431
130498
101681
100790
128428
108412
107128
125954
122088
125674
131915
99757
107512
131336
100747
129706
100949
125307
113680
124152
128588
103533
106806
126236
129957
122519
105112
116430
112003
103327
110107
124403
128907
125605
122927
131019
105032
110873
131921
109676
124622
104399
106708
113775
124318
120405
122594
104169
103626
104580
100286
111517
117082
125525
104011
99695
114669
103926
125906
125212
106660
108573
103168
125993
129595
102045
111662
131097
129145
132407
106214
126435
121291
115890
101538
105891
124972
108589
131286
99984
129351
113845
125489
121646
113120
126739
125216
116165
116848
117735
122773
117009
123663
99835
110086
104763
109719
112337
115128
131336
118023
101758
120893
108369
127269
122811
105532
116915
126312
119098
130928
113031
100372
132406
128499
115732
110247
101966
128701
112388
105076
102547
124263
112661
108686
117216
117045
110353
125159
128106
128340
122112
108729
112535
99936
127900
130085
105236
121130
114949
101147
110626
122551
115638
107897
124208
127372
113336
123511
112559
102440
99861
118594
112674
106707
125840
127207
103540
107158
103315
105843
105615
126859
119401
127064
128298
128087
102829
122387
126178
131316
126467
109324
108429
104116
122118
117182
103371
120706
126849
123927
122589
129643
132065
103458
121531
125278
130282
102371
100960
126000
118954
117891
116841
132323
132011
122029
113630
123176
124013
101943
102224
132386
105235
101125
106020
103277
123229
131370
101422
120415
128726
104017
129922
126606
107855
109148
119942
117394
125323
109898
119884
117772
103484
101470
120095
114151
128814
129661
132444
131037
127683
104409
131204
101181
128927
113868
130702
111852
118948
125958
101762
118954
117025
110571
100675
104855
131910
124727
116140
132086
103132
115940
106207
121904
110643
100173
123866
120604
104283
109203
118604
128893
124822
105024
131750
126157
104206
108074
112500
118585
118468
114331
105198
122092
115401
113582
100298
105616
121520
111612
102997
100626
114243
108152
105154
109222
105077
129944
121282
114956
111256
106934
105301
123665
102864
116917
105439
112472
127176
131303
113534
109146
107427
114990
129947
116140
107574
104546
129727
101505
101492
101875
123560
131439
103721
128464
130205
113014
126188
113543
122878
106558
129870
125101
126751
119200
123992
125568
104022
109672
122933
121547
131411
131673
113451
118794
113328
100722
102864
129231
125385
127600
105850
132708
107214
116884
107767
109234
130327
130726
124286
109921
123831
118074
100326
121921
119891
116274
128534
